species_id	median_abundance	mean_abundance	median_coverage	mean_coverage	sample_counts
102506	0.088	0.106	47.496	76.846	452
100196	0.061	0.098	33.311	67.004	449
101346	0.038	0.078	23.507	58.687	453
100099	0.041	0.050	23.326	37.645	456
102438	0.018	0.045	10.172	31.857	441
100120	0.013	0.052	6.175	46.305	316
102478	0.008	0.013	4.149	9.687	374
100146	0.007	0.008	3.312	5.607	366
103439	0.011	0.013	2.060	10.240	272
102320	0.009	0.040	2.005	37.211	275
102515	0.009	0.011	1.503	3.759	289
100044	0.002	0.003	1.064	2.516	266
102544	0.002	0.003	0.972	2.401	254
101059	0.001	0.074	0.732	59.936	258
100150	0.001	0.005	0.400	3.174	231
100198	0.001	0.002	0.351	1.761	201
102279	0.001	0.004	0.319	2.561	207
101294	0.001	0.006	0.092	4.503	228
104644	0.000	0.000	0.000	0.003	1
104642	0.000	0.000	0.000	0.005	1
104639	0.000	0.000	0.000	0.046	1
104628	0.000	0.000	0.000	0.000	0
104625	0.000	0.000	0.000	0.000	0
104619	0.000	0.000	0.000	0.000	0
104618	0.000	0.000	0.000	0.051	8
104608	0.000	0.000	0.000	0.000	0
104607	0.000	0.000	0.000	0.000	0
104603	0.000	0.000	0.000	0.000	0
104602	0.000	0.000	0.000	0.000	0
104601	0.000	0.000	0.000	0.000	0
104597	0.000	0.000	0.000	0.000	0
104593	0.000	0.000	0.000	0.052	4
104591	0.000	0.000	0.000	0.000	0
104590	0.000	0.000	0.000	0.000	0
104583	0.000	0.000	0.000	0.000	0
104582	0.000	0.000	0.000	0.000	0
104581	0.000	0.000	0.000	0.012	1
104580	0.000	0.000	0.000	0.003	1
104579	0.000	0.000	0.000	0.000	0
104578	0.000	0.000	0.000	0.000	0
104557	0.000	0.000	0.000	0.014	2
104553	0.000	0.000	0.000	0.000	0
104552	0.000	0.000	0.000	0.442	32
104550	0.000	0.000	0.000	0.000	0
104549	0.000	0.000	0.000	0.000	0
104548	0.000	0.000	0.000	0.000	0
104547	0.000	0.000	0.000	0.000	0
104542	0.000	0.000	0.000	0.000	0
104534	0.000	0.000	0.000	0.012	1
104533	0.000	0.000	0.000	0.001	0
104526	0.000	0.000	0.000	0.143	6
104524	0.000	0.000	0.000	0.000	0
104522	0.000	0.000	0.000	0.000	0
104519	0.000	0.000	0.000	0.014	1
104518	0.000	0.000	0.000	0.009	2
104514	0.000	0.000	0.000	0.000	0
104506	0.000	0.000	0.000	0.000	0
104505	0.000	0.000	0.000	0.000	0
104500	0.000	0.000	0.000	0.000	0
104498	0.000	0.000	0.000	0.018	1
104497	0.000	0.000	0.000	0.000	0
104494	0.000	0.000	0.000	0.074	3
104490	0.000	0.000	0.000	0.023	1
104489	0.000	0.000	0.000	0.001	0
104488	0.000	0.000	0.000	0.008	1
104481	0.000	0.000	0.000	0.003	1
104480	0.000	0.000	0.000	0.000	0
104467	0.000	0.000	0.000	0.000	0
104466	0.000	0.000	0.000	0.000	0
104463	0.000	0.000	0.000	0.012	2
104453	0.000	0.000	0.000	0.010	1
104452	0.000	0.000	0.000	0.004	1
104450	0.000	0.000	0.000	0.000	0
104449	0.000	0.000	0.000	0.000	0
104442	0.000	0.000	0.000	0.000	0
104440	0.000	0.000	0.000	0.000	0
104436	0.000	0.000	0.000	0.001	0
104433	0.000	0.000	0.000	0.007	2
104431	0.000	0.000	0.000	0.014	1
104427	0.000	0.000	0.000	0.000	0
104422	0.000	0.000	0.000	0.000	0
104421	0.000	0.000	0.000	0.000	0
104415	0.000	0.000	0.000	0.000	0
104408	0.000	0.000	0.000	0.000	0
104407	0.000	0.000	0.000	0.000	0
104404	0.000	0.000	0.000	0.047	1
104403	0.000	0.000	0.000	0.000	0
104399	0.000	0.000	0.000	0.000	0
104398	0.000	0.000	0.000	0.000	0
104396	0.000	0.000	0.000	0.000	0
104389	0.000	0.000	0.000	0.008	1
104388	0.000	0.000	0.000	0.005	1
104387	0.000	0.000	0.000	0.000	0
104386	0.000	0.000	0.000	0.000	0
104383	0.000	0.000	0.000	0.000	0
104378	0.000	0.000	0.000	0.000	0
104373	0.000	0.000	0.000	0.000	0
104368	0.000	0.000	0.000	0.000	0
104367	0.000	0.000	0.000	0.000	0
104366	0.000	0.000	0.000	0.000	0
104364	0.000	0.000	0.000	0.000	0
104363	0.000	0.000	0.000	0.000	0
104358	0.000	0.000	0.000	0.000	0
104356	0.000	0.000	0.000	0.000	0
104355	0.000	0.000	0.000	0.000	0
104353	0.000	0.000	0.000	0.000	0
104352	0.000	0.000	0.000	0.002	1
104350	0.000	0.000	0.000	0.000	0
104349	0.000	0.000	0.000	0.000	0
104346	0.000	0.000	0.000	0.000	0
104345	0.000	0.000	0.000	0.032	3
104344	0.000	0.000	0.000	0.000	0
104342	0.000	0.000	0.000	0.000	0
104341	0.000	0.000	0.000	0.005	0
104336	0.000	0.000	0.000	0.007	1
104335	0.000	0.000	0.000	0.000	0
104332	0.000	0.000	0.000	0.000	0
104331	0.000	0.000	0.000	0.000	0
104328	0.000	0.000	0.000	0.000	0
104326	0.000	0.000	0.000	0.000	0
104325	0.000	0.000	0.000	0.000	0
104324	0.000	0.000	0.000	0.000	0
104321	0.000	0.002	0.000	0.000	0
104320	0.000	0.000	0.000	0.000	0
104319	0.000	0.000	0.000	0.005	1
104318	0.000	0.000	0.000	0.000	0
104317	0.000	0.000	0.000	0.026	5
104316	0.000	0.000	0.000	0.009	1
104308	0.000	0.000	0.000	0.000	0
104307	0.000	0.000	0.000	0.000	0
104305	0.000	0.000	0.000	0.000	0
104297	0.000	0.000	0.000	0.000	0
104296	0.000	0.000	0.000	0.027	5
104294	0.000	0.000	0.000	0.000	0
104286	0.000	0.000	0.000	0.000	0
104285	0.000	0.001	0.000	0.332	62
104280	0.000	0.000	0.000	0.000	0
104279	0.000	0.000	0.000	0.000	0
104277	0.000	0.000	0.000	0.000	0
104276	0.000	0.000	0.000	0.000	0
104271	0.000	0.000	0.000	0.000	0
104269	0.000	0.000	0.000	0.010	3
104267	0.000	0.000	0.000	0.000	0
104266	0.000	0.001	0.000	0.167	4
104263	0.000	0.000	0.000	0.000	0
104262	0.000	0.000	0.000	0.001	0
104260	0.000	0.000	0.000	0.018	1
104259	0.000	0.000	0.000	0.098	15
104258	0.000	0.000	0.000	0.000	0
104254	0.000	0.000	0.000	0.033	2
104253	0.000	0.000	0.000	0.000	0
104252	0.000	0.000	0.000	0.022	4
104250	0.000	0.000	0.000	0.023	2
104245	0.000	0.000	0.000	0.002	0
104242	0.000	0.000	0.000	0.000	0
104240	0.000	0.000	0.000	0.000	0
104239	0.000	0.000	0.000	0.000	0
104238	0.000	0.000	0.000	0.000	0
104237	0.000	0.000	0.000	0.007	1
104236	0.000	0.000	0.000	0.009	0
104235	0.000	0.000	0.000	0.001	0
104234	0.000	0.000	0.000	0.002	0
104232	0.000	0.000	0.000	0.000	0
104231	0.000	0.000	0.000	0.000	0
104227	0.000	0.000	0.000	0.000	0
104223	0.000	0.000	0.000	0.000	0
104222	0.000	0.000	0.000	0.001	0
104221	0.000	0.000	0.000	0.000	0
104220	0.000	0.000	0.000	0.000	0
104209	0.000	0.000	0.000	0.000	0
104207	0.000	0.000	0.000	0.007	1
104196	0.000	0.000	0.000	0.087	4
104191	0.000	0.000	0.000	0.003	1
104186	0.000	0.000	0.000	0.000	0
104181	0.000	0.000	0.000	0.000	0
104180	0.000	0.000	0.000	0.000	0
104178	0.000	0.000	0.000	0.000	0
104172	0.000	0.000	0.000	0.014	1
104171	0.000	0.000	0.000	0.006	1
104165	0.000	0.000	0.000	0.000	0
104163	0.000	0.000	0.000	0.009	2
104162	0.000	0.000	0.000	0.001	0
104161	0.000	0.000	0.000	0.000	0
104158	0.000	0.001	0.000	0.152	9
104157	0.000	0.000	0.000	0.001	0
104156	0.000	0.000	0.000	0.000	0
104153	0.000	0.000	0.000	0.003	0
104152	0.000	0.000	0.000	0.000	0
104148	0.000	0.000	0.000	0.000	0
104147	0.000	0.000	0.000	0.001	0
104145	0.000	0.000	0.000	0.002	1
104141	0.000	0.000	0.000	0.000	0
104140	0.000	0.000	0.000	0.011	1
104138	0.000	0.000	0.000	0.008	1
104137	0.000	0.000	0.000	0.023	1
104136	0.000	0.000	0.000	0.000	0
104132	0.000	0.000	0.000	0.000	0
104130	0.000	0.000	0.000	0.012	3
104129	0.000	0.000	0.000	0.010	2
104122	0.000	0.000	0.000	0.006	2
104121	0.000	0.000	0.000	0.000	0
104120	0.000	0.000	0.000	0.000	0
104117	0.000	0.000	0.000	0.037	2
104116	0.000	0.000	0.000	0.000	0
104115	0.000	0.000	0.000	0.012	1
104114	0.000	0.000	0.000	0.004	1
104113	0.000	0.000	0.000	0.001	0
104111	0.000	0.000	0.000	0.008	2
104101	0.000	0.000	0.000	0.000	0
104099	0.000	0.000	0.000	0.049	1
104097	0.000	0.000	0.000	0.000	0
104093	0.000	0.000	0.000	0.000	0
104091	0.000	0.000	0.000	0.000	0
104088	0.000	0.000	0.000	0.001	0
104084	0.000	0.000	0.000	0.021	2
104083	0.000	0.000	0.000	0.011	3
104082	0.000	0.000	0.000	0.000	0
104081	0.000	0.000	0.000	0.001	0
104075	0.000	0.000	0.000	0.003	1
104074	0.000	0.000	0.000	0.001	0
104072	0.000	0.000	0.000	0.000	0
104071	0.000	0.000	0.000	0.056	6
104069	0.000	0.000	0.000	0.000	0
104066	0.000	0.000	0.000	0.000	0
104063	0.000	0.000	0.000	0.001	0
104061	0.000	0.000	0.000	0.002	0
104060	0.000	0.000	0.000	0.000	0
104059	0.000	0.000	0.000	0.008	1
104056	0.000	0.000	0.000	0.000	0
104054	0.000	0.000	0.000	0.000	0
104052	0.000	0.000	0.000	0.004	1
104048	0.000	0.000	0.000	0.000	0
104047	0.000	0.000	0.000	0.002	1
104044	0.000	0.000	0.000	0.001	0
104041	0.000	0.000	0.000	0.010	2
104040	0.000	0.000	0.000	0.000	0
104036	0.000	0.000	0.000	0.000	0
104031	0.000	0.000	0.000	0.000	0
104023	0.000	0.000	0.000	0.000	0
104022	0.000	0.000	0.000	0.004	1
104018	0.000	0.000	0.000	0.000	0
104017	0.000	0.000	0.000	0.002	0
104016	0.000	0.001	0.000	0.510	94
104013	0.000	0.000	0.000	0.000	0
104011	0.000	0.000	0.000	0.000	0
104005	0.000	0.000	0.000	0.016	1
104003	0.000	0.000	0.000	0.000	0
104001	0.000	0.000	0.000	0.000	0
104000	0.000	0.000	0.000	0.012	1
103987	0.000	0.000	0.000	0.115	4
103983	0.000	0.000	0.000	0.000	0
103982	0.000	0.000	0.000	0.000	0
103978	0.000	0.000	0.000	0.000	0
103974	0.000	0.000	0.000	0.000	0
103973	0.000	0.000	0.000	0.004	1
103971	0.000	0.000	0.000	0.003	1
103968	0.000	0.000	0.000	0.000	0
103966	0.000	0.000	0.000	0.003	1
103963	0.000	0.000	0.000	0.003	0
103958	0.000	0.000	0.000	0.003	1
103957	0.000	0.000	0.000	0.000	0
103950	0.000	0.000	0.000	0.004	1
103949	0.000	0.000	0.000	0.020	2
103946	0.000	0.000	0.000	0.000	0
103945	0.000	0.000	0.000	0.000	0
103942	0.000	0.000	0.000	0.001	0
103940	0.000	0.000	0.000	0.005	1
103939	0.000	0.000	0.000	0.000	0
103937	0.000	0.001	0.000	0.618	14
103933	0.000	0.001	0.000	0.199	5
103928	0.000	0.000	0.000	0.000	0
103923	0.000	0.000	0.000	0.000	0
103921	0.000	0.000	0.000	0.030	2
103920	0.000	0.000	0.000	0.000	0
103917	0.000	0.000	0.000	0.000	0
103915	0.000	0.000	0.000	0.000	0
103913	0.000	0.000	0.000	0.000	0
103910	0.000	0.000	0.000	0.000	0
103908	0.000	0.000	0.000	0.001	0
103906	0.000	0.000	0.000	0.000	0
103903	0.000	0.000	0.000	0.006	2
103902	0.000	0.000	0.000	0.000	0
103900	0.000	0.000	0.000	0.000	0
103899	0.000	0.000	0.000	0.302	11
103897	0.000	0.000	0.000	0.000	0
103896	0.000	0.000	0.000	0.000	0
103894	0.000	0.000	0.000	0.000	0
103891	0.000	0.000	0.000	0.184	8
103886	0.000	0.000	0.000	0.017	1
103885	0.000	0.000	0.000	0.000	0
103876	0.000	0.000	0.000	0.376	56
103875	0.000	0.000	0.000	0.009	1
103874	0.000	0.000	0.000	0.002	0
103873	0.000	0.000	0.000	0.000	0
103872	0.000	0.000	0.000	0.001	0
103870	0.000	0.000	0.000	0.000	0
103865	0.000	0.000	0.000	0.000	0
103864	0.000	0.000	0.000	0.000	0
103863	0.000	0.000	0.000	0.000	0
103862	0.000	0.000	0.000	0.000	0
103861	0.000	0.000	0.000	0.000	0
103860	0.000	0.000	0.000	0.013	3
103852	0.000	0.000	0.000	0.017	2
103851	0.000	0.000	0.000	0.000	0
103848	0.000	0.000	0.000	0.000	0
103847	0.000	0.000	0.000	0.000	0
103844	0.000	0.000	0.000	0.003	1
103831	0.000	0.000	0.000	0.003	1
103830	0.000	0.000	0.000	0.000	0
103825	0.000	0.000	0.000	0.000	0
103823	0.000	0.000	0.000	0.000	0
103822	0.000	0.000	0.000	0.001	0
103798	0.000	0.000	0.000	0.000	0
103796	0.000	0.001	0.000	0.767	50
103789	0.000	0.000	0.000	0.004	1
103787	0.000	0.000	0.000	0.000	0
103784	0.000	0.000	0.000	0.000	0
103772	0.000	0.000	0.000	0.000	0
103768	0.000	0.000	0.000	0.000	0
103757	0.000	0.000	0.000	0.010	3
103755	0.000	0.000	0.000	0.001	0
103750	0.000	0.000	0.000	0.004	1
103742	0.000	0.000	0.000	0.044	10
103741	0.000	0.000	0.000	0.016	1
103740	0.000	0.001	0.000	0.479	6
103739	0.000	0.000	0.000	0.000	0
103732	0.000	0.000	0.000	0.000	0
103727	0.000	0.007	0.000	6.086	106
103726	0.000	0.000	0.000	0.000	0
103720	0.000	0.000	0.000	0.000	0
103718	0.000	0.000	0.000	0.001	0
103717	0.000	0.000	0.000	0.002	0
103707	0.000	0.000	0.000	0.000	0
103702	0.000	0.000	0.000	0.132	17
103701	0.000	0.000	0.000	0.004	0
103700	0.000	0.000	0.000	0.000	0
103699	0.000	0.000	0.000	0.000	0
103698	0.000	0.000	0.000	0.000	0
103696	0.000	0.000	0.000	0.000	0
103695	0.000	0.001	0.000	0.974	45
103694	0.000	0.000	0.000	0.110	8
103693	0.000	0.000	0.000	0.137	2
103692	0.000	0.000	0.000	0.000	0
103688	0.000	0.000	0.000	0.000	0
103686	0.000	0.000	0.000	0.228	20
103685	0.000	0.000	0.000	0.000	0
103684	0.000	0.000	0.000	0.005	1
103683	0.000	0.000	0.000	0.192	7
103682	0.000	0.000	0.000	0.029	2
103681	0.000	0.022	0.000	16.454	83
103676	0.000	0.000	0.000	0.000	0
103673	0.000	0.000	0.000	0.002	0
103658	0.000	0.000	0.000	0.000	0
103657	0.000	0.000	0.000	0.000	0
103656	0.000	0.005	0.000	3.877	172
103598	0.000	0.000	0.000	0.010	1
103508	0.000	0.000	0.000	0.001	0
103486	0.000	0.000	0.000	0.001	0
103481	0.000	0.000	0.000	0.056	7
103452	0.000	0.000	0.000	0.000	0
103418	0.000	0.000	0.000	0.000	0
103417	0.000	0.000	0.000	0.001	0
103410	0.000	0.000	0.000	0.000	0
103409	0.000	0.000	0.000	0.001	0
103392	0.000	0.000	0.000	0.000	0
103370	0.000	0.000	0.000	0.000	0
103368	0.000	0.000	0.000	0.000	0
103364	0.000	0.000	0.000	0.000	0
103352	0.000	0.000	0.000	0.000	0
103351	0.000	0.000	0.000	0.000	0
103347	0.000	0.000	0.000	0.000	0
103345	0.000	0.000	0.000	0.000	0
103342	0.000	0.000	0.000	0.000	0
103339	0.000	0.000	0.000	0.000	0
103336	0.000	0.000	0.000	0.000	0
103335	0.000	0.000	0.000	0.032	6
103328	0.000	0.000	0.000	0.000	0
103326	0.000	0.000	0.000	0.105	1
103324	0.000	0.000	0.000	0.000	0
103323	0.000	0.000	0.000	0.001	0
103316	0.000	0.000	0.000	0.001	0
103315	0.000	0.000	0.000	0.000	0
103308	0.000	0.000	0.000	0.000	0
103306	0.000	0.000	0.000	0.004	1
103304	0.000	0.000	0.000	0.007	1
103303	0.000	0.000	0.000	0.001	0
103299	0.000	0.000	0.000	0.000	0
103298	0.000	0.000	0.000	0.011	1
103297	0.000	0.000	0.000	0.000	0
103293	0.000	0.000	0.000	0.001	0
103281	0.000	0.000	0.000	0.000	0
103279	0.000	0.000	0.000	0.001	0
103276	0.000	0.000	0.000	0.000	0
103275	0.000	0.000	0.000	0.000	0
103274	0.000	0.000	0.000	0.000	0
103266	0.000	0.000	0.000	0.000	0
103261	0.000	0.000	0.000	0.000	0
103260	0.000	0.000	0.000	0.000	0
103259	0.000	0.000	0.000	0.009	2
103252	0.000	0.000	0.000	0.004	0
103250	0.000	0.000	0.000	0.000	0
103244	0.000	0.000	0.000	0.000	0
103242	0.000	0.000	0.000	0.000	0
103240	0.000	0.000	0.000	0.000	0
103238	0.000	0.000	0.000	0.006	1
103237	0.000	0.000	0.000	0.001	0
103234	0.000	0.000	0.000	0.000	0
103232	0.000	0.000	0.000	0.019	2
103231	0.000	0.000	0.000	0.000	0
103228	0.000	0.000	0.000	0.000	0
103227	0.000	0.000	0.000	0.000	0
103226	0.000	0.000	0.000	0.000	0
103225	0.000	0.000	0.000	0.000	0
103224	0.000	0.000	0.000	0.038	8
103217	0.000	0.000	0.000	0.012	1
103215	0.000	0.000	0.000	0.017	2
103211	0.000	0.000	0.000	0.001	0
103210	0.000	0.000	0.000	0.001	0
103209	0.000	0.000	0.000	0.000	0
103199	0.000	0.000	0.000	0.002	0
103192	0.000	0.000	0.000	0.000	0
103191	0.000	0.000	0.000	0.000	0
103190	0.000	0.000	0.000	0.000	0
103188	0.000	0.000	0.000	0.040	3
103185	0.000	0.000	0.000	0.000	0
103183	0.000	0.000	0.000	0.000	0
103181	0.000	0.000	0.000	0.000	0
103180	0.000	0.000	0.000	0.000	0
103175	0.000	0.000	0.000	0.000	0
103174	0.000	0.000	0.000	0.000	0
103173	0.000	0.000	0.000	0.000	0
103168	0.000	0.000	0.000	0.000	0
103167	0.000	0.000	0.000	0.000	0
103166	0.000	0.000	0.000	0.246	13
103157	0.000	0.000	0.000	0.000	0
103151	0.000	0.000	0.000	0.043	6
103150	0.000	0.000	0.000	0.025	4
103146	0.000	0.000	0.000	0.000	0
103141	0.000	0.001	0.000	0.856	75
103134	0.000	0.000	0.000	0.000	0
103126	0.000	0.000	0.000	0.000	0
103122	0.000	0.000	0.000	0.000	0
103120	0.000	0.000	0.000	0.062	9
103117	0.000	0.005	0.000	4.253	84
103113	0.000	0.000	0.000	0.000	0
103109	0.000	0.000	0.000	0.000	0
103108	0.000	0.000	0.000	0.000	0
103107	0.000	0.000	0.000	0.000	0
103101	0.000	0.000	0.000	0.000	0
103096	0.000	0.000	0.000	0.000	0
103094	0.000	0.000	0.000	0.000	0
103093	0.000	0.000	0.000	0.000	0
103088	0.000	0.000	0.000	0.000	0
103087	0.000	0.000	0.000	0.013	1
103083	0.000	0.000	0.000	0.000	0
103081	0.000	0.000	0.000	0.000	0
103080	0.000	0.000	0.000	0.000	0
103079	0.000	0.000	0.000	0.000	0
103077	0.000	0.000	0.000	0.015	1
103075	0.000	0.000	0.000	0.000	0
103074	0.000	0.000	0.000	0.000	0
103073	0.000	0.000	0.000	0.000	0
103071	0.000	0.000	0.000	0.000	0
103070	0.000	0.000	0.000	0.003	1
103067	0.000	0.000	0.000	0.000	0
103066	0.000	0.000	0.000	0.000	0
103065	0.000	0.000	0.000	0.000	0
103062	0.000	0.000	0.000	0.000	0
103053	0.000	0.000	0.000	0.000	0
103052	0.000	0.000	0.000	0.000	0
103051	0.000	0.000	0.000	0.000	0
103050	0.000	0.000	0.000	0.000	0
103049	0.000	0.000	0.000	0.001	0
103047	0.000	0.000	0.000	0.000	0
103046	0.000	0.000	0.000	0.000	0
103045	0.000	0.000	0.000	0.000	0
103044	0.000	0.000	0.000	0.000	0
103043	0.000	0.000	0.000	0.000	0
103041	0.000	0.000	0.000	0.000	0
103040	0.000	0.000	0.000	0.000	0
103039	0.000	0.000	0.000	0.000	0
103038	0.000	0.000	0.000	0.000	0
103037	0.000	0.000	0.000	0.000	0
103036	0.000	0.000	0.000	0.000	0
103034	0.000	0.000	0.000	0.000	0
103033	0.000	0.000	0.000	0.000	0
103032	0.000	0.000	0.000	0.000	0
103031	0.000	0.000	0.000	0.000	0
103030	0.000	0.000	0.000	0.000	0
103029	0.000	0.000	0.000	0.000	0
103026	0.000	0.000	0.000	0.000	0
103025	0.000	0.000	0.000	0.000	0
103024	0.000	0.000	0.000	0.000	0
103022	0.000	0.000	0.000	0.006	1
103020	0.000	0.000	0.000	0.000	0
103011	0.000	0.000	0.000	0.000	0
103007	0.000	0.000	0.000	0.000	0
103006	0.000	0.000	0.000	0.000	0
103002	0.000	0.000	0.000	0.004	1
102995	0.000	0.000	0.000	0.000	0
102993	0.000	0.000	0.000	0.013	2
102992	0.000	0.000	0.000	0.000	0
102991	0.000	0.000	0.000	0.000	0
102990	0.000	0.000	0.000	0.000	0
102989	0.000	0.000	0.000	0.007	2
102985	0.000	0.000	0.000	0.014	2
102982	0.000	0.000	0.000	0.000	0
102981	0.000	0.000	0.000	0.000	0
102979	0.000	0.000	0.000	0.002	0
102978	0.000	0.000	0.000	0.000	0
102971	0.000	0.000	0.000	0.000	0
102970	0.000	0.000	0.000	0.000	0
102968	0.000	0.000	0.000	0.000	0
102962	0.000	0.000	0.000	0.000	0
102961	0.000	0.000	0.000	0.000	0
102958	0.000	0.000	0.000	0.000	0
102957	0.000	0.000	0.000	0.001	0
102955	0.000	0.000	0.000	0.006	1
102954	0.000	0.000	0.000	0.004	1
102953	0.000	0.000	0.000	0.037	6
102949	0.000	0.000	0.000	0.008	2
102948	0.000	0.000	0.000	0.000	0
102947	0.000	0.000	0.000	0.000	0
102946	0.000	0.000	0.000	0.001	0
102945	0.000	0.003	0.000	2.617	149
102944	0.000	0.000	0.000	0.062	14
102943	0.000	0.000	0.000	0.000	0
102941	0.000	0.000	0.000	0.000	0
102936	0.000	0.000	0.000	0.000	0
102932	0.000	0.000	0.000	0.000	0
102931	0.000	0.000	0.000	0.000	0
102929	0.000	0.000	0.000	0.000	0
102928	0.000	0.000	0.000	0.000	0
102927	0.000	0.000	0.000	0.000	0
102926	0.000	0.000	0.000	0.049	7
102923	0.000	0.000	0.000	0.000	0
102921	0.000	0.000	0.000	0.000	0
102919	0.000	0.000	0.000	0.000	0
102918	0.000	0.000	0.000	0.000	0
102916	0.000	0.000	0.000	0.000	0
102915	0.000	0.000	0.000	0.000	0
102911	0.000	0.000	0.000	0.000	0
102903	0.000	0.001	0.000	0.561	20
102899	0.000	0.000	0.000	0.000	0
102897	0.000	0.000	0.000	0.121	16
102896	0.000	0.000	0.000	0.094	11
102894	0.000	0.000	0.000	0.001	0
102893	0.000	0.000	0.000	0.000	0
102891	0.000	0.000	0.000	0.000	0
102890	0.000	0.000	0.000	0.000	0
102887	0.000	0.000	0.000	0.000	0
102882	0.000	0.000	0.000	0.011	2
102876	0.000	0.000	0.000	0.069	8
102872	0.000	0.000	0.000	0.000	0
102871	0.000	0.000	0.000	0.000	0
102869	0.000	0.000	0.000	0.000	0
102866	0.000	0.000	0.000	0.000	0
102865	0.000	0.000	0.000	0.000	0
102864	0.000	0.000	0.000	0.000	0
102860	0.000	0.000	0.000	0.000	0
102859	0.000	0.000	0.000	0.000	0
102858	0.000	0.000	0.000	0.000	0
102856	0.000	0.000	0.000	0.000	0
102855	0.000	0.000	0.000	0.000	0
102853	0.000	0.000	0.000	0.000	0
102852	0.000	0.000	0.000	0.000	0
102851	0.000	0.000	0.000	0.000	0
102850	0.000	0.000	0.000	0.000	0
102849	0.000	0.000	0.000	0.000	0
102847	0.000	0.000	0.000	0.000	0
102844	0.000	0.000	0.000	0.000	0
102843	0.000	0.000	0.000	0.003	0
102840	0.000	0.000	0.000	0.000	0
102839	0.000	0.000	0.000	0.000	0
102838	0.000	0.000	0.000	0.000	0
102834	0.000	0.000	0.000	0.000	0
102830	0.000	0.000	0.000	0.000	0
102826	0.000	0.000	0.000	0.000	0
102824	0.000	0.000	0.000	0.000	0
102821	0.000	0.000	0.000	0.018	4
102820	0.000	0.000	0.000	0.000	0
102819	0.000	0.000	0.000	0.000	0
102816	0.000	0.000	0.000	0.000	0
102811	0.000	0.000	0.000	0.000	0
102809	0.000	0.000	0.000	0.000	0
102794	0.000	0.000	0.000	0.007	1
102792	0.000	0.000	0.000	0.000	0
102784	0.000	0.000	0.000	0.003	0
102780	0.000	0.000	0.000	0.003	0
102779	0.000	0.001	0.000	0.716	118
102776	0.000	0.000	0.000	0.010	2
102775	0.000	0.000	0.000	0.000	0
102773	0.000	0.000	0.000	0.018	5
102772	0.000	0.000	0.000	0.001	0
102770	0.000	0.000	0.000	0.000	0
102767	0.000	0.000	0.000	0.000	0
102766	0.000	0.000	0.000	0.000	0
102765	0.000	0.000	0.000	0.000	0
102764	0.000	0.000	0.000	0.000	0
102763	0.000	0.000	0.000	0.000	0
102760	0.000	0.000	0.000	0.000	0
102759	0.000	0.000	0.000	0.000	0
102757	0.000	0.000	0.000	0.000	0
102755	0.000	0.000	0.000	0.000	0
102754	0.000	0.000	0.000	0.000	0
102752	0.000	0.000	0.000	0.000	0
102751	0.000	0.000	0.000	0.000	0
102750	0.000	0.000	0.000	0.000	0
102749	0.000	0.000	0.000	0.000	0
102748	0.000	0.000	0.000	0.000	0
102747	0.000	0.000	0.000	0.000	0
102746	0.000	0.000	0.000	0.000	0
102745	0.000	0.000	0.000	0.000	0
102744	0.000	0.000	0.000	0.000	0
102743	0.000	0.000	0.000	0.000	0
102742	0.000	0.000	0.000	0.000	0
102741	0.000	0.000	0.000	0.000	0
102740	0.000	0.000	0.000	0.000	0
102739	0.000	0.000	0.000	0.000	0
102735	0.000	0.000	0.000	0.000	0
102734	0.000	0.000	0.000	0.000	0
102733	0.000	0.000	0.000	0.000	0
102732	0.000	0.000	0.000	0.000	0
102731	0.000	0.000	0.000	0.000	0
102730	0.000	0.000	0.000	0.000	0
102729	0.000	0.000	0.000	0.000	0
102728	0.000	0.000	0.000	0.000	0
102727	0.000	0.000	0.000	0.014	2
102726	0.000	0.000	0.000	0.004	0
102724	0.000	0.000	0.000	0.003	1
102723	0.000	0.000	0.000	0.001	0
102720	0.000	0.000	0.000	0.142	7
102718	0.000	0.000	0.000	0.000	0
102717	0.000	0.000	0.000	0.000	0
102715	0.000	0.000	0.000	0.065	10
102714	0.000	0.000	0.000	0.000	0
102712	0.000	0.000	0.000	0.008	2
102711	0.000	0.000	0.000	0.001	0
102710	0.000	0.000	0.000	0.013	2
102708	0.000	0.000	0.000	0.001	0
102707	0.000	0.000	0.000	0.000	0
102704	0.000	0.000	0.000	0.002	0
102697	0.000	0.000	0.000	0.001	0
102694	0.000	0.000	0.000	0.000	0
102692	0.000	0.000	0.000	0.000	0
102691	0.000	0.000	0.000	0.001	0
102690	0.000	0.000	0.000	0.000	0
102689	0.000	0.000	0.000	0.005	1
102687	0.000	0.000	0.000	0.002	0
102684	0.000	0.002	0.000	1.474	113
102682	0.000	0.000	0.000	0.017	3
102681	0.000	0.000	0.000	0.000	0
102677	0.000	0.000	0.000	0.000	0
102673	0.000	0.000	0.000	0.001	0
102672	0.000	0.000	0.000	0.000	0
102670	0.000	0.000	0.000	0.000	0
102659	0.000	0.000	0.000	0.000	0
102651	0.000	0.000	0.000	0.006	1
102646	0.000	0.000	0.000	0.000	0
102645	0.000	0.000	0.000	0.000	0
102642	0.000	0.000	0.000	0.000	0
102641	0.000	0.000	0.000	0.007	2
102640	0.000	0.005	0.000	1.099	50
102634	0.000	0.000	0.000	0.000	0
102633	0.000	0.000	0.000	0.000	0
102631	0.000	0.000	0.000	0.000	0
102627	0.000	0.000	0.000	0.008	2
102625	0.000	0.001	0.000	0.741	46
102619	0.000	0.000	0.000	0.062	6
102618	0.000	0.000	0.000	0.000	0
102617	0.000	0.000	0.000	0.006	1
102616	0.000	0.000	0.000	0.001	0
102612	0.000	0.000	0.000	0.047	5
102610	0.000	0.000	0.000	0.000	0
102609	0.000	0.000	0.000	0.045	1
102602	0.000	0.000	0.000	0.024	2
102601	0.000	0.000	0.000	0.000	0
102594	0.000	0.000	0.000	0.003	1
102588	0.000	0.000	0.000	0.115	4
102585	0.000	0.000	0.000	0.018	3
102580	0.000	0.000	0.000	0.000	0
102573	0.000	0.000	0.000	0.113	1
102570	0.000	0.000	0.000	0.428	2
102566	0.000	0.000	0.000	0.000	0
102563	0.000	0.000	0.000	0.026	3
102561	0.000	0.000	0.000	0.000	0
102557	0.000	0.000	0.000	0.000	0
102556	0.000	0.000	0.000	0.028	1
102554	0.000	0.000	0.000	0.067	5
102550	0.000	0.000	0.000	0.006	1
102549	0.000	0.002	0.000	1.076	94
102546	0.000	0.001	0.000	0.473	60
102545	0.000	0.001	0.000	1.014	54
102543	0.000	0.000	0.000	0.003	1
102540	0.000	0.000	0.000	0.062	5
102539	0.000	0.000	0.000	0.000	0
102538	0.000	0.000	0.000	0.022	2
102530	0.000	0.000	0.000	0.096	3
102528	0.000	0.002	0.000	1.267	90
102523	0.000	0.000	0.000	0.004	0
102517	0.000	0.000	0.000	0.108	10
102510	0.000	0.000	0.000	0.000	0
102509	0.000	0.000	0.000	0.026	4
102507	0.001	0.002	0.000	0.000	0
102505	0.000	0.000	0.000	0.000	0
102496	0.000	0.000	0.000	0.000	0
102495	0.000	0.000	0.000	0.000	0
102493	0.000	0.000	0.000	0.002	0
102492	0.000	0.001	0.000	1.354	14
102487	0.000	0.000	0.000	0.133	21
102482	0.000	0.000	0.000	0.096	1
102480	0.000	0.000	0.000	0.051	9
102475	0.000	0.000	0.000	0.008	0
102473	0.000	0.000	0.000	0.002	1
102470	0.000	0.005	0.000	3.491	139
102459	0.000	0.000	0.000	0.006	1
102455	0.000	0.002	0.000	1.207	113
102454	0.000	0.000	0.000	0.105	6
102450	0.000	0.000	0.000	0.014	2
102448	0.000	0.002	0.000	1.627	144
102447	0.000	0.000	0.000	0.007	1
102446	0.000	0.000	0.000	0.003	0
102445	0.000	0.000	0.000	0.104	19
102444	0.000	0.000	0.000	0.015	2
102439	0.000	0.000	0.000	0.002	0
102424	0.000	0.000	0.000	0.010	1
102417	0.000	0.000	0.000	0.001	0
102416	0.000	0.000	0.000	0.003	1
102412	0.000	0.000	0.000	0.066	1
102410	0.000	0.000	0.000	0.004	0
102396	0.000	0.000	0.000	0.064	2
102395	0.000	0.001	0.000	0.783	13
102393	0.000	0.000	0.000	0.196	20
102389	0.000	0.000	0.000	0.000	0
102388	0.000	0.000	0.000	0.000	0
102372	0.000	0.001	0.000	0.442	14
102371	0.000	0.000	0.000	0.022	1
102365	0.000	0.000	0.000	0.022	1
102353	0.001	0.006	0.000	0.025	3
102352	0.000	0.000	0.000	0.400	65
102347	0.000	0.002	0.000	1.078	56
102340	0.000	0.003	0.000	1.519	117
102330	0.000	0.000	0.000	0.011	2
102329	0.000	0.000	0.000	0.000	0
102328	0.000	0.000	0.000	0.000	0
102327	0.000	0.003	0.000	2.398	153
102323	0.005	0.007	0.000	0.509	60
102322	0.000	0.000	0.000	0.004	0
102321	0.000	0.001	0.000	0.468	13
102317	0.000	0.000	0.000	0.000	0
102316	0.000	0.001	0.000	0.421	56
102312	0.000	0.000	0.000	0.112	12
102304	0.000	0.000	0.000	0.012	2
102303	0.000	0.000	0.000	0.000	0
102302	0.000	0.000	0.000	0.002	0
102300	0.000	0.000	0.000	0.011	2
102298	0.000	0.000	0.000	0.159	7
102297	0.000	0.000	0.000	0.013	1
102296	0.000	0.000	0.000	0.002	1
102295	0.000	0.000	0.000	0.059	4
102294	0.000	0.000	0.000	0.000	0
102293	0.000	0.000	0.000	0.210	2
102292	0.000	0.000	0.000	0.097	7
102290	0.000	0.000	0.000	0.000	0
102289	0.000	0.000	0.000	0.159	1
102287	0.000	0.001	0.000	0.741	102
102286	0.000	0.000	0.000	0.160	5
102285	0.000	0.000	0.000	0.020	2
102281	0.002	0.006	0.000	0.346	11
102280	0.000	0.000	0.000	0.000	0
102278	0.000	0.000	0.000	0.004	1
102277	0.000	0.000	0.000	0.003	0
102276	0.000	0.001	0.000	0.896	105
102275	0.000	0.000	0.000	0.005	1
102274	0.000	0.000	0.000	0.088	10
102273	0.000	0.000	0.000	0.000	0
102272	0.000	0.000	0.000	0.280	13
102271	0.000	0.000	0.000	0.013	3
102268	0.000	0.000	0.000	0.000	0
102255	0.000	0.000	0.000	0.000	0
102247	0.000	0.000	0.000	0.000	0
102233	0.000	0.000	0.000	0.000	0
102231	0.000	0.000	0.000	0.000	0
102223	0.000	0.000	0.000	0.001	0
102214	0.000	0.000	0.000	0.000	0
102213	0.000	0.000	0.000	0.003	0
102210	0.000	0.000	0.000	0.000	0
102209	0.000	0.000	0.000	0.002	1
102206	0.000	0.000	0.000	0.000	0
102205	0.000	0.000	0.000	0.092	7
102203	0.000	0.000	0.000	0.003	1
102202	0.000	0.000	0.000	0.000	0
102199	0.000	0.000	0.000	0.000	0
102191	0.000	0.000	0.000	0.000	0
102190	0.000	0.000	0.000	0.014	2
102189	0.000	0.000	0.000	0.000	0
102187	0.000	0.000	0.000	0.000	0
102184	0.000	0.000	0.000	0.000	0
102183	0.000	0.000	0.000	0.000	0
102177	0.000	0.000	0.000	0.000	0
102175	0.000	0.000	0.000	0.024	1
102171	0.000	0.000	0.000	0.000	0
102166	0.000	0.000	0.000	0.029	2
102164	0.000	0.000	0.000	0.005	1
102163	0.000	0.000	0.000	0.118	13
102155	0.000	0.000	0.000	0.015	2
102153	0.000	0.000	0.000	0.001	0
102152	0.000	0.000	0.000	0.001	0
102151	0.000	0.000	0.000	0.001	0
102146	0.000	0.000	0.000	0.000	0
102143	0.000	0.001	0.000	0.253	20
102142	0.000	0.000	0.000	0.000	0
102137	0.000	0.000	0.000	0.000	0
102136	0.000	0.000	0.000	0.000	0
102135	0.000	0.000	0.000	0.002	0
102134	0.000	0.000	0.000	0.001	0
102130	0.000	0.000	0.000	0.000	0
102118	0.000	0.000	0.000	0.000	0
102117	0.000	0.000	0.000	0.000	0
102116	0.000	0.000	0.000	0.000	0
102114	0.000	0.000	0.000	0.002	0
102111	0.000	0.000	0.000	0.000	0
102110	0.000	0.000	0.000	0.000	0
102098	0.000	0.000	0.000	0.000	0
102097	0.000	0.000	0.000	0.000	0
102096	0.000	0.000	0.000	0.002	0
102091	0.000	0.000	0.000	0.002	0
102089	0.000	0.000	0.000	0.000	0
102087	0.000	0.000	0.000	0.000	0
102083	0.000	0.000	0.000	0.000	0
102080	0.000	0.000	0.000	0.009	1
102078	0.000	0.000	0.000	0.000	0
102076	0.000	0.000	0.000	0.000	0
102075	0.000	0.000	0.000	0.019	4
102074	0.000	0.000	0.000	0.000	0
102073	0.000	0.000	0.000	0.010	2
102072	0.000	0.000	0.000	0.020	4
102069	0.000	0.000	0.000	0.000	0
102068	0.000	0.000	0.000	0.000	0
102066	0.000	0.000	0.000	0.000	0
102065	0.000	0.000	0.000	0.000	0
102060	0.000	0.000	0.000	0.053	8
102058	0.000	0.000	0.000	0.000	0
102057	0.000	0.002	0.000	0.679	67
102055	0.000	0.000	0.000	0.000	0
102054	0.000	0.000	0.000	0.000	0
102050	0.000	0.000	0.000	0.000	0
102048	0.000	0.000	0.000	0.000	0
102043	0.000	0.000	0.000	0.000	0
102041	0.000	0.000	0.000	0.000	0
102040	0.000	0.000	0.000	0.075	10
102038	0.000	0.000	0.000	0.000	0
102035	0.000	0.001	0.000	0.327	54
102034	0.000	0.000	0.000	0.009	0
102033	0.000	0.000	0.000	0.000	0
102032	0.000	0.000	0.000	0.000	0
102028	0.000	0.000	0.000	0.000	0
102025	0.000	0.000	0.000	0.000	0
102024	0.000	0.000	0.000	0.000	0
102020	0.000	0.000	0.000	0.000	0
102017	0.000	0.000	0.000	0.000	0
102013	0.000	0.000	0.000	0.000	0
102011	0.000	0.000	0.000	0.000	0
102007	0.000	0.000	0.000	0.001	0
102001	0.000	0.000	0.000	0.003	1
101999	0.000	0.000	0.000	0.000	0
101997	0.000	0.000	0.000	0.000	0
101996	0.000	0.000	0.000	0.000	0
101993	0.000	0.000	0.000	0.000	0
101992	0.000	0.000	0.000	0.000	0
101989	0.000	0.000	0.000	0.000	0
101988	0.000	0.000	0.000	0.000	0
101986	0.000	0.000	0.000	0.000	0
101983	0.000	0.000	0.000	0.000	0
101982	0.000	0.000	0.000	0.000	0
101977	0.000	0.000	0.000	0.000	0
101964	0.000	0.000	0.000	0.000	0
101960	0.000	0.000	0.000	0.007	1
101959	0.000	0.000	0.000	0.000	0
101958	0.000	0.001	0.000	0.765	96
101953	0.000	0.000	0.000	0.000	0
101937	0.000	0.000	0.000	0.000	0
101935	0.000	0.000	0.000	0.000	0
101932	0.000	0.000	0.000	0.000	0
101930	0.000	0.000	0.000	0.000	0
101927	0.000	0.000	0.000	0.018	1
101921	0.000	0.000	0.000	0.000	0
101919	0.000	0.000	0.000	0.081	1
101916	0.000	0.000	0.000	0.000	0
101915	0.000	0.000	0.000	0.000	0
101893	0.000	0.000	0.000	0.001	0
101884	0.000	0.000	0.000	0.000	0
101881	0.000	0.000	0.000	0.000	0
101876	0.000	0.000	0.000	0.001	0
101874	0.000	0.000	0.000	0.002	0
101866	0.000	0.000	0.000	0.055	2
101848	0.000	0.000	0.000	0.040	5
101842	0.000	0.000	0.000	0.000	0
101841	0.000	0.000	0.000	0.000	0
101831	0.000	0.000	0.000	0.006	1
101830	0.000	0.000	0.000	0.040	5
101825	0.000	0.000	0.000	0.000	0
101823	0.000	0.000	0.000	0.001	0
101820	0.000	0.000	0.000	0.000	0
101819	0.000	0.000	0.000	0.000	0
101813	0.000	0.000	0.000	0.000	0
101806	0.000	0.000	0.000	0.003	1
101788	0.000	0.000	0.000	0.000	0
101787	0.000	0.000	0.000	0.189	1
101784	0.000	0.000	0.000	0.001	0
101777	0.000	0.000	0.000	0.000	0
101760	0.000	0.000	0.000	0.001	0
101758	0.000	0.000	0.000	0.003	1
101757	0.000	0.000	0.000	0.000	0
101756	0.000	0.000	0.000	0.014	1
101753	0.000	0.000	0.000	0.000	0
101747	0.000	0.000	0.000	0.027	4
101745	0.000	0.000	0.000	0.000	0
101744	0.000	0.000	0.000	0.000	0
101742	0.000	0.000	0.000	0.000	0
101737	0.000	0.000	0.000	0.090	1
101736	0.000	0.000	0.000	0.000	0
101734	0.000	0.000	0.000	0.000	0
101728	0.000	0.000	0.000	0.000	0
101727	0.000	0.000	0.000	0.002	0
101726	0.000	0.000	0.000	0.000	0
101724	0.000	0.000	0.000	0.000	0
101723	0.000	0.000	0.000	0.000	0
101719	0.000	0.000	0.000	0.000	0
101718	0.000	0.000	0.000	0.000	0
101715	0.000	0.000	0.000	0.000	0
101714	0.000	0.000	0.000	0.348	44
101710	0.000	0.000	0.000	0.277	48
101707	0.000	0.000	0.000	0.025	1
101705	0.000	0.000	0.000	0.000	0
101697	0.000	0.000	0.000	0.207	31
101694	0.000	0.006	0.000	4.371	87
101690	0.000	0.000	0.000	0.073	10
101689	0.000	0.000	0.000	0.034	4
101688	0.000	0.000	0.000	0.059	11
101687	0.000	0.000	0.000	0.046	7
101683	0.000	0.000	0.000	0.008	1
101679	0.000	0.000	0.000	0.000	0
101678	0.000	0.000	0.000	0.001	0
101677	0.000	0.000	0.000	0.032	2
101670	0.000	0.000	0.000	0.000	0
101665	0.000	0.000	0.000	0.000	0
101658	0.000	0.000	0.000	0.012	1
101656	0.000	0.000	0.000	0.000	0
101653	0.000	0.000	0.000	0.000	0
101651	0.000	0.000	0.000	0.000	0
101646	0.000	0.000	0.000	0.000	0
101645	0.000	0.000	0.000	0.000	0
101643	0.000	0.000	0.000	0.007	1
101642	0.000	0.000	0.000	0.000	0
101638	0.000	0.002	0.000	1.615	133
101634	0.000	0.000	0.000	0.000	0
101632	0.000	0.000	0.000	0.000	0
101628	0.000	0.000	0.000	0.000	0
101627	0.000	0.000	0.000	0.022	3
101623	0.000	0.000	0.000	0.000	0
101617	0.000	0.000	0.000	0.075	10
101611	0.000	0.003	0.000	1.969	158
101609	0.000	0.000	0.000	0.000	0
101598	0.000	0.001	0.000	0.489	18
101597	0.000	0.000	0.000	0.000	0
101593	0.000	0.000	0.000	0.017	3
101587	0.000	0.000	0.000	0.000	0
101586	0.000	0.000	0.000	0.000	0
101585	0.000	0.000	0.000	0.000	0
101583	0.000	0.000	0.000	0.002	0
101582	0.000	0.000	0.000	0.000	0
101581	0.000	0.000	0.000	0.000	0
101580	0.000	0.000	0.000	0.000	0
101579	0.000	0.000	0.000	0.000	0
101578	0.000	0.000	0.000	0.000	0
101577	0.000	0.000	0.000	0.004	0
101576	0.000	0.000	0.000	0.012	2
101573	0.000	0.000	0.000	0.000	0
101565	0.000	0.000	0.000	0.005	1
101564	0.000	0.000	0.000	0.000	0
101562	0.000	0.001	0.000	0.796	88
101560	0.000	0.000	0.000	0.000	0
101558	0.000	0.000	0.000	0.000	0
101552	0.000	0.000	0.000	0.000	0
101550	0.000	0.000	0.000	0.000	0
101547	0.000	0.001	0.000	0.128	17
101546	0.000	0.000	0.000	0.000	0
101539	0.000	0.000	0.000	0.007	2
101532	0.000	0.000	0.000	0.043	2
101531	0.000	0.000	0.000	0.029	1
101530	0.000	0.000	0.000	0.000	0
101529	0.000	0.000	0.000	0.000	0
101528	0.000	0.000	0.000	0.024	2
101515	0.000	0.000	0.000	0.018	3
101512	0.000	0.000	0.000	0.001	0
101502	0.000	0.001	0.000	0.397	71
101500	0.000	0.004	0.000	3.173	79
101499	0.000	0.000	0.000	0.000	0
101496	0.000	0.000	0.000	0.000	0
101493	0.000	0.003	0.000	1.771	173
101490	0.000	0.000	0.000	0.000	0
101489	0.000	0.001	0.000	0.334	43
101487	0.000	0.000	0.000	0.000	0
101478	0.000	0.000	0.000	0.000	0
101456	0.000	0.000	0.000	0.080	11
101454	0.000	0.002	0.000	1.615	97
101444	0.000	0.002	0.000	1.120	41
101441	0.000	0.000	0.000	0.000	0
101439	0.000	0.000	0.000	0.024	2
101433	0.000	0.006	0.000	3.431	126
101430	0.000	0.000	0.000	0.007	1
101429	0.000	0.000	0.000	0.019	4
101425	0.000	0.000	0.000	0.005	1
101423	0.000	0.000	0.000	0.001	0
101421	0.000	0.001	0.000	0.531	107
101420	0.000	0.000	0.000	0.003	1
101415	0.000	0.000	0.000	0.043	4
101414	0.000	0.000	0.000	0.012	3
101410	0.000	0.000	0.000	0.006	1
101400	0.000	0.005	0.000	2.483	190
101398	0.000	0.000	0.000	0.007	1
101397	0.000	0.000	0.000	0.002	0
101396	0.000	0.000	0.000	0.127	24
101391	0.000	0.000	0.000	0.003	1
101387	0.000	0.000	0.000	0.014	2
101386	0.000	0.000	0.000	0.001	0
101385	0.000	0.000	0.000	0.005	1
101382	0.000	0.000	0.000	0.273	29
101380	0.000	0.000	0.000	0.247	3
101379	0.000	0.000	0.000	0.003	0
101378	0.000	0.003	0.000	1.908	105
101375	0.000	0.000	0.000	0.000	0
101374	0.000	0.000	0.000	0.047	4
101372	0.000	0.000	0.000	0.000	0
101369	0.000	0.000	0.000	0.000	0
101368	0.000	0.000	0.000	0.003	0
101367	0.000	0.008	0.000	4.290	185
101365	0.000	0.001	0.000	0.547	58
101364	0.000	0.000	0.000	0.002	1
101362	0.000	0.004	0.000	2.843	56
101361	0.000	0.004	0.000	3.052	87
101359	0.000	0.001	0.000	0.483	68
101356	0.000	0.000	0.000	0.000	0
101355	0.000	0.000	0.000	0.063	12
101354	0.000	0.000	0.000	0.001	0
101353	0.000	0.000	0.000	0.000	0
101352	0.000	0.000	0.000	0.000	0
101349	0.000	0.011	0.000	5.534	126
101345	0.000	0.004	0.000	1.790	91
101342	0.000	0.000	0.000	0.019	1
101338	0.000	0.001	0.000	1.293	22
101337	0.000	0.003	0.000	2.636	126
101334	0.000	0.000	0.000	0.002	0
101331	0.000	0.000	0.000	0.000	0
101321	0.000	0.000	0.000	0.027	4
101319	0.000	0.000	0.000	0.023	2
101316	0.000	0.000	0.000	0.004	1
101315	0.000	0.002	0.000	1.339	89
101314	0.000	0.000	0.000	0.058	2
101313	0.000	0.001	0.000	0.280	15
101311	0.000	0.000	0.000	0.069	12
101310	0.000	0.000	0.000	0.117	9
101308	0.000	0.000	0.000	0.000	0
101305	0.000	0.000	0.000	0.038	6
101304	0.000	0.000	0.000	0.008	2
101303	0.000	0.000	0.000	0.185	30
101302	0.000	0.000	0.000	0.222	8
101300	0.000	0.000	0.000	0.355	12
101296	0.000	0.000	0.000	0.012	1
101295	0.000	0.001	0.000	0.222	7
101293	0.000	0.000	0.000	0.000	0
101292	0.000	0.001	0.000	0.809	37
101291	0.000	0.000	0.000	0.008	1
101289	0.000	0.000	0.000	0.000	0
101288	0.000	0.000	0.000	0.000	0
101284	0.000	0.000	0.000	0.000	0
101276	0.000	0.000	0.000	0.000	0
101274	0.000	0.000	0.000	0.043	10
101269	0.000	0.000	0.000	0.000	0
101257	0.000	0.000	0.000	0.077	13
101256	0.000	0.000	0.000	0.006	1
101254	0.000	0.000	0.000	0.000	0
101246	0.000	0.000	0.000	0.057	4
101244	0.000	0.000	0.000	0.011	2
101242	0.000	0.000	0.000	0.000	0
101241	0.000	0.000	0.000	0.000	0
101237	0.000	0.000	0.000	0.000	0
101236	0.000	0.000	0.000	0.000	0
101229	0.000	0.000	0.000	0.034	5
101227	0.000	0.000	0.000	0.000	0
101226	0.000	0.000	0.000	0.001	0
101225	0.000	0.000	0.000	0.021	2
101223	0.000	0.000	0.000	0.000	0
101221	0.000	0.000	0.000	0.000	0
101219	0.000	0.000	0.000	0.000	0
101218	0.000	0.000	0.000	0.002	0
101217	0.000	0.000	0.000	0.004	1
101216	0.000	0.000	0.000	0.000	0
101215	0.000	0.000	0.000	0.000	0
101207	0.000	0.000	0.000	0.020	1
101206	0.000	0.000	0.000	0.004	1
101202	0.000	0.000	0.000	0.000	0
101200	0.000	0.000	0.000	0.000	0
101199	0.000	0.001	0.000	0.178	7
101197	0.000	0.000	0.000	0.000	0
101196	0.000	0.000	0.000	0.000	0
101194	0.000	0.000	0.000	0.007	1
101193	0.000	0.000	0.000	0.001	0
101191	0.000	0.000	0.000	0.002	0
101190	0.000	0.000	0.000	0.000	0
101188	0.000	0.000	0.000	0.000	0
101186	0.000	0.000	0.000	0.001	0
101183	0.000	0.000	0.000	0.006	1
101181	0.000	0.000	0.000	0.006	1
101178	0.000	0.000	0.000	0.002	0
101173	0.000	0.000	0.000	0.000	0
101170	0.000	0.000	0.000	0.000	0
101168	0.000	0.000	0.000	0.032	4
101165	0.000	0.000	0.000	0.000	0
101163	0.000	0.000	0.000	0.002	1
101161	0.000	0.000	0.000	0.000	0
101160	0.000	0.000	0.000	0.014	1
101158	0.000	0.000	0.000	0.000	0
101157	0.000	0.000	0.000	0.018	2
101152	0.000	0.000	0.000	0.000	0
101151	0.000	0.000	0.000	0.124	5
101150	0.000	0.000	0.000	0.000	0
101144	0.000	0.000	0.000	0.000	0
101142	0.000	0.000	0.000	0.000	0
101141	0.000	0.000	0.000	0.019	1
101139	0.000	0.000	0.000	0.000	0
101138	0.000	0.000	0.000	0.000	0
101137	0.000	0.000	0.000	0.000	0
101136	0.000	0.000	0.000	0.012	2
101135	0.000	0.000	0.000	0.000	0
101134	0.000	0.000	0.000	0.000	0
101132	0.000	0.000	0.000	0.001	0
101127	0.000	0.000	0.000	0.000	0
101126	0.000	0.000	0.000	0.000	0
101124	0.000	0.000	0.000	0.000	0
101122	0.000	0.000	0.000	0.000	0
101121	0.000	0.000	0.000	0.000	0
101120	0.000	0.000	0.000	0.017	2
101115	0.000	0.000	0.000	0.005	1
101114	0.000	0.000	0.000	0.000	0
101110	0.000	0.000	0.000	0.186	3
101109	0.000	0.000	0.000	0.000	0
101107	0.000	0.000	0.000	0.000	0
101106	0.000	0.000	0.000	0.003	1
101105	0.000	0.000	0.000	0.000	0
101104	0.000	0.000	0.000	0.005	1
101103	0.000	0.000	0.000	0.002	0
101099	0.000	0.000	0.000	0.000	0
101096	0.000	0.000	0.000	0.000	0
101092	0.000	0.000	0.000	0.000	0
101089	0.000	0.000	0.000	0.000	0
101088	0.000	0.000	0.000	0.000	0
101086	0.000	0.000	0.000	0.000	0
101084	0.000	0.000	0.000	0.000	0
101072	0.000	0.000	0.000	0.000	0
101068	0.000	0.000	0.000	0.000	0
101064	0.000	0.000	0.000	0.000	0
101061	0.000	0.000	0.000	0.000	0
101060	0.000	0.002	0.000	1.008	46
101057	0.000	0.000	0.000	0.047	7
101045	0.000	0.000	0.000	0.004	1
101029	0.000	0.000	0.000	0.128	4
101023	0.000	0.000	0.000	0.005	1
101022	0.000	0.000	0.000	0.000	0
101021	0.000	0.000	0.000	0.045	1
101019	0.000	0.000	0.000	0.000	0
101016	0.000	0.000	0.000	0.002	0
101013	0.000	0.000	0.000	0.020	4
101012	0.000	0.000	0.000	0.000	0
101010	0.000	0.000	0.000	0.000	0
101009	0.000	0.000	0.000	0.000	0
101007	0.000	0.000	0.000	0.000	0
101002	0.000	0.000	0.000	0.000	0
100996	0.000	0.000	0.000	0.000	0
100995	0.000	0.000	0.000	0.000	0
100994	0.000	0.000	0.000	0.047	4
100986	0.000	0.000	0.000	0.000	0
100985	0.000	0.000	0.000	0.000	0
100984	0.000	0.000	0.000	0.000	0
100982	0.000	0.000	0.000	0.006	1
100980	0.000	0.000	0.000	0.002	1
100979	0.000	0.000	0.000	0.000	0
100977	0.000	0.000	0.000	0.022	2
100976	0.000	0.000	0.000	0.000	0
100969	0.000	0.000	0.000	0.019	3
100958	0.000	0.000	0.000	0.002	1
100955	0.000	0.000	0.000	0.000	0
100954	0.000	0.000	0.000	0.034	5
100949	0.000	0.000	0.000	0.000	0
100948	0.000	0.000	0.000	0.008	1
100946	0.000	0.000	0.000	0.000	0
100944	0.000	0.000	0.000	0.004	1
100941	0.000	0.000	0.000	0.004	1
100936	0.000	0.000	0.000	0.000	0
100934	0.000	0.000	0.000	0.000	0
100933	0.000	0.000	0.000	0.000	0
100929	0.000	0.000	0.000	0.000	0
100928	0.000	0.000	0.000	0.000	0
100926	0.000	0.000	0.000	0.000	0
100925	0.000	0.000	0.000	0.000	0
100922	0.000	0.000	0.000	0.000	0
100918	0.000	0.000	0.000	0.002	1
100917	0.000	0.000	0.000	0.000	0
100912	0.000	0.000	0.000	0.000	0
100910	0.000	0.005	0.000	4.849	147
100909	0.000	0.000	0.000	0.005	1
100904	0.000	0.000	0.000	0.000	0
100896	0.000	0.000	0.000	0.000	0
100888	0.000	0.000	0.000	0.000	0
100885	0.000	0.000	0.000	0.000	0
100884	0.000	0.000	0.000	0.001	0
100882	0.000	0.000	0.000	0.000	0
100881	0.000	0.000	0.000	0.000	0
100880	0.000	0.000	0.000	0.000	0
100879	0.000	0.000	0.000	0.000	0
100878	0.000	0.000	0.000	0.000	0
100876	0.000	0.000	0.000	0.038	6
100874	0.000	0.000	0.000	0.015	1
100873	0.000	0.000	0.000	0.014	3
100872	0.000	0.000	0.000	0.044	1
100868	0.000	0.000	0.000	0.000	0
100865	0.000	0.000	0.000	0.000	0
100862	0.000	0.000	0.000	0.000	0
100860	0.000	0.000	0.000	0.000	0
100859	0.000	0.000	0.000	0.002	1
100857	0.000	0.000	0.000	0.000	0
100856	0.000	0.000	0.000	0.000	0
100855	0.000	0.000	0.000	0.000	0
100846	0.000	0.000	0.000	0.000	0
100845	0.000	0.000	0.000	0.000	0
100841	0.000	0.000	0.000	0.009	2
100839	0.000	0.000	0.000	0.033	5
100837	0.000	0.000	0.000	0.057	9
100835	0.000	0.000	0.000	0.000	0
100834	0.000	0.000	0.000	0.001	0
100833	0.000	0.000	0.000	0.000	0
100832	0.000	0.000	0.000	0.000	0
100830	0.000	0.000	0.000	0.000	0
100828	0.000	0.000	0.000	0.001	0
100827	0.000	0.000	0.000	0.000	0
100820	0.000	0.000	0.000	0.000	0
100818	0.000	0.004	0.000	0.059	6
100817	0.000	0.000	0.000	0.000	0
100812	0.000	0.000	0.000	0.000	0
100811	0.000	0.000	0.000	0.000	0
100810	0.000	0.000	0.000	0.000	0
100808	0.000	0.000	0.000	0.000	0
100805	0.000	0.000	0.000	0.000	0
100802	0.000	0.000	0.000	0.000	0
100801	0.000	0.000	0.000	0.000	0
100799	0.000	0.000	0.000	0.000	0
100798	0.000	0.000	0.000	0.000	0
100797	0.000	0.000	0.000	0.000	0
100795	0.000	0.000	0.000	0.000	0
100791	0.000	0.000	0.000	0.000	0
100789	0.000	0.000	0.000	0.000	0
100787	0.000	0.000	0.000	0.000	0
100786	0.000	0.000	0.000	0.000	0
100784	0.000	0.000	0.000	0.015	2
100780	0.000	0.000	0.000	0.000	0
100778	0.000	0.000	0.000	0.000	0
100777	0.000	0.000	0.000	0.000	0
100772	0.000	0.000	0.000	0.000	0
100770	0.000	0.000	0.000	0.000	0
100769	0.000	0.000	0.000	0.000	0
100768	0.000	0.000	0.000	0.000	0
100767	0.000	0.000	0.000	0.000	0
100765	0.000	0.000	0.000	0.000	0
100760	0.000	0.000	0.000	0.025	5
100758	0.000	0.003	0.000	2.432	73
100757	0.000	0.000	0.000	0.001	0
100756	0.000	0.000	0.000	0.000	0
100754	0.000	0.000	0.000	0.001	0
100752	0.000	0.000	0.000	0.000	0
100743	0.000	0.000	0.000	0.017	3
100737	0.000	0.000	0.000	0.000	0
100732	0.000	0.000	0.000	0.000	0
100731	0.000	0.000	0.000	0.000	0
100723	0.000	0.000	0.000	0.045	2
100715	0.000	0.000	0.000	0.000	0
100714	0.000	0.000	0.000	0.005	1
100706	0.000	0.000	0.000	0.001	0
100705	0.000	0.000	0.000	0.002	1
100702	0.000	0.000	0.000	0.000	0
100693	0.000	0.000	0.000	0.000	0
100680	0.000	0.000	0.000	0.000	0
100675	0.000	0.000	0.000	0.086	12
100672	0.000	0.000	0.000	0.159	1
100671	0.000	0.000	0.000	0.028	1
100670	0.000	0.000	0.000	0.008	1
100668	0.000	0.000	0.000	0.002	0
100660	0.000	0.000	0.000	0.000	0
100653	0.000	0.000	0.000	0.012	2
100651	0.000	0.000	0.000	0.056	4
100649	0.000	0.000	0.000	0.000	0
100648	0.000	0.000	0.000	0.000	0
100646	0.000	0.000	0.000	0.055	3
100643	0.000	0.000	0.000	0.000	0
100641	0.000	0.000	0.000	0.000	0
100630	0.000	0.000	0.000	0.000	0
100623	0.000	0.000	0.000	0.002	0
100616	0.000	0.000	0.000	0.000	0
100611	0.000	0.000	0.000	0.002	1
100605	0.000	0.000	0.000	0.014	2
100599	0.000	0.000	0.000	0.000	0
100598	0.000	0.000	0.000	0.000	0
100597	0.000	0.000	0.000	0.000	0
100591	0.000	0.000	0.000	0.050	9
100589	0.000	0.000	0.000	0.013	2
100580	0.000	0.000	0.000	0.000	0
100571	0.000	0.000	0.000	0.012	0
100565	0.000	0.000	0.000	0.000	0
100563	0.000	0.000	0.000	0.000	0
100562	0.000	0.000	0.000	0.047	8
100556	0.000	0.000	0.000	0.000	0
100550	0.000	0.000	0.000	0.000	0
100549	0.000	0.000	0.000	0.002	1
100547	0.000	0.000	0.000	0.000	0
100546	0.000	0.000	0.000	0.000	0
100543	0.000	0.000	0.000	0.003	1
100530	0.000	0.000	0.000	0.029	2
100520	0.000	0.000	0.000	0.000	0
100512	0.000	0.000	0.000	0.020	2
100500	0.000	0.000	0.000	0.000	0
100494	0.000	0.000	0.000	0.001	0
100486	0.000	0.000	0.000	0.013	1
100476	0.000	0.000	0.000	0.000	0
100474	0.000	0.000	0.000	0.000	0
100468	0.000	0.000	0.000	0.000	0
100460	0.000	0.000	0.000	0.005	1
100457	0.000	0.000	0.000	0.000	0
100450	0.000	0.000	0.000	0.003	1
100449	0.000	0.000	0.000	0.000	0
100447	0.000	0.000	0.000	0.004	1
100446	0.000	0.000	0.000	0.005	1
100444	0.000	0.000	0.000	0.000	0
100441	0.000	0.000	0.000	0.000	0
100439	0.000	0.000	0.000	0.004	1
100437	0.000	0.000	0.000	0.088	16
100436	0.000	0.000	0.000	0.004	1
100434	0.000	0.000	0.000	0.000	0
100431	0.000	0.000	0.000	0.004	1
100429	0.000	0.000	0.000	0.011	1
100425	0.000	0.000	0.000	0.000	0
100420	0.000	0.000	0.000	0.001	0
100417	0.000	0.000	0.000	0.007	1
100416	0.000	0.000	0.000	0.005	1
100413	0.000	0.000	0.000	0.003	1
100409	0.000	0.000	0.000	0.000	0
100404	0.000	0.000	0.000	0.070	6
100396	0.000	0.000	0.000	0.000	0
100395	0.000	0.000	0.000	0.027	1
100387	0.000	0.000	0.000	0.015	3
100386	0.000	0.000	0.000	0.000	0
100384	0.000	0.000	0.000	0.000	0
100380	0.000	0.000	0.000	0.000	0
100378	0.000	0.000	0.000	0.003	0
100377	0.000	0.000	0.000	0.000	0
100375	0.000	0.000	0.000	0.000	0
100372	0.000	0.000	0.000	0.000	0
100370	0.000	0.000	0.000	0.019	2
100369	0.000	0.000	0.000	0.009	2
100367	0.000	0.000	0.000	0.000	0
100366	0.000	0.000	0.000	0.000	0
100363	0.000	0.000	0.000	0.000	0
100362	0.000	0.000	0.000	0.098	3
100359	0.000	0.000	0.000	0.004	0
100357	0.000	0.000	0.000	0.000	0
100353	0.000	0.000	0.000	0.026	3
100344	0.000	0.000	0.000	0.000	0
100343	0.000	0.000	0.000	0.000	0
100333	0.000	0.000	0.000	0.000	0
100331	0.000	0.000	0.000	0.000	0
100327	0.000	0.000	0.000	0.000	0
100324	0.000	0.000	0.000	0.000	0
100323	0.000	0.000	0.000	0.015	1
100322	0.000	0.000	0.000	0.250	42
100321	0.000	0.000	0.000	0.000	0
100320	0.000	0.000	0.000	0.000	0
100314	0.000	0.000	0.000	0.000	0
100311	0.000	0.000	0.000	0.000	0
100309	0.000	0.000	0.000	0.000	0
100306	0.000	0.000	0.000	0.000	0
100302	0.000	0.000	0.000	0.000	0
100296	0.000	0.014	0.000	11.144	92
100293	0.000	0.003	0.000	0.011	2
100292	0.000	0.000	0.000	0.000	0
100290	0.000	0.000	0.000	0.000	0
100288	0.000	0.000	0.000	0.000	0
100285	0.000	0.000	0.000	0.000	0
100283	0.000	0.000	0.000	0.000	0
100282	0.000	0.000	0.000	0.035	4
100280	0.000	0.000	0.000	0.035	5
100279	0.000	0.000	0.000	0.002	0
100278	0.000	0.000	0.000	0.004	0
100277	0.000	0.000	0.000	0.000	0
100275	0.000	0.000	0.000	0.000	0
100274	0.000	0.000	0.000	0.000	0
100271	0.000	0.000	0.000	0.048	6
100270	0.000	0.000	0.000	0.000	0
100268	0.000	0.000	0.000	0.017	2
100267	0.000	0.000	0.000	0.043	1
100266	0.000	0.000	0.000	0.000	0
100265	0.000	0.001	0.000	0.612	97
100263	0.000	0.000	0.000	0.099	8
100262	0.000	0.000	0.000	0.231	11
100261	0.000	0.000	0.000	0.000	0
100260	0.000	0.000	0.000	0.000	0
100259	0.000	0.000	0.000	0.005	2
100258	0.000	0.001	0.000	0.887	11
100257	0.000	0.000	0.000	0.000	0
100255	0.000	0.001	0.000	0.313	16
100254	0.000	0.000	0.000	0.207	13
100253	0.000	0.000	0.000	0.014	2
100252	0.000	0.000	0.000	0.011	2
100251	0.000	0.001	0.000	1.142	29
100250	0.000	0.000	0.000	0.043	3
100249	0.000	0.000	0.000	0.272	22
100244	0.000	0.000	0.000	0.036	1
100243	0.000	0.001	0.000	0.727	69
100242	0.000	0.001	0.000	0.587	86
100239	0.000	0.000	0.000	0.000	0
100238	0.000	0.000	0.000	0.051	3
100237	0.000	0.000	0.000	0.000	0
100236	0.000	0.000	0.000	0.000	0
100233	0.000	0.000	0.000	0.154	7
100232	0.000	0.000	0.000	0.000	0
100231	0.000	0.000	0.000	0.306	7
100229	0.000	0.000	0.000	0.138	23
100228	0.000	0.000	0.000	0.000	0
100226	0.000	0.000	0.000	0.000	0
100223	0.000	0.000	0.000	0.000	0
100220	0.000	0.000	0.000	0.034	2
100219	0.000	0.000	0.000	0.034	6
100217	0.000	0.000	0.000	0.352	7
100216	0.000	0.000	0.000	0.005	1
100215	0.000	0.000	0.000	0.033	1
100214	0.000	0.000	0.000	0.019	3
100213	0.000	0.000	0.000	0.028	5
100212	0.000	0.000	0.000	0.165	14
100211	0.000	0.000	0.000	0.131	22
100210	0.000	0.000	0.000	0.000	0
100209	0.000	0.000	0.000	0.103	9
100208	0.000	0.000	0.000	0.055	8
100207	0.000	0.000	0.000	0.000	0
100206	0.000	0.001	0.000	0.742	113
100205	0.000	0.001	0.000	0.374	19
100204	0.000	0.000	0.000	0.007	1
100203	0.000	0.000	0.000	0.002	0
100202	0.000	0.000	0.000	0.000	0
100201	0.000	0.000	0.000	0.051	4
100200	0.000	0.000	0.000	0.073	10
100199	0.000	0.001	0.000	0.238	15
100197	0.000	0.000	0.000	0.000	0
100195	0.000	0.000	0.000	0.152	2
100194	0.000	0.000	0.000	0.009	2
100193	0.000	0.000	0.000	0.279	15
100192	0.000	0.000	0.000	0.069	10
100190	0.000	0.000	0.000	0.116	5
100189	0.000	0.000	0.000	0.001	0
100188	0.000	0.000	0.000	0.000	0
100187	0.000	0.000	0.000	0.018	1
100185	0.000	0.000	0.000	0.124	15
100184	0.000	0.000	0.000	0.088	16
100183	0.000	0.000	0.000	0.003	0
100181	0.000	0.001	0.000	0.477	40
100180	0.000	0.000	0.000	0.000	0
100179	0.000	0.000	0.000	0.014	3
100178	0.000	0.000	0.000	0.001	0
100177	0.000	0.006	0.000	4.061	100
100175	0.000	0.000	0.000	0.001	0
100174	0.000	0.001	0.000	0.385	35
100172	0.000	0.000	0.000	0.007	0
100171	0.000	0.000	0.000	0.081	13
100170	0.000	0.000	0.000	0.033	9
100169	0.000	0.000	0.000	0.002	0
100167	0.000	0.000	0.000	0.000	0
100165	0.000	0.000	0.000	0.001	0
100164	0.000	0.000	0.000	0.029	4
100162	0.000	0.001	0.000	0.391	15
100159	0.000	0.000	0.000	0.395	61
100158	0.000	0.000	0.000	0.000	0
100157	0.000	0.000	0.000	0.021	2
100156	0.000	0.000	0.000	0.000	0
100154	0.000	0.000	0.000	0.138	17
100153	0.000	0.000	0.000	0.005	0
100151	0.000	0.000	0.000	0.000	0
100149	0.000	0.000	0.000	0.008	2
100148	0.000	0.000	0.000	0.043	1
100144	0.000	0.000	0.000	0.340	29
100143	0.000	0.000	0.000	0.002	0
100142	0.000	0.001	0.000	0.614	20
100141	0.000	0.000	0.000	0.019	3
100140	0.000	0.000	0.000	0.097	8
100139	0.000	0.000	0.000	0.039	2
100138	0.000	0.001	0.000	0.000	0
100137	0.000	0.000	0.000	0.020	4
100136	0.000	0.000	0.000	0.044	1
100135	0.000	0.000	0.000	0.001	0
100134	0.000	0.000	0.000	0.001	0
100133	0.000	0.000	0.000	0.020	1
100131	0.000	0.000	0.000	0.000	0
100130	0.000	0.002	0.000	1.102	55
100129	0.000	0.000	0.000	0.025	3
100128	0.000	0.000	0.000	0.000	0
100126	0.000	0.000	0.000	0.015	2
100123	0.000	0.001	0.000	0.284	23
100121	0.000	0.000	0.000	0.000	0
100118	0.000	0.000	0.000	0.000	0
100114	0.000	0.000	0.000	0.000	0
100113	0.000	0.000	0.000	0.085	9
100109	0.000	0.000	0.000	0.000	0
100108	0.000	0.001	0.000	0.293	10
100106	0.000	0.000	0.000	0.198	14
100105	0.000	0.000	0.000	0.127	8
100098	0.000	0.000	0.000	0.000	0
100094	0.000	0.000	0.000	0.000	0
100092	0.000	0.000	0.000	0.029	7
100090	0.000	0.000	0.000	0.017	2
100089	0.000	0.000	0.000	0.013	2
100088	0.000	0.000	0.000	0.125	6
100087	0.000	0.001	0.000	0.141	11
100085	0.000	0.000	0.000	0.000	0
100084	0.000	0.001	0.000	0.509	14
100080	0.000	0.000	0.000	0.001	0
100078	0.000	0.000	0.000	0.142	8
100077	0.000	0.000	0.000	0.067	8
100076	0.000	0.000	0.000	0.046	3
100074	0.000	0.002	0.000	1.495	169
100073	0.000	0.000	0.000	0.000	0
100072	0.000	0.000	0.000	0.052	3
100071	0.000	0.000	0.000	0.292	52
100070	0.000	0.000	0.000	0.015	1
100069	0.000	0.000	0.000	0.005	1
100068	0.000	0.001	0.000	0.685	108
100067	0.000	0.000	0.000	0.007	2
100066	0.000	0.000	0.000	0.017	3
100065	0.000	0.000	0.000	0.000	0
100062	0.000	0.000	0.000	0.042	4
100061	0.000	0.000	0.000	0.000	0
100060	0.000	0.000	0.000	0.121	12
100059	0.000	0.002	0.000	1.359	61
100057	0.000	0.003	0.000	0.245	23
100054	0.000	0.000	0.000	0.000	0
100052	0.000	0.000	0.000	0.000	0
100051	0.000	0.000	0.000	0.002	0
100050	0.000	0.000	0.000	0.019	3
100047	0.000	0.000	0.000	0.000	0
100045	0.000	0.000	0.000	0.189	22
100041	0.000	0.000	0.000	0.066	3
100040	0.000	0.000	0.000	0.001	0
100039	0.000	0.000	0.000	0.194	3
100038	0.000	0.001	0.000	0.799	72
100037	0.000	0.000	0.000	0.003	1
100036	0.000	0.000	0.000	0.106	4
100035	0.000	0.001	0.000	1.116	59
100034	0.000	0.000	0.000	0.010	1
100033	0.000	0.000	0.000	0.125	11
100032	0.000	0.001	0.000	0.320	42
100031	0.000	0.000	0.000	0.062	5
100029	0.000	0.000	0.000	0.022	4
100028	0.000	0.000	0.000	0.198	7
100027	0.000	0.000	0.000	0.000	0
100026	0.000	0.000	0.000	0.000	0
100024	0.000	0.000	0.000	0.102	5
100023	0.000	0.001	0.000	0.296	21
100022	0.000	0.000	0.000	0.313	11
100018	0.000	0.000	0.000	0.136	2
100017	0.000	0.000	0.000	0.000	0
100014	0.000	0.000	0.000	0.000	0
100013	0.000	0.009	0.000	4.084	153
100004	0.000	0.000	0.000	0.010	3
100003	0.000	0.000	0.000	0.221	29
100002	0.000	0.000	0.000	0.393	26
100001	0.000	0.000	0.000	0.002	0
