,sample 2,fixed diffs,sample 1
0,A11-e003Coalescence-mBHI-p5,2151,A2-e003Coalescence-Inoculumn-mBHI
1,A11-e003Coalescence-mGAM-p7,3313,A2-e003Coalescence-Inoculumn-mBHI
2,A2-e003Coalescence-Inoculumn-mBHI,0,A2-e003Coalescence-Inoculumn-mBHI
3,A2-e003Coalescence-Inoculumn-mGAM,4126,A2-e003Coalescence-Inoculumn-mBHI
4,A2-e003Coalescence-mBHI-inoculumn-redo,0,A2-e003Coalescence-Inoculumn-mBHI
5,A2-e003Coalescence-mBHI-p5,0,A2-e003Coalescence-Inoculumn-mBHI
6,A2-e003Coalescence-mGAM-p7,0,A2-e003Coalescence-Inoculumn-mBHI
7,A3-e003Coalescence-Inoculumn-mGAM,2241,A2-e003Coalescence-Inoculumn-mBHI
8,A4-e003Coalescence-Inoculumn-mGAM,4005,A2-e003Coalescence-Inoculumn-mBHI
9,A5-e003Coalescence-Inoculumn-mGAM,4438,A2-e003Coalescence-Inoculumn-mBHI
10,A5-e003Coalescence-mBHI-inoculumn-redo,787,A2-e003Coalescence-Inoculumn-mBHI
11,A5-e003Coalescence-mBHI-p7,2993,A2-e003Coalescence-Inoculumn-mBHI
12,A5-e003Coalescence-mGAM-p3,195,A2-e003Coalescence-Inoculumn-mBHI
13,A8-e003Coalescence-mBHI-p3,1234,A2-e003Coalescence-Inoculumn-mBHI
14,A8-e003Coalescence-mBHI-p7,2555,A2-e003Coalescence-Inoculumn-mBHI
15,B2-e003Coalescence-Inoculumn-mGAM,3474,A2-e003Coalescence-Inoculumn-mBHI
16,B2-e003Coalescence-mGAM-p7,5367,A2-e003Coalescence-Inoculumn-mBHI
17,B3-e003Coalescence-Inoculumn-mBHI,5159,A2-e003Coalescence-Inoculumn-mBHI
18,B3-e003Coalescence-mBHI-p3,4955,A2-e003Coalescence-Inoculumn-mBHI
19,B3-e003Coalescence-mGAM-p5,5623,A2-e003Coalescence-Inoculumn-mBHI
20,B4-e003Coalescence-Inoculumn-mBHI,5589,A2-e003Coalescence-Inoculumn-mBHI
21,B5-e003Coalescence-Inoculumn-mBHI,4096,A2-e003Coalescence-Inoculumn-mBHI
22,B5-e003Coalescence-Inoculumn-mGAM,29390,A2-e003Coalescence-Inoculumn-mBHI
23,B5-e003Coalescence-mGAM-p3,4431,A2-e003Coalescence-Inoculumn-mBHI
24,B8-e003Coalescence-mGAM-p5,24326,A2-e003Coalescence-Inoculumn-mBHI
25,C2-e003Coalescence-Inoculumn-mGAM,3420,A2-e003Coalescence-Inoculumn-mBHI
26,C2-e003Coalescence-mBHI-p7,5,A2-e003Coalescence-Inoculumn-mBHI
27,C2-e003Coalescence-mGAM-p5,12,A2-e003Coalescence-Inoculumn-mBHI
28,C2-e003Coalescence-mGAM-p7,11,A2-e003Coalescence-Inoculumn-mBHI
29,C3-e003Coalescence-mBHI-inoculumn-redo,5463,A2-e003Coalescence-Inoculumn-mBHI
30,C3-e003Coalescence-mBHI-p7,33694,A2-e003Coalescence-Inoculumn-mBHI
31,C3-e003Coalescence-mGAM-p3,37866,A2-e003Coalescence-Inoculumn-mBHI
32,C5-e003Coalescence-Inoculumn-mGAM,34034,A2-e003Coalescence-Inoculumn-mBHI
33,C5-e003Coalescence-mBHI-inoculumn-redo,11630,A2-e003Coalescence-Inoculumn-mBHI
34,C5-e003Coalescence-mGAM-p3,3488,A2-e003Coalescence-Inoculumn-mBHI
35,C5-e003Coalescence-mGAM-p7,2789,A2-e003Coalescence-Inoculumn-mBHI
36,C9-e003Coalescence-mBHI-p3,35,A2-e003Coalescence-Inoculumn-mBHI
37,D11-e003Coalescence-mBHI-p5,25366,A2-e003Coalescence-Inoculumn-mBHI
38,D2-e003Coalescence-Inoculumn-mGAM,4741,A2-e003Coalescence-Inoculumn-mBHI
39,D3-e003Coalescence-Inoculumn-mBHI,4036,A2-e003Coalescence-Inoculumn-mBHI
40,D3-e003Coalescence-Inoculumn-mGAM,38788,A2-e003Coalescence-Inoculumn-mBHI
41,D4-e003Coalescence-Inoculumn-mBHI,15732,A2-e003Coalescence-Inoculumn-mBHI
42,D4-e003Coalescence-mGAM-p3,3128,A2-e003Coalescence-Inoculumn-mBHI
43,D4-e003Coalescence-mGAM-p7,2924,A2-e003Coalescence-Inoculumn-mBHI
44,D5-e003Coalescence-Inoculumn-mBHI,7936,A2-e003Coalescence-Inoculumn-mBHI
45,D5-e003Coalescence-Inoculumn-mGAM,39835,A2-e003Coalescence-Inoculumn-mBHI
46,D5-e003Coalescence-mGAM-p3,3033,A2-e003Coalescence-Inoculumn-mBHI
47,D8-e003Coalescence-mGAM-p5,38,A2-e003Coalescence-Inoculumn-mBHI
0,A11-e003Coalescence-mBHI-p5,4639,A2-e003Coalescence-Inoculumn-mGAM
1,A11-e003Coalescence-mGAM-p7,2,A2-e003Coalescence-Inoculumn-mGAM
2,A2-e003Coalescence-Inoculumn-mBHI,4124,A2-e003Coalescence-Inoculumn-mGAM
3,A2-e003Coalescence-Inoculumn-mGAM,0,A2-e003Coalescence-Inoculumn-mGAM
4,A2-e003Coalescence-mBHI-inoculumn-redo,5581,A2-e003Coalescence-Inoculumn-mGAM
5,A2-e003Coalescence-mBHI-p5,3816,A2-e003Coalescence-Inoculumn-mGAM
6,A2-e003Coalescence-mGAM-p7,5935,A2-e003Coalescence-Inoculumn-mGAM
7,A3-e003Coalescence-Inoculumn-mGAM,255,A2-e003Coalescence-Inoculumn-mGAM
8,A4-e003Coalescence-Inoculumn-mGAM,5,A2-e003Coalescence-Inoculumn-mGAM
9,A5-e003Coalescence-Inoculumn-mGAM,2933,A2-e003Coalescence-Inoculumn-mGAM
10,A5-e003Coalescence-mBHI-inoculumn-redo,3463,A2-e003Coalescence-Inoculumn-mGAM
11,A5-e003Coalescence-mBHI-p7,4472,A2-e003Coalescence-Inoculumn-mGAM
12,A5-e003Coalescence-mGAM-p3,3699,A2-e003Coalescence-Inoculumn-mGAM
13,A8-e003Coalescence-mBHI-p3,201,A2-e003Coalescence-Inoculumn-mGAM
14,A8-e003Coalescence-mBHI-p7,6,A2-e003Coalescence-Inoculumn-mGAM
15,B2-e003Coalescence-Inoculumn-mGAM,273,A2-e003Coalescence-Inoculumn-mGAM
16,B2-e003Coalescence-mGAM-p7,7600,A2-e003Coalescence-Inoculumn-mGAM
17,B3-e003Coalescence-Inoculumn-mBHI,7450,A2-e003Coalescence-Inoculumn-mGAM
18,B3-e003Coalescence-mBHI-p3,7035,A2-e003Coalescence-Inoculumn-mGAM
19,B3-e003Coalescence-mGAM-p5,8715,A2-e003Coalescence-Inoculumn-mGAM
20,B4-e003Coalescence-Inoculumn-mBHI,8684,A2-e003Coalescence-Inoculumn-mGAM
21,B5-e003Coalescence-Inoculumn-mBHI,6320,A2-e003Coalescence-Inoculumn-mGAM
22,B5-e003Coalescence-Inoculumn-mGAM,46342,A2-e003Coalescence-Inoculumn-mGAM
23,B5-e003Coalescence-mGAM-p3,6446,A2-e003Coalescence-Inoculumn-mGAM
24,B8-e003Coalescence-mGAM-p5,38895,A2-e003Coalescence-Inoculumn-mGAM
25,C2-e003Coalescence-Inoculumn-mGAM,28,A2-e003Coalescence-Inoculumn-mGAM
26,C2-e003Coalescence-mBHI-p7,6265,A2-e003Coalescence-Inoculumn-mGAM
27,C2-e003Coalescence-mGAM-p5,3568,A2-e003Coalescence-Inoculumn-mGAM
28,C2-e003Coalescence-mGAM-p7,6281,A2-e003Coalescence-Inoculumn-mGAM
29,C3-e003Coalescence-mBHI-inoculumn-redo,8502,A2-e003Coalescence-Inoculumn-mGAM
30,C3-e003Coalescence-mBHI-p7,53710,A2-e003Coalescence-Inoculumn-mGAM
31,C3-e003Coalescence-mGAM-p3,60561,A2-e003Coalescence-Inoculumn-mGAM
32,C5-e003Coalescence-Inoculumn-mGAM,54352,A2-e003Coalescence-Inoculumn-mGAM
33,C5-e003Coalescence-mBHI-inoculumn-redo,19301,A2-e003Coalescence-Inoculumn-mGAM
34,C5-e003Coalescence-mGAM-p3,4935,A2-e003Coalescence-Inoculumn-mGAM
35,C5-e003Coalescence-mGAM-p7,3609,A2-e003Coalescence-Inoculumn-mGAM
36,C9-e003Coalescence-mBHI-p3,6019,A2-e003Coalescence-Inoculumn-mGAM
37,D11-e003Coalescence-mBHI-p5,39440,A2-e003Coalescence-Inoculumn-mGAM
38,D2-e003Coalescence-Inoculumn-mGAM,3688,A2-e003Coalescence-Inoculumn-mGAM
39,D3-e003Coalescence-Inoculumn-mBHI,7054,A2-e003Coalescence-Inoculumn-mGAM
40,D3-e003Coalescence-Inoculumn-mGAM,61960,A2-e003Coalescence-Inoculumn-mGAM
41,D4-e003Coalescence-Inoculumn-mBHI,26231,A2-e003Coalescence-Inoculumn-mGAM
42,D4-e003Coalescence-mGAM-p3,4576,A2-e003Coalescence-Inoculumn-mGAM
43,D4-e003Coalescence-mGAM-p7,3827,A2-e003Coalescence-Inoculumn-mGAM
44,D5-e003Coalescence-Inoculumn-mBHI,13606,A2-e003Coalescence-Inoculumn-mGAM
45,D5-e003Coalescence-Inoculumn-mGAM,63558,A2-e003Coalescence-Inoculumn-mGAM
46,D5-e003Coalescence-mGAM-p3,4981,A2-e003Coalescence-Inoculumn-mGAM
47,D8-e003Coalescence-mGAM-p5,88,A2-e003Coalescence-Inoculumn-mGAM
0,A11-e003Coalescence-mBHI-p5,3276,A2-e003Coalescence-mBHI-inoculumn-redo
1,A11-e003Coalescence-mGAM-p7,4443,A2-e003Coalescence-mBHI-inoculumn-redo
2,A2-e003Coalescence-Inoculumn-mBHI,0,A2-e003Coalescence-mBHI-inoculumn-redo
3,A2-e003Coalescence-Inoculumn-mGAM,5584,A2-e003Coalescence-mBHI-inoculumn-redo
4,A2-e003Coalescence-mBHI-inoculumn-redo,0,A2-e003Coalescence-mBHI-inoculumn-redo
5,A2-e003Coalescence-mBHI-p5,0,A2-e003Coalescence-mBHI-inoculumn-redo
6,A2-e003Coalescence-mGAM-p7,0,A2-e003Coalescence-mBHI-inoculumn-redo
7,A3-e003Coalescence-Inoculumn-mGAM,3007,A2-e003Coalescence-mBHI-inoculumn-redo
8,A4-e003Coalescence-Inoculumn-mGAM,5461,A2-e003Coalescence-mBHI-inoculumn-redo
9,A5-e003Coalescence-Inoculumn-mGAM,6747,A2-e003Coalescence-mBHI-inoculumn-redo
10,A5-e003Coalescence-mBHI-inoculumn-redo,1168,A2-e003Coalescence-mBHI-inoculumn-redo
11,A5-e003Coalescence-mBHI-p7,3969,A2-e003Coalescence-mBHI-inoculumn-redo
12,A5-e003Coalescence-mGAM-p3,288,A2-e003Coalescence-mBHI-inoculumn-redo
13,A8-e003Coalescence-mBHI-p3,1673,A2-e003Coalescence-mBHI-inoculumn-redo
14,A8-e003Coalescence-mBHI-p7,3429,A2-e003Coalescence-mBHI-inoculumn-redo
15,B2-e003Coalescence-Inoculumn-mGAM,4779,A2-e003Coalescence-mBHI-inoculumn-redo
16,B2-e003Coalescence-mGAM-p7,7268,A2-e003Coalescence-mBHI-inoculumn-redo
17,B3-e003Coalescence-Inoculumn-mBHI,7035,A2-e003Coalescence-mBHI-inoculumn-redo
18,B3-e003Coalescence-mBHI-p3,6656,A2-e003Coalescence-mBHI-inoculumn-redo
19,B3-e003Coalescence-mGAM-p5,7841,A2-e003Coalescence-mBHI-inoculumn-redo
20,B4-e003Coalescence-Inoculumn-mBHI,7778,A2-e003Coalescence-mBHI-inoculumn-redo
21,B5-e003Coalescence-Inoculumn-mBHI,5672,A2-e003Coalescence-mBHI-inoculumn-redo
22,B5-e003Coalescence-Inoculumn-mGAM,41059,A2-e003Coalescence-mBHI-inoculumn-redo
23,B5-e003Coalescence-mGAM-p3,6023,A2-e003Coalescence-mBHI-inoculumn-redo
24,B8-e003Coalescence-mGAM-p5,34202,A2-e003Coalescence-mBHI-inoculumn-redo
25,C2-e003Coalescence-Inoculumn-mGAM,4672,A2-e003Coalescence-mBHI-inoculumn-redo
26,C2-e003Coalescence-mBHI-p7,3,A2-e003Coalescence-mBHI-inoculumn-redo
27,C2-e003Coalescence-mGAM-p5,12,A2-e003Coalescence-mBHI-inoculumn-redo
28,C2-e003Coalescence-mGAM-p7,12,A2-e003Coalescence-mBHI-inoculumn-redo
29,C3-e003Coalescence-mBHI-inoculumn-redo,7694,A2-e003Coalescence-mBHI-inoculumn-redo
30,C3-e003Coalescence-mBHI-p7,47292,A2-e003Coalescence-mBHI-inoculumn-redo
31,C3-e003Coalescence-mGAM-p3,53220,A2-e003Coalescence-mBHI-inoculumn-redo
32,C5-e003Coalescence-Inoculumn-mGAM,47834,A2-e003Coalescence-mBHI-inoculumn-redo
33,C5-e003Coalescence-mBHI-inoculumn-redo,16688,A2-e003Coalescence-mBHI-inoculumn-redo
34,C5-e003Coalescence-mGAM-p3,4555,A2-e003Coalescence-mBHI-inoculumn-redo
35,C5-e003Coalescence-mGAM-p7,3752,A2-e003Coalescence-mBHI-inoculumn-redo
36,C9-e003Coalescence-mBHI-p3,50,A2-e003Coalescence-mBHI-inoculumn-redo
37,D11-e003Coalescence-mBHI-p5,35000,A2-e003Coalescence-mBHI-inoculumn-redo
38,D2-e003Coalescence-Inoculumn-mGAM,7091,A2-e003Coalescence-mBHI-inoculumn-redo
39,D3-e003Coalescence-Inoculumn-mBHI,5837,A2-e003Coalescence-mBHI-inoculumn-redo
40,D3-e003Coalescence-Inoculumn-mGAM,54560,A2-e003Coalescence-mBHI-inoculumn-redo
41,D4-e003Coalescence-Inoculumn-mBHI,22702,A2-e003Coalescence-mBHI-inoculumn-redo
42,D4-e003Coalescence-mGAM-p3,4294,A2-e003Coalescence-mBHI-inoculumn-redo
43,D4-e003Coalescence-mGAM-p7,3918,A2-e003Coalescence-mBHI-inoculumn-redo
44,D5-e003Coalescence-Inoculumn-mBHI,11471,A2-e003Coalescence-mBHI-inoculumn-redo
45,D5-e003Coalescence-Inoculumn-mGAM,56052,A2-e003Coalescence-mBHI-inoculumn-redo
46,D5-e003Coalescence-mGAM-p3,4393,A2-e003Coalescence-mBHI-inoculumn-redo
47,D8-e003Coalescence-mGAM-p5,68,A2-e003Coalescence-mBHI-inoculumn-redo
0,A11-e003Coalescence-mBHI-p5,1828,A3-e003Coalescence-Inoculumn-mGAM
1,A11-e003Coalescence-mGAM-p7,189,A3-e003Coalescence-Inoculumn-mGAM
2,A2-e003Coalescence-Inoculumn-mBHI,2241,A3-e003Coalescence-Inoculumn-mGAM
3,A2-e003Coalescence-Inoculumn-mGAM,255,A3-e003Coalescence-Inoculumn-mGAM
4,A2-e003Coalescence-mBHI-inoculumn-redo,3007,A3-e003Coalescence-Inoculumn-mGAM
5,A2-e003Coalescence-mBHI-p5,2074,A3-e003Coalescence-Inoculumn-mGAM
6,A2-e003Coalescence-mGAM-p7,3186,A3-e003Coalescence-Inoculumn-mGAM
7,A3-e003Coalescence-Inoculumn-mGAM,0,A3-e003Coalescence-Inoculumn-mGAM
8,A4-e003Coalescence-Inoculumn-mGAM,273,A3-e003Coalescence-Inoculumn-mGAM
9,A5-e003Coalescence-Inoculumn-mGAM,791,A3-e003Coalescence-Inoculumn-mGAM
10,A5-e003Coalescence-mBHI-inoculumn-redo,1572,A3-e003Coalescence-Inoculumn-mGAM
11,A5-e003Coalescence-mBHI-p7,2344,A3-e003Coalescence-Inoculumn-mGAM
12,A5-e003Coalescence-mGAM-p3,2043,A3-e003Coalescence-Inoculumn-mGAM
13,A8-e003Coalescence-mBHI-p3,277,A3-e003Coalescence-Inoculumn-mGAM
14,A8-e003Coalescence-mBHI-p7,154,A3-e003Coalescence-Inoculumn-mGAM
15,B2-e003Coalescence-Inoculumn-mGAM,233,A3-e003Coalescence-Inoculumn-mGAM
16,B2-e003Coalescence-mGAM-p7,3980,A3-e003Coalescence-Inoculumn-mGAM
17,B3-e003Coalescence-Inoculumn-mBHI,3730,A3-e003Coalescence-Inoculumn-mGAM
18,B3-e003Coalescence-mBHI-p3,3815,A3-e003Coalescence-Inoculumn-mGAM
19,B3-e003Coalescence-mGAM-p5,4087,A3-e003Coalescence-Inoculumn-mGAM
20,B4-e003Coalescence-Inoculumn-mBHI,4083,A3-e003Coalescence-Inoculumn-mGAM
21,B5-e003Coalescence-Inoculumn-mBHI,2751,A3-e003Coalescence-Inoculumn-mGAM
22,B5-e003Coalescence-Inoculumn-mGAM,19213,A3-e003Coalescence-Inoculumn-mGAM
23,B5-e003Coalescence-mGAM-p3,3429,A3-e003Coalescence-Inoculumn-mGAM
24,B8-e003Coalescence-mGAM-p5,15807,A3-e003Coalescence-Inoculumn-mGAM
25,C2-e003Coalescence-Inoculumn-mGAM,224,A3-e003Coalescence-Inoculumn-mGAM
26,C2-e003Coalescence-mBHI-p7,3349,A3-e003Coalescence-Inoculumn-mGAM
27,C2-e003Coalescence-mGAM-p5,1905,A3-e003Coalescence-Inoculumn-mGAM
28,C2-e003Coalescence-mGAM-p7,3380,A3-e003Coalescence-Inoculumn-mGAM
29,C3-e003Coalescence-mBHI-inoculumn-redo,3967,A3-e003Coalescence-Inoculumn-mGAM
30,C3-e003Coalescence-mBHI-p7,21674,A3-e003Coalescence-Inoculumn-mGAM
31,C3-e003Coalescence-mGAM-p3,24552,A3-e003Coalescence-Inoculumn-mGAM
32,C5-e003Coalescence-Inoculumn-mGAM,22381,A3-e003Coalescence-Inoculumn-mGAM
33,C5-e003Coalescence-mBHI-inoculumn-redo,7735,A3-e003Coalescence-Inoculumn-mGAM
34,C5-e003Coalescence-mGAM-p3,2657,A3-e003Coalescence-Inoculumn-mGAM
35,C5-e003Coalescence-mGAM-p7,1927,A3-e003Coalescence-Inoculumn-mGAM
36,C9-e003Coalescence-mBHI-p3,3188,A3-e003Coalescence-Inoculumn-mGAM
37,D11-e003Coalescence-mBHI-p5,16528,A3-e003Coalescence-Inoculumn-mGAM
38,D2-e003Coalescence-Inoculumn-mGAM,1056,A3-e003Coalescence-Inoculumn-mGAM
39,D3-e003Coalescence-Inoculumn-mBHI,2728,A3-e003Coalescence-Inoculumn-mGAM
40,D3-e003Coalescence-Inoculumn-mGAM,25287,A3-e003Coalescence-Inoculumn-mGAM
41,D4-e003Coalescence-Inoculumn-mBHI,10247,A3-e003Coalescence-Inoculumn-mGAM
42,D4-e003Coalescence-mGAM-p3,2308,A3-e003Coalescence-Inoculumn-mGAM
43,D4-e003Coalescence-mGAM-p7,2029,A3-e003Coalescence-Inoculumn-mGAM
44,D5-e003Coalescence-Inoculumn-mBHI,5175,A3-e003Coalescence-Inoculumn-mGAM
45,D5-e003Coalescence-Inoculumn-mGAM,26297,A3-e003Coalescence-Inoculumn-mGAM
46,D5-e003Coalescence-mGAM-p3,2112,A3-e003Coalescence-Inoculumn-mGAM
47,D8-e003Coalescence-mGAM-p5,279,A3-e003Coalescence-Inoculumn-mGAM
0,A11-e003Coalescence-mBHI-p5,4631,A4-e003Coalescence-Inoculumn-mGAM
1,A11-e003Coalescence-mGAM-p7,0,A4-e003Coalescence-Inoculumn-mGAM
2,A2-e003Coalescence-Inoculumn-mBHI,3997,A4-e003Coalescence-Inoculumn-mGAM
3,A2-e003Coalescence-Inoculumn-mGAM,5,A4-e003Coalescence-Inoculumn-mGAM
4,A2-e003Coalescence-mBHI-inoculumn-redo,5450,A4-e003Coalescence-Inoculumn-mGAM
5,A2-e003Coalescence-mBHI-p5,3685,A4-e003Coalescence-Inoculumn-mGAM
6,A2-e003Coalescence-mGAM-p7,5787,A4-e003Coalescence-Inoculumn-mGAM
7,A3-e003Coalescence-Inoculumn-mGAM,273,A4-e003Coalescence-Inoculumn-mGAM
8,A4-e003Coalescence-Inoculumn-mGAM,0,A4-e003Coalescence-Inoculumn-mGAM
9,A5-e003Coalescence-Inoculumn-mGAM,3350,A4-e003Coalescence-Inoculumn-mGAM
10,A5-e003Coalescence-mBHI-inoculumn-redo,3453,A4-e003Coalescence-Inoculumn-mGAM
11,A5-e003Coalescence-mBHI-p7,4294,A4-e003Coalescence-Inoculumn-mGAM
12,A5-e003Coalescence-mGAM-p3,3571,A4-e003Coalescence-Inoculumn-mGAM
13,A8-e003Coalescence-mBHI-p3,206,A4-e003Coalescence-Inoculumn-mGAM
14,A8-e003Coalescence-mBHI-p7,7,A4-e003Coalescence-Inoculumn-mGAM
15,B2-e003Coalescence-Inoculumn-mGAM,272,A4-e003Coalescence-Inoculumn-mGAM
16,B2-e003Coalescence-mGAM-p7,7521,A4-e003Coalescence-Inoculumn-mGAM
17,B3-e003Coalescence-Inoculumn-mBHI,7326,A4-e003Coalescence-Inoculumn-mGAM
18,B3-e003Coalescence-mBHI-p3,6981,A4-e003Coalescence-Inoculumn-mGAM
19,B3-e003Coalescence-mGAM-p5,8549,A4-e003Coalescence-Inoculumn-mGAM
20,B4-e003Coalescence-Inoculumn-mBHI,8484,A4-e003Coalescence-Inoculumn-mGAM
21,B5-e003Coalescence-Inoculumn-mBHI,6341,A4-e003Coalescence-Inoculumn-mGAM
22,B5-e003Coalescence-Inoculumn-mGAM,46819,A4-e003Coalescence-Inoculumn-mGAM
23,B5-e003Coalescence-mGAM-p3,6379,A4-e003Coalescence-Inoculumn-mGAM
24,B8-e003Coalescence-mGAM-p5,39022,A4-e003Coalescence-Inoculumn-mGAM
25,C2-e003Coalescence-Inoculumn-mGAM,13,A4-e003Coalescence-Inoculumn-mGAM
26,C2-e003Coalescence-mBHI-p7,6095,A4-e003Coalescence-Inoculumn-mGAM
27,C2-e003Coalescence-mGAM-p5,3462,A4-e003Coalescence-Inoculumn-mGAM
28,C2-e003Coalescence-mGAM-p7,6117,A4-e003Coalescence-Inoculumn-mGAM
29,C3-e003Coalescence-mBHI-inoculumn-redo,8219,A4-e003Coalescence-Inoculumn-mGAM
30,C3-e003Coalescence-mBHI-p7,53942,A4-e003Coalescence-Inoculumn-mGAM
31,C3-e003Coalescence-mGAM-p3,60714,A4-e003Coalescence-Inoculumn-mGAM
32,C5-e003Coalescence-Inoculumn-mGAM,54458,A4-e003Coalescence-Inoculumn-mGAM
33,C5-e003Coalescence-mBHI-inoculumn-redo,19068,A4-e003Coalescence-Inoculumn-mGAM
34,C5-e003Coalescence-mGAM-p3,4764,A4-e003Coalescence-Inoculumn-mGAM
35,C5-e003Coalescence-mGAM-p7,3489,A4-e003Coalescence-Inoculumn-mGAM
36,C9-e003Coalescence-mBHI-p3,5851,A4-e003Coalescence-Inoculumn-mGAM
37,D11-e003Coalescence-mBHI-p5,39970,A4-e003Coalescence-Inoculumn-mGAM
38,D2-e003Coalescence-Inoculumn-mGAM,4057,A4-e003Coalescence-Inoculumn-mGAM
39,D3-e003Coalescence-Inoculumn-mBHI,7139,A4-e003Coalescence-Inoculumn-mGAM
40,D3-e003Coalescence-Inoculumn-mGAM,62709,A4-e003Coalescence-Inoculumn-mGAM
41,D4-e003Coalescence-Inoculumn-mBHI,26058,A4-e003Coalescence-Inoculumn-mGAM
42,D4-e003Coalescence-mGAM-p3,4434,A4-e003Coalescence-Inoculumn-mGAM
43,D4-e003Coalescence-mGAM-p7,3703,A4-e003Coalescence-Inoculumn-mGAM
44,D5-e003Coalescence-Inoculumn-mBHI,13783,A4-e003Coalescence-Inoculumn-mGAM
45,D5-e003Coalescence-Inoculumn-mGAM,64414,A4-e003Coalescence-Inoculumn-mGAM
46,D5-e003Coalescence-mGAM-p3,5036,A4-e003Coalescence-Inoculumn-mGAM
47,D8-e003Coalescence-mGAM-p5,88,A4-e003Coalescence-Inoculumn-mGAM
0,A11-e003Coalescence-mBHI-p5,1097,A5-e003Coalescence-Inoculumn-mGAM
1,A11-e003Coalescence-mGAM-p7,1551,A5-e003Coalescence-Inoculumn-mGAM
2,A2-e003Coalescence-Inoculumn-mBHI,4427,A5-e003Coalescence-Inoculumn-mGAM
3,A2-e003Coalescence-Inoculumn-mGAM,2919,A5-e003Coalescence-Inoculumn-mGAM
4,A2-e003Coalescence-mBHI-inoculumn-redo,6736,A5-e003Coalescence-Inoculumn-mGAM
5,A2-e003Coalescence-mBHI-p5,4071,A5-e003Coalescence-Inoculumn-mGAM
6,A2-e003Coalescence-mGAM-p7,7503,A5-e003Coalescence-Inoculumn-mGAM
7,A3-e003Coalescence-Inoculumn-mGAM,789,A5-e003Coalescence-Inoculumn-mGAM
8,A4-e003Coalescence-Inoculumn-mGAM,3340,A5-e003Coalescence-Inoculumn-mGAM
9,A5-e003Coalescence-Inoculumn-mGAM,0,A5-e003Coalescence-Inoculumn-mGAM
10,A5-e003Coalescence-mBHI-inoculumn-redo,1828,A5-e003Coalescence-Inoculumn-mGAM
11,A5-e003Coalescence-mBHI-p7,3741,A5-e003Coalescence-Inoculumn-mGAM
12,A5-e003Coalescence-mGAM-p3,5221,A5-e003Coalescence-Inoculumn-mGAM
13,A8-e003Coalescence-mBHI-p3,2114,A5-e003Coalescence-Inoculumn-mGAM
14,A8-e003Coalescence-mBHI-p7,1336,A5-e003Coalescence-Inoculumn-mGAM
15,B2-e003Coalescence-Inoculumn-mGAM,1955,A5-e003Coalescence-Inoculumn-mGAM
16,B2-e003Coalescence-mGAM-p7,6338,A5-e003Coalescence-Inoculumn-mGAM
17,B3-e003Coalescence-Inoculumn-mBHI,5618,A5-e003Coalescence-Inoculumn-mGAM
18,B3-e003Coalescence-mBHI-p3,6356,A5-e003Coalescence-Inoculumn-mGAM
19,B3-e003Coalescence-mGAM-p5,6154,A5-e003Coalescence-Inoculumn-mGAM
20,B4-e003Coalescence-Inoculumn-mBHI,6186,A5-e003Coalescence-Inoculumn-mGAM
21,B5-e003Coalescence-Inoculumn-mBHI,1919,A5-e003Coalescence-Inoculumn-mGAM
22,B5-e003Coalescence-Inoculumn-mGAM,5167,A5-e003Coalescence-Inoculumn-mGAM
23,B5-e003Coalescence-mGAM-p3,5865,A5-e003Coalescence-Inoculumn-mGAM
24,B8-e003Coalescence-mGAM-p5,8217,A5-e003Coalescence-Inoculumn-mGAM
25,C2-e003Coalescence-Inoculumn-mGAM,2468,A5-e003Coalescence-Inoculumn-mGAM
26,C2-e003Coalescence-mBHI-p7,8313,A5-e003Coalescence-Inoculumn-mGAM
27,C2-e003Coalescence-mGAM-p5,3784,A5-e003Coalescence-Inoculumn-mGAM
28,C2-e003Coalescence-mGAM-p7,7940,A5-e003Coalescence-Inoculumn-mGAM
29,C3-e003Coalescence-mBHI-inoculumn-redo,6221,A5-e003Coalescence-Inoculumn-mGAM
30,C3-e003Coalescence-mBHI-p7,11489,A5-e003Coalescence-Inoculumn-mGAM
31,C3-e003Coalescence-mGAM-p3,13603,A5-e003Coalescence-Inoculumn-mGAM
32,C5-e003Coalescence-Inoculumn-mGAM,6092,A5-e003Coalescence-Inoculumn-mGAM
33,C5-e003Coalescence-mBHI-inoculumn-redo,2189,A5-e003Coalescence-Inoculumn-mGAM
34,C5-e003Coalescence-mGAM-p3,5106,A5-e003Coalescence-Inoculumn-mGAM
35,C5-e003Coalescence-mGAM-p7,4233,A5-e003Coalescence-Inoculumn-mGAM
36,C9-e003Coalescence-mBHI-p3,7625,A5-e003Coalescence-Inoculumn-mGAM
37,D11-e003Coalescence-mBHI-p5,4197,A5-e003Coalescence-Inoculumn-mGAM
38,D2-e003Coalescence-Inoculumn-mGAM,577,A5-e003Coalescence-Inoculumn-mGAM
39,D3-e003Coalescence-Inoculumn-mBHI,1857,A5-e003Coalescence-Inoculumn-mGAM
40,D3-e003Coalescence-Inoculumn-mGAM,7220,A5-e003Coalescence-Inoculumn-mGAM
41,D4-e003Coalescence-Inoculumn-mBHI,3117,A5-e003Coalescence-Inoculumn-mGAM
42,D4-e003Coalescence-mGAM-p3,4280,A5-e003Coalescence-Inoculumn-mGAM
43,D4-e003Coalescence-mGAM-p7,4514,A5-e003Coalescence-Inoculumn-mGAM
44,D5-e003Coalescence-Inoculumn-mBHI,1913,A5-e003Coalescence-Inoculumn-mGAM
45,D5-e003Coalescence-Inoculumn-mGAM,7315,A5-e003Coalescence-Inoculumn-mGAM
46,D5-e003Coalescence-mGAM-p3,2279,A5-e003Coalescence-Inoculumn-mGAM
47,D8-e003Coalescence-mGAM-p5,4011,A5-e003Coalescence-Inoculumn-mGAM
0,A11-e003Coalescence-mBHI-p5,1173,A5-e003Coalescence-mBHI-inoculumn-redo
1,A11-e003Coalescence-mGAM-p7,2684,A5-e003Coalescence-mBHI-inoculumn-redo
2,A2-e003Coalescence-Inoculumn-mBHI,787,A5-e003Coalescence-mBHI-inoculumn-redo
3,A2-e003Coalescence-Inoculumn-mGAM,3463,A5-e003Coalescence-mBHI-inoculumn-redo
4,A2-e003Coalescence-mBHI-inoculumn-redo,1168,A5-e003Coalescence-mBHI-inoculumn-redo
5,A2-e003Coalescence-mBHI-p5,715,A5-e003Coalescence-mBHI-inoculumn-redo
6,A2-e003Coalescence-mGAM-p7,1338,A5-e003Coalescence-mBHI-inoculumn-redo
7,A3-e003Coalescence-Inoculumn-mGAM,1572,A5-e003Coalescence-mBHI-inoculumn-redo
8,A4-e003Coalescence-Inoculumn-mGAM,3454,A5-e003Coalescence-mBHI-inoculumn-redo
9,A5-e003Coalescence-Inoculumn-mGAM,1835,A5-e003Coalescence-mBHI-inoculumn-redo
10,A5-e003Coalescence-mBHI-inoculumn-redo,0,A5-e003Coalescence-mBHI-inoculumn-redo
11,A5-e003Coalescence-mBHI-p7,1512,A5-e003Coalescence-mBHI-inoculumn-redo
12,A5-e003Coalescence-mGAM-p3,948,A5-e003Coalescence-mBHI-inoculumn-redo
13,A8-e003Coalescence-mBHI-p3,1556,A5-e003Coalescence-mBHI-inoculumn-redo
14,A8-e003Coalescence-mBHI-p7,2090,A5-e003Coalescence-mBHI-inoculumn-redo
15,B2-e003Coalescence-Inoculumn-mGAM,2516,A5-e003Coalescence-mBHI-inoculumn-redo
16,B2-e003Coalescence-mGAM-p7,3723,A5-e003Coalescence-mBHI-inoculumn-redo
17,B3-e003Coalescence-Inoculumn-mBHI,3437,A5-e003Coalescence-mBHI-inoculumn-redo
18,B3-e003Coalescence-mBHI-p3,3702,A5-e003Coalescence-mBHI-inoculumn-redo
19,B3-e003Coalescence-mGAM-p5,3500,A5-e003Coalescence-mBHI-inoculumn-redo
20,B4-e003Coalescence-Inoculumn-mBHI,3570,A5-e003Coalescence-mBHI-inoculumn-redo
21,B5-e003Coalescence-Inoculumn-mBHI,1993,A5-e003Coalescence-mBHI-inoculumn-redo
22,B5-e003Coalescence-Inoculumn-mGAM,13890,A5-e003Coalescence-mBHI-inoculumn-redo
23,B5-e003Coalescence-mGAM-p3,3198,A5-e003Coalescence-mBHI-inoculumn-redo
24,B8-e003Coalescence-mGAM-p5,12479,A5-e003Coalescence-mBHI-inoculumn-redo
25,C2-e003Coalescence-Inoculumn-mGAM,2910,A5-e003Coalescence-mBHI-inoculumn-redo
26,C2-e003Coalescence-mBHI-p7,1391,A5-e003Coalescence-mBHI-inoculumn-redo
27,C2-e003Coalescence-mGAM-p5,637,A5-e003Coalescence-mBHI-inoculumn-redo
28,C2-e003Coalescence-mGAM-p7,1372,A5-e003Coalescence-mBHI-inoculumn-redo
29,C3-e003Coalescence-mBHI-inoculumn-redo,3495,A5-e003Coalescence-mBHI-inoculumn-redo
30,C3-e003Coalescence-mBHI-p7,17271,A5-e003Coalescence-mBHI-inoculumn-redo
31,C3-e003Coalescence-mGAM-p3,19485,A5-e003Coalescence-mBHI-inoculumn-redo
32,C5-e003Coalescence-Inoculumn-mGAM,16016,A5-e003Coalescence-mBHI-inoculumn-redo
33,C5-e003Coalescence-mBHI-inoculumn-redo,5080,A5-e003Coalescence-mBHI-inoculumn-redo
34,C5-e003Coalescence-mGAM-p3,1926,A5-e003Coalescence-mBHI-inoculumn-redo
35,C5-e003Coalescence-mGAM-p7,1800,A5-e003Coalescence-mBHI-inoculumn-redo
36,C9-e003Coalescence-mBHI-p3,1339,A5-e003Coalescence-mBHI-inoculumn-redo
37,D11-e003Coalescence-mBHI-p5,11937,A5-e003Coalescence-mBHI-inoculumn-redo
38,D2-e003Coalescence-Inoculumn-mGAM,2081,A5-e003Coalescence-mBHI-inoculumn-redo
39,D3-e003Coalescence-Inoculumn-mBHI,1536,A5-e003Coalescence-mBHI-inoculumn-redo
40,D3-e003Coalescence-Inoculumn-mGAM,18434,A5-e003Coalescence-mBHI-inoculumn-redo
41,D4-e003Coalescence-Inoculumn-mBHI,6853,A5-e003Coalescence-mBHI-inoculumn-redo
42,D4-e003Coalescence-mGAM-p3,1565,A5-e003Coalescence-mBHI-inoculumn-redo
43,D4-e003Coalescence-mGAM-p7,1794,A5-e003Coalescence-mBHI-inoculumn-redo
44,D5-e003Coalescence-Inoculumn-mBHI,3246,A5-e003Coalescence-mBHI-inoculumn-redo
45,D5-e003Coalescence-Inoculumn-mGAM,18961,A5-e003Coalescence-mBHI-inoculumn-redo
46,D5-e003Coalescence-mGAM-p3,1098,A5-e003Coalescence-mBHI-inoculumn-redo
47,D8-e003Coalescence-mGAM-p5,1277,A5-e003Coalescence-mBHI-inoculumn-redo
0,A11-e003Coalescence-mBHI-p5,3119,B2-e003Coalescence-Inoculumn-mGAM
1,A11-e003Coalescence-mGAM-p7,131,B2-e003Coalescence-Inoculumn-mGAM
2,A2-e003Coalescence-Inoculumn-mBHI,3473,B2-e003Coalescence-Inoculumn-mGAM
3,A2-e003Coalescence-Inoculumn-mGAM,273,B2-e003Coalescence-Inoculumn-mGAM
4,A2-e003Coalescence-mBHI-inoculumn-redo,4778,B2-e003Coalescence-Inoculumn-mGAM
5,A2-e003Coalescence-mBHI-p5,3178,B2-e003Coalescence-Inoculumn-mGAM
6,A2-e003Coalescence-mGAM-p7,5037,B2-e003Coalescence-Inoculumn-mGAM
7,A3-e003Coalescence-Inoculumn-mGAM,231,B2-e003Coalescence-Inoculumn-mGAM
8,A4-e003Coalescence-Inoculumn-mGAM,274,B2-e003Coalescence-Inoculumn-mGAM
9,A5-e003Coalescence-Inoculumn-mGAM,1956,B2-e003Coalescence-Inoculumn-mGAM
10,A5-e003Coalescence-mBHI-inoculumn-redo,2505,B2-e003Coalescence-Inoculumn-mGAM
11,A5-e003Coalescence-mBHI-p7,3705,B2-e003Coalescence-Inoculumn-mGAM
12,A5-e003Coalescence-mGAM-p3,3169,B2-e003Coalescence-Inoculumn-mGAM
13,A8-e003Coalescence-mBHI-p3,349,B2-e003Coalescence-Inoculumn-mGAM
14,A8-e003Coalescence-mBHI-p7,119,B2-e003Coalescence-Inoculumn-mGAM
15,B2-e003Coalescence-Inoculumn-mGAM,0,B2-e003Coalescence-Inoculumn-mGAM
16,B2-e003Coalescence-mGAM-p7,6287,B2-e003Coalescence-Inoculumn-mGAM
17,B3-e003Coalescence-Inoculumn-mBHI,5967,B2-e003Coalescence-Inoculumn-mGAM
18,B3-e003Coalescence-mBHI-p3,6021,B2-e003Coalescence-Inoculumn-mGAM
19,B3-e003Coalescence-mGAM-p5,6736,B2-e003Coalescence-Inoculumn-mGAM
20,B4-e003Coalescence-Inoculumn-mBHI,6662,B2-e003Coalescence-Inoculumn-mGAM
21,B5-e003Coalescence-Inoculumn-mBHI,4564,B2-e003Coalescence-Inoculumn-mGAM
22,B5-e003Coalescence-Inoculumn-mGAM,31803,B2-e003Coalescence-Inoculumn-mGAM
23,B5-e003Coalescence-mGAM-p3,5439,B2-e003Coalescence-Inoculumn-mGAM
24,B8-e003Coalescence-mGAM-p5,26208,B2-e003Coalescence-Inoculumn-mGAM
25,C2-e003Coalescence-Inoculumn-mGAM,225,B2-e003Coalescence-Inoculumn-mGAM
26,C2-e003Coalescence-mBHI-p7,5366,B2-e003Coalescence-Inoculumn-mGAM
27,C2-e003Coalescence-mGAM-p5,2985,B2-e003Coalescence-Inoculumn-mGAM
28,C2-e003Coalescence-mGAM-p7,5386,B2-e003Coalescence-Inoculumn-mGAM
29,C3-e003Coalescence-mBHI-inoculumn-redo,6588,B2-e003Coalescence-Inoculumn-mGAM
30,C3-e003Coalescence-mBHI-p7,36255,B2-e003Coalescence-Inoculumn-mGAM
31,C3-e003Coalescence-mGAM-p3,40879,B2-e003Coalescence-Inoculumn-mGAM
32,C5-e003Coalescence-Inoculumn-mGAM,37753,B2-e003Coalescence-Inoculumn-mGAM
33,C5-e003Coalescence-mBHI-inoculumn-redo,12877,B2-e003Coalescence-Inoculumn-mGAM
34,C5-e003Coalescence-mGAM-p3,4157,B2-e003Coalescence-Inoculumn-mGAM
35,C5-e003Coalescence-mGAM-p7,3070,B2-e003Coalescence-Inoculumn-mGAM
36,C9-e003Coalescence-mBHI-p3,5147,B2-e003Coalescence-Inoculumn-mGAM
37,D11-e003Coalescence-mBHI-p5,27580,B2-e003Coalescence-Inoculumn-mGAM
38,D2-e003Coalescence-Inoculumn-mGAM,2382,B2-e003Coalescence-Inoculumn-mGAM
39,D3-e003Coalescence-Inoculumn-mBHI,4734,B2-e003Coalescence-Inoculumn-mGAM
40,D3-e003Coalescence-Inoculumn-mGAM,42644,B2-e003Coalescence-Inoculumn-mGAM
41,D4-e003Coalescence-Inoculumn-mBHI,17794,B2-e003Coalescence-Inoculumn-mGAM
42,D4-e003Coalescence-mGAM-p3,3675,B2-e003Coalescence-Inoculumn-mGAM
43,D4-e003Coalescence-mGAM-p7,3245,B2-e003Coalescence-Inoculumn-mGAM
44,D5-e003Coalescence-Inoculumn-mBHI,9131,B2-e003Coalescence-Inoculumn-mGAM
45,D5-e003Coalescence-Inoculumn-mGAM,44222,B2-e003Coalescence-Inoculumn-mGAM
46,D5-e003Coalescence-mGAM-p3,3654,B2-e003Coalescence-Inoculumn-mGAM
47,D8-e003Coalescence-mGAM-p5,402,B2-e003Coalescence-Inoculumn-mGAM
0,A11-e003Coalescence-mBHI-p5,4426,B3-e003Coalescence-Inoculumn-mBHI
1,A11-e003Coalescence-mGAM-p7,5767,B3-e003Coalescence-Inoculumn-mBHI
2,A2-e003Coalescence-Inoculumn-mBHI,5159,B3-e003Coalescence-Inoculumn-mBHI
3,A2-e003Coalescence-Inoculumn-mGAM,7450,B3-e003Coalescence-Inoculumn-mBHI
4,A2-e003Coalescence-mBHI-inoculumn-redo,7035,B3-e003Coalescence-Inoculumn-mBHI
5,A2-e003Coalescence-mBHI-p5,4741,B3-e003Coalescence-Inoculumn-mBHI
6,A2-e003Coalescence-mGAM-p7,7545,B3-e003Coalescence-Inoculumn-mBHI
7,A3-e003Coalescence-Inoculumn-mGAM,3730,B3-e003Coalescence-Inoculumn-mBHI
8,A4-e003Coalescence-Inoculumn-mGAM,7335,B3-e003Coalescence-Inoculumn-mBHI
9,A5-e003Coalescence-Inoculumn-mGAM,5629,B3-e003Coalescence-Inoculumn-mBHI
10,A5-e003Coalescence-mBHI-inoculumn-redo,3436,B3-e003Coalescence-Inoculumn-mBHI
11,A5-e003Coalescence-mBHI-p7,4030,B3-e003Coalescence-Inoculumn-mBHI
12,A5-e003Coalescence-mGAM-p3,5232,B3-e003Coalescence-Inoculumn-mBHI
13,A8-e003Coalescence-mBHI-p3,5174,B3-e003Coalescence-Inoculumn-mBHI
14,A8-e003Coalescence-mBHI-p7,4965,B3-e003Coalescence-Inoculumn-mBHI
15,B2-e003Coalescence-Inoculumn-mGAM,5972,B3-e003Coalescence-Inoculumn-mBHI
16,B2-e003Coalescence-mGAM-p7,481,B3-e003Coalescence-Inoculumn-mBHI
17,B3-e003Coalescence-Inoculumn-mBHI,0,B3-e003Coalescence-Inoculumn-mBHI
18,B3-e003Coalescence-mBHI-p3,346,B3-e003Coalescence-Inoculumn-mBHI
19,B3-e003Coalescence-mGAM-p5,594,B3-e003Coalescence-Inoculumn-mBHI
20,B4-e003Coalescence-Inoculumn-mBHI,715,B3-e003Coalescence-Inoculumn-mBHI
21,B5-e003Coalescence-Inoculumn-mBHI,1720,B3-e003Coalescence-Inoculumn-mBHI
22,B5-e003Coalescence-Inoculumn-mGAM,25142,B3-e003Coalescence-Inoculumn-mBHI
23,B5-e003Coalescence-mGAM-p3,429,B3-e003Coalescence-Inoculumn-mBHI
24,B8-e003Coalescence-mGAM-p5,20719,B3-e003Coalescence-Inoculumn-mBHI
25,C2-e003Coalescence-Inoculumn-mGAM,6275,B3-e003Coalescence-Inoculumn-mBHI
26,C2-e003Coalescence-mBHI-p7,7986,B3-e003Coalescence-Inoculumn-mBHI
27,C2-e003Coalescence-mGAM-p5,4373,B3-e003Coalescence-Inoculumn-mBHI
28,C2-e003Coalescence-mGAM-p7,8010,B3-e003Coalescence-Inoculumn-mBHI
29,C3-e003Coalescence-mBHI-inoculumn-redo,565,B3-e003Coalescence-Inoculumn-mBHI
30,C3-e003Coalescence-mBHI-p7,28540,B3-e003Coalescence-Inoculumn-mBHI
31,C3-e003Coalescence-mGAM-p3,32191,B3-e003Coalescence-Inoculumn-mBHI
32,C5-e003Coalescence-Inoculumn-mGAM,29885,B3-e003Coalescence-Inoculumn-mBHI
33,C5-e003Coalescence-mBHI-inoculumn-redo,10578,B3-e003Coalescence-Inoculumn-mBHI
34,C5-e003Coalescence-mGAM-p3,5056,B3-e003Coalescence-Inoculumn-mBHI
35,C5-e003Coalescence-mGAM-p7,4405,B3-e003Coalescence-Inoculumn-mBHI
36,C9-e003Coalescence-mBHI-p3,7648,B3-e003Coalescence-Inoculumn-mBHI
37,D11-e003Coalescence-mBHI-p5,21608,B3-e003Coalescence-Inoculumn-mBHI
38,D2-e003Coalescence-Inoculumn-mGAM,5856,B3-e003Coalescence-Inoculumn-mBHI
39,D3-e003Coalescence-Inoculumn-mBHI,828,B3-e003Coalescence-Inoculumn-mBHI
40,D3-e003Coalescence-Inoculumn-mGAM,33577,B3-e003Coalescence-Inoculumn-mBHI
41,D4-e003Coalescence-Inoculumn-mBHI,14293,B3-e003Coalescence-Inoculumn-mBHI
42,D4-e003Coalescence-mGAM-p3,4733,B3-e003Coalescence-Inoculumn-mBHI
43,D4-e003Coalescence-mGAM-p7,4662,B3-e003Coalescence-Inoculumn-mBHI
44,D5-e003Coalescence-Inoculumn-mBHI,7966,B3-e003Coalescence-Inoculumn-mBHI
45,D5-e003Coalescence-Inoculumn-mGAM,35076,B3-e003Coalescence-Inoculumn-mBHI
46,D5-e003Coalescence-mGAM-p3,4435,B3-e003Coalescence-Inoculumn-mBHI
47,D8-e003Coalescence-mGAM-p5,5779,B3-e003Coalescence-Inoculumn-mBHI
0,A11-e003Coalescence-mBHI-p5,4395,B4-e003Coalescence-Inoculumn-mBHI
1,A11-e003Coalescence-mGAM-p7,6358,B4-e003Coalescence-Inoculumn-mBHI
2,A2-e003Coalescence-Inoculumn-mBHI,5589,B4-e003Coalescence-Inoculumn-mBHI
3,A2-e003Coalescence-Inoculumn-mGAM,8681,B4-e003Coalescence-Inoculumn-mBHI
4,A2-e003Coalescence-mBHI-inoculumn-redo,7779,B4-e003Coalescence-Inoculumn-mBHI
5,A2-e003Coalescence-mBHI-p5,5185,B4-e003Coalescence-Inoculumn-mBHI
6,A2-e003Coalescence-mGAM-p7,8552,B4-e003Coalescence-Inoculumn-mBHI
7,A3-e003Coalescence-Inoculumn-mGAM,4079,B4-e003Coalescence-Inoculumn-mBHI
8,A4-e003Coalescence-Inoculumn-mGAM,8491,B4-e003Coalescence-Inoculumn-mBHI
9,A5-e003Coalescence-Inoculumn-mGAM,6175,B4-e003Coalescence-Inoculumn-mBHI
10,A5-e003Coalescence-mBHI-inoculumn-redo,3563,B4-e003Coalescence-Inoculumn-mBHI
11,A5-e003Coalescence-mBHI-p7,4376,B4-e003Coalescence-Inoculumn-mBHI
12,A5-e003Coalescence-mGAM-p3,5783,B4-e003Coalescence-Inoculumn-mBHI
13,A8-e003Coalescence-mBHI-p3,5874,B4-e003Coalescence-Inoculumn-mBHI
14,A8-e003Coalescence-mBHI-p7,5556,B4-e003Coalescence-Inoculumn-mBHI
15,B2-e003Coalescence-Inoculumn-mGAM,6663,B4-e003Coalescence-Inoculumn-mBHI
16,B2-e003Coalescence-mGAM-p7,638,B4-e003Coalescence-Inoculumn-mBHI
17,B3-e003Coalescence-Inoculumn-mBHI,717,B4-e003Coalescence-Inoculumn-mBHI
18,B3-e003Coalescence-mBHI-p3,551,B4-e003Coalescence-Inoculumn-mBHI
19,B3-e003Coalescence-mGAM-p5,708,B4-e003Coalescence-Inoculumn-mBHI
20,B4-e003Coalescence-Inoculumn-mBHI,0,B4-e003Coalescence-Inoculumn-mBHI
21,B5-e003Coalescence-Inoculumn-mBHI,1783,B4-e003Coalescence-Inoculumn-mBHI
22,B5-e003Coalescence-Inoculumn-mGAM,22729,B4-e003Coalescence-Inoculumn-mBHI
23,B5-e003Coalescence-mGAM-p3,618,B4-e003Coalescence-Inoculumn-mBHI
24,B8-e003Coalescence-mGAM-p5,18364,B4-e003Coalescence-Inoculumn-mBHI
25,C2-e003Coalescence-Inoculumn-mGAM,7164,B4-e003Coalescence-Inoculumn-mBHI
26,C2-e003Coalescence-mBHI-p7,9065,B4-e003Coalescence-Inoculumn-mBHI
27,C2-e003Coalescence-mGAM-p5,4721,B4-e003Coalescence-Inoculumn-mBHI
28,C2-e003Coalescence-mGAM-p7,8935,B4-e003Coalescence-Inoculumn-mBHI
29,C3-e003Coalescence-mBHI-inoculumn-redo,709,B4-e003Coalescence-Inoculumn-mBHI
30,C3-e003Coalescence-mBHI-p7,25090,B4-e003Coalescence-Inoculumn-mBHI
31,C3-e003Coalescence-mGAM-p3,28361,B4-e003Coalescence-Inoculumn-mBHI
32,C5-e003Coalescence-Inoculumn-mGAM,26808,B4-e003Coalescence-Inoculumn-mBHI
33,C5-e003Coalescence-mBHI-inoculumn-redo,9432,B4-e003Coalescence-Inoculumn-mBHI
34,C5-e003Coalescence-mGAM-p3,5519,B4-e003Coalescence-Inoculumn-mBHI
35,C5-e003Coalescence-mGAM-p7,5028,B4-e003Coalescence-Inoculumn-mBHI
36,C9-e003Coalescence-mBHI-p3,8666,B4-e003Coalescence-Inoculumn-mBHI
37,D11-e003Coalescence-mBHI-p5,19857,B4-e003Coalescence-Inoculumn-mBHI
38,D2-e003Coalescence-Inoculumn-mGAM,6360,B4-e003Coalescence-Inoculumn-mBHI
39,D3-e003Coalescence-Inoculumn-mBHI,1284,B4-e003Coalescence-Inoculumn-mBHI
40,D3-e003Coalescence-Inoculumn-mGAM,30579,B4-e003Coalescence-Inoculumn-mBHI
41,D4-e003Coalescence-Inoculumn-mBHI,12812,B4-e003Coalescence-Inoculumn-mBHI
42,D4-e003Coalescence-mGAM-p3,5209,B4-e003Coalescence-Inoculumn-mBHI
43,D4-e003Coalescence-mGAM-p7,5242,B4-e003Coalescence-Inoculumn-mBHI
44,D5-e003Coalescence-Inoculumn-mBHI,7982,B4-e003Coalescence-Inoculumn-mBHI
45,D5-e003Coalescence-Inoculumn-mGAM,32344,B4-e003Coalescence-Inoculumn-mBHI
46,D5-e003Coalescence-mGAM-p3,4837,B4-e003Coalescence-Inoculumn-mBHI
47,D8-e003Coalescence-mGAM-p5,6717,B4-e003Coalescence-Inoculumn-mBHI
0,A11-e003Coalescence-mBHI-p5,1961,B5-e003Coalescence-Inoculumn-mBHI
1,A11-e003Coalescence-mGAM-p7,4721,B5-e003Coalescence-Inoculumn-mBHI
2,A2-e003Coalescence-Inoculumn-mBHI,4094,B5-e003Coalescence-Inoculumn-mBHI
3,A2-e003Coalescence-Inoculumn-mGAM,6316,B5-e003Coalescence-Inoculumn-mBHI
4,A2-e003Coalescence-mBHI-inoculumn-redo,5671,B5-e003Coalescence-Inoculumn-mBHI
5,A2-e003Coalescence-mBHI-p5,3735,B5-e003Coalescence-Inoculumn-mBHI
6,A2-e003Coalescence-mGAM-p7,6221,B5-e003Coalescence-Inoculumn-mBHI
7,A3-e003Coalescence-Inoculumn-mGAM,2750,B5-e003Coalescence-Inoculumn-mBHI
8,A4-e003Coalescence-Inoculumn-mGAM,6341,B5-e003Coalescence-Inoculumn-mBHI
9,A5-e003Coalescence-Inoculumn-mGAM,1933,B5-e003Coalescence-Inoculumn-mBHI
10,A5-e003Coalescence-mBHI-inoculumn-redo,1992,B5-e003Coalescence-Inoculumn-mBHI
11,A5-e003Coalescence-mBHI-p7,2794,B5-e003Coalescence-Inoculumn-mBHI
12,A5-e003Coalescence-mGAM-p3,4253,B5-e003Coalescence-Inoculumn-mBHI
13,A8-e003Coalescence-mBHI-p3,4227,B5-e003Coalescence-Inoculumn-mBHI
14,A8-e003Coalescence-mBHI-p7,4095,B5-e003Coalescence-Inoculumn-mBHI
15,B2-e003Coalescence-Inoculumn-mGAM,4578,B5-e003Coalescence-Inoculumn-mBHI
16,B2-e003Coalescence-mGAM-p7,1928,B5-e003Coalescence-Inoculumn-mBHI
17,B3-e003Coalescence-Inoculumn-mBHI,1725,B5-e003Coalescence-Inoculumn-mBHI
18,B3-e003Coalescence-mBHI-p3,2087,B5-e003Coalescence-Inoculumn-mBHI
19,B3-e003Coalescence-mGAM-p5,1793,B5-e003Coalescence-Inoculumn-mBHI
20,B4-e003Coalescence-Inoculumn-mBHI,1813,B5-e003Coalescence-Inoculumn-mBHI
21,B5-e003Coalescence-Inoculumn-mBHI,0,B5-e003Coalescence-Inoculumn-mBHI
22,B5-e003Coalescence-Inoculumn-mGAM,9846,B5-e003Coalescence-Inoculumn-mBHI
23,B5-e003Coalescence-mGAM-p3,2124,B5-e003Coalescence-Inoculumn-mBHI
24,B8-e003Coalescence-mGAM-p5,9012,B5-e003Coalescence-Inoculumn-mBHI
25,C2-e003Coalescence-Inoculumn-mGAM,5284,B5-e003Coalescence-Inoculumn-mBHI
26,C2-e003Coalescence-mBHI-p7,6607,B5-e003Coalescence-Inoculumn-mBHI
27,C2-e003Coalescence-mGAM-p5,3471,B5-e003Coalescence-Inoculumn-mBHI
28,C2-e003Coalescence-mGAM-p7,6636,B5-e003Coalescence-Inoculumn-mBHI
29,C3-e003Coalescence-mBHI-inoculumn-redo,1739,B5-e003Coalescence-Inoculumn-mBHI
30,C3-e003Coalescence-mBHI-p7,12404,B5-e003Coalescence-Inoculumn-mBHI
31,C3-e003Coalescence-mGAM-p3,14047,B5-e003Coalescence-Inoculumn-mBHI
32,C5-e003Coalescence-Inoculumn-mGAM,11546,B5-e003Coalescence-Inoculumn-mBHI
33,C5-e003Coalescence-mBHI-inoculumn-redo,3971,B5-e003Coalescence-Inoculumn-mBHI
34,C5-e003Coalescence-mGAM-p3,3747,B5-e003Coalescence-Inoculumn-mBHI
35,C5-e003Coalescence-mGAM-p7,3620,B5-e003Coalescence-Inoculumn-mBHI
36,C9-e003Coalescence-mBHI-p3,6326,B5-e003Coalescence-Inoculumn-mBHI
37,D11-e003Coalescence-mBHI-p5,8518,B5-e003Coalescence-Inoculumn-mBHI
38,D2-e003Coalescence-Inoculumn-mGAM,2160,B5-e003Coalescence-Inoculumn-mBHI
39,D3-e003Coalescence-Inoculumn-mBHI,623,B5-e003Coalescence-Inoculumn-mBHI
40,D3-e003Coalescence-Inoculumn-mGAM,13111,B5-e003Coalescence-Inoculumn-mBHI
41,D4-e003Coalescence-Inoculumn-mBHI,5198,B5-e003Coalescence-Inoculumn-mBHI
42,D4-e003Coalescence-mGAM-p3,3329,B5-e003Coalescence-Inoculumn-mBHI
43,D4-e003Coalescence-mGAM-p7,3924,B5-e003Coalescence-Inoculumn-mBHI
44,D5-e003Coalescence-Inoculumn-mBHI,2621,B5-e003Coalescence-Inoculumn-mBHI
45,D5-e003Coalescence-Inoculumn-mGAM,13669,B5-e003Coalescence-Inoculumn-mBHI
46,D5-e003Coalescence-mGAM-p3,1969,B5-e003Coalescence-Inoculumn-mBHI
47,D8-e003Coalescence-mGAM-p5,5210,B5-e003Coalescence-Inoculumn-mBHI
0,A11-e003Coalescence-mBHI-p5,9850,B5-e003Coalescence-Inoculumn-mGAM
1,A11-e003Coalescence-mGAM-p7,34696,B5-e003Coalescence-Inoculumn-mGAM
2,A2-e003Coalescence-Inoculumn-mBHI,29390,B5-e003Coalescence-Inoculumn-mGAM
3,A2-e003Coalescence-Inoculumn-mGAM,46342,B5-e003Coalescence-Inoculumn-mGAM
4,A2-e003Coalescence-mBHI-inoculumn-redo,41059,B5-e003Coalescence-Inoculumn-mGAM
5,A2-e003Coalescence-mBHI-p5,26682,B5-e003Coalescence-Inoculumn-mGAM
6,A2-e003Coalescence-mGAM-p7,44373,B5-e003Coalescence-Inoculumn-mGAM
7,A3-e003Coalescence-Inoculumn-mGAM,19213,B5-e003Coalescence-Inoculumn-mGAM
8,A4-e003Coalescence-Inoculumn-mGAM,46860,B5-e003Coalescence-Inoculumn-mGAM
9,A5-e003Coalescence-Inoculumn-mGAM,5509,B5-e003Coalescence-Inoculumn-mGAM
10,A5-e003Coalescence-mBHI-inoculumn-redo,13890,B5-e003Coalescence-Inoculumn-mGAM
11,A5-e003Coalescence-mBHI-p7,21858,B5-e003Coalescence-Inoculumn-mGAM
12,A5-e003Coalescence-mGAM-p3,39256,B5-e003Coalescence-Inoculumn-mGAM
13,A8-e003Coalescence-mBHI-p3,36420,B5-e003Coalescence-Inoculumn-mGAM
14,A8-e003Coalescence-mBHI-p7,30691,B5-e003Coalescence-Inoculumn-mGAM
15,B2-e003Coalescence-Inoculumn-mGAM,32098,B5-e003Coalescence-Inoculumn-mGAM
16,B2-e003Coalescence-mGAM-p7,29142,B5-e003Coalescence-Inoculumn-mGAM
17,B3-e003Coalescence-Inoculumn-mBHI,25301,B5-e003Coalescence-Inoculumn-mGAM
18,B3-e003Coalescence-mBHI-p3,30673,B5-e003Coalescence-Inoculumn-mGAM
19,B3-e003Coalescence-mGAM-p5,23846,B5-e003Coalescence-Inoculumn-mGAM
20,B4-e003Coalescence-Inoculumn-mBHI,23093,B5-e003Coalescence-Inoculumn-mGAM
21,B5-e003Coalescence-Inoculumn-mBHI,9888,B5-e003Coalescence-Inoculumn-mGAM
22,B5-e003Coalescence-Inoculumn-mGAM,0,B5-e003Coalescence-Inoculumn-mGAM
23,B5-e003Coalescence-mGAM-p3,31941,B5-e003Coalescence-Inoculumn-mGAM
24,B8-e003Coalescence-mGAM-p5,2963,B5-e003Coalescence-Inoculumn-mGAM
25,C2-e003Coalescence-Inoculumn-mGAM,40014,B5-e003Coalescence-Inoculumn-mGAM
26,C2-e003Coalescence-mBHI-p7,47091,B5-e003Coalescence-Inoculumn-mGAM
27,C2-e003Coalescence-mGAM-p5,24611,B5-e003Coalescence-Inoculumn-mGAM
28,C2-e003Coalescence-mGAM-p7,47006,B5-e003Coalescence-Inoculumn-mGAM
29,C3-e003Coalescence-mBHI-inoculumn-redo,22819,B5-e003Coalescence-Inoculumn-mGAM
30,C3-e003Coalescence-mBHI-p7,3917,B5-e003Coalescence-Inoculumn-mGAM
31,C3-e003Coalescence-mGAM-p3,5060,B5-e003Coalescence-Inoculumn-mGAM
32,C5-e003Coalescence-Inoculumn-mGAM,187,B5-e003Coalescence-Inoculumn-mGAM
33,C5-e003Coalescence-mBHI-inoculumn-redo,1602,B5-e003Coalescence-Inoculumn-mGAM
34,C5-e003Coalescence-mGAM-p3,32623,B5-e003Coalescence-Inoculumn-mGAM
35,C5-e003Coalescence-mGAM-p7,34214,B5-e003Coalescence-Inoculumn-mGAM
36,C9-e003Coalescence-mBHI-p3,44936,B5-e003Coalescence-Inoculumn-mGAM
37,D11-e003Coalescence-mBHI-p5,92,B5-e003Coalescence-Inoculumn-mGAM
38,D2-e003Coalescence-Inoculumn-mGAM,6329,B5-e003Coalescence-Inoculumn-mGAM
39,D3-e003Coalescence-Inoculumn-mBHI,7911,B5-e003Coalescence-Inoculumn-mGAM
40,D3-e003Coalescence-Inoculumn-mGAM,111,B5-e003Coalescence-Inoculumn-mGAM
41,D4-e003Coalescence-Inoculumn-mBHI,1287,B5-e003Coalescence-Inoculumn-mGAM
42,D4-e003Coalescence-mGAM-p3,29710,B5-e003Coalescence-Inoculumn-mGAM
43,D4-e003Coalescence-mGAM-p7,36500,B5-e003Coalescence-Inoculumn-mGAM
44,D5-e003Coalescence-Inoculumn-mBHI,4348,B5-e003Coalescence-Inoculumn-mGAM
45,D5-e003Coalescence-Inoculumn-mGAM,152,B5-e003Coalescence-Inoculumn-mGAM
46,D5-e003Coalescence-mGAM-p3,15749,B5-e003Coalescence-Inoculumn-mGAM
47,D8-e003Coalescence-mGAM-p5,45834,B5-e003Coalescence-Inoculumn-mGAM
0,A11-e003Coalescence-mBHI-p5,3821,C2-e003Coalescence-Inoculumn-mGAM
1,A11-e003Coalescence-mGAM-p7,7,C2-e003Coalescence-Inoculumn-mGAM
2,A2-e003Coalescence-Inoculumn-mBHI,3415,C2-e003Coalescence-Inoculumn-mGAM
3,A2-e003Coalescence-Inoculumn-mGAM,28,C2-e003Coalescence-Inoculumn-mGAM
4,A2-e003Coalescence-mBHI-inoculumn-redo,4666,C2-e003Coalescence-Inoculumn-mGAM
5,A2-e003Coalescence-mBHI-p5,3163,C2-e003Coalescence-Inoculumn-mGAM
6,A2-e003Coalescence-mGAM-p7,4983,C2-e003Coalescence-Inoculumn-mGAM
7,A3-e003Coalescence-Inoculumn-mGAM,224,C2-e003Coalescence-Inoculumn-mGAM
8,A4-e003Coalescence-Inoculumn-mGAM,13,C2-e003Coalescence-Inoculumn-mGAM
9,A5-e003Coalescence-Inoculumn-mGAM,2476,C2-e003Coalescence-Inoculumn-mGAM
10,A5-e003Coalescence-mBHI-inoculumn-redo,2907,C2-e003Coalescence-Inoculumn-mGAM
11,A5-e003Coalescence-mBHI-p7,3736,C2-e003Coalescence-Inoculumn-mGAM
12,A5-e003Coalescence-mGAM-p3,3036,C2-e003Coalescence-Inoculumn-mGAM
13,A8-e003Coalescence-mBHI-p3,173,C2-e003Coalescence-Inoculumn-mGAM
14,A8-e003Coalescence-mBHI-p7,18,C2-e003Coalescence-Inoculumn-mGAM
15,B2-e003Coalescence-Inoculumn-mGAM,225,C2-e003Coalescence-Inoculumn-mGAM
16,B2-e003Coalescence-mGAM-p7,6478,C2-e003Coalescence-Inoculumn-mGAM
17,B3-e003Coalescence-Inoculumn-mBHI,6273,C2-e003Coalescence-Inoculumn-mGAM
18,B3-e003Coalescence-mBHI-p3,6030,C2-e003Coalescence-Inoculumn-mGAM
19,B3-e003Coalescence-mGAM-p5,7238,C2-e003Coalescence-Inoculumn-mGAM
20,B4-e003Coalescence-Inoculumn-mBHI,7164,C2-e003Coalescence-Inoculumn-mGAM
21,B5-e003Coalescence-Inoculumn-mBHI,5286,C2-e003Coalescence-Inoculumn-mGAM
22,B5-e003Coalescence-Inoculumn-mGAM,40007,C2-e003Coalescence-Inoculumn-mGAM
23,B5-e003Coalescence-mGAM-p3,5506,C2-e003Coalescence-Inoculumn-mGAM
24,B8-e003Coalescence-mGAM-p5,33189,C2-e003Coalescence-Inoculumn-mGAM
25,C2-e003Coalescence-Inoculumn-mGAM,0,C2-e003Coalescence-Inoculumn-mGAM
26,C2-e003Coalescence-mBHI-p7,5208,C2-e003Coalescence-Inoculumn-mGAM
27,C2-e003Coalescence-mGAM-p5,2995,C2-e003Coalescence-Inoculumn-mGAM
28,C2-e003Coalescence-mGAM-p7,5251,C2-e003Coalescence-Inoculumn-mGAM
29,C3-e003Coalescence-mBHI-inoculumn-redo,6935,C2-e003Coalescence-Inoculumn-mGAM
30,C3-e003Coalescence-mBHI-p7,46052,C2-e003Coalescence-Inoculumn-mGAM
31,C3-e003Coalescence-mGAM-p3,51852,C2-e003Coalescence-Inoculumn-mGAM
32,C5-e003Coalescence-Inoculumn-mGAM,46269,C2-e003Coalescence-Inoculumn-mGAM
33,C5-e003Coalescence-mBHI-inoculumn-redo,15956,C2-e003Coalescence-Inoculumn-mGAM
34,C5-e003Coalescence-mGAM-p3,4123,C2-e003Coalescence-Inoculumn-mGAM
35,C5-e003Coalescence-mGAM-p7,2969,C2-e003Coalescence-Inoculumn-mGAM
36,C9-e003Coalescence-mBHI-p3,5004,C2-e003Coalescence-Inoculumn-mGAM
37,D11-e003Coalescence-mBHI-p5,34071,C2-e003Coalescence-Inoculumn-mGAM
38,D2-e003Coalescence-Inoculumn-mGAM,3025,C2-e003Coalescence-Inoculumn-mGAM
39,D3-e003Coalescence-Inoculumn-mBHI,5757,C2-e003Coalescence-Inoculumn-mGAM
40,D3-e003Coalescence-Inoculumn-mGAM,53274,C2-e003Coalescence-Inoculumn-mGAM
41,D4-e003Coalescence-Inoculumn-mBHI,21821,C2-e003Coalescence-Inoculumn-mGAM
42,D4-e003Coalescence-mGAM-p3,3739,C2-e003Coalescence-Inoculumn-mGAM
43,D4-e003Coalescence-mGAM-p7,3169,C2-e003Coalescence-Inoculumn-mGAM
44,D5-e003Coalescence-Inoculumn-mBHI,11159,C2-e003Coalescence-Inoculumn-mGAM
45,D5-e003Coalescence-Inoculumn-mGAM,54817,C2-e003Coalescence-Inoculumn-mGAM
46,D5-e003Coalescence-mGAM-p3,4142,C2-e003Coalescence-Inoculumn-mGAM
47,D8-e003Coalescence-mGAM-p5,63,C2-e003Coalescence-Inoculumn-mGAM
0,A11-e003Coalescence-mBHI-p5,4468,C3-e003Coalescence-mBHI-inoculumn-redo
1,A11-e003Coalescence-mGAM-p7,6246,C3-e003Coalescence-mBHI-inoculumn-redo
2,A2-e003Coalescence-Inoculumn-mBHI,5460,C3-e003Coalescence-mBHI-inoculumn-redo
3,A2-e003Coalescence-Inoculumn-mGAM,8499,C3-e003Coalescence-mBHI-inoculumn-redo
4,A2-e003Coalescence-mBHI-inoculumn-redo,7693,C3-e003Coalescence-mBHI-inoculumn-redo
5,A2-e003Coalescence-mBHI-p5,5154,C3-e003Coalescence-mBHI-inoculumn-redo
6,A2-e003Coalescence-mGAM-p7,8479,C3-e003Coalescence-mBHI-inoculumn-redo
7,A3-e003Coalescence-Inoculumn-mGAM,3965,C3-e003Coalescence-mBHI-inoculumn-redo
8,A4-e003Coalescence-Inoculumn-mGAM,8221,C3-e003Coalescence-mBHI-inoculumn-redo
9,A5-e003Coalescence-Inoculumn-mGAM,6217,C3-e003Coalescence-mBHI-inoculumn-redo
10,A5-e003Coalescence-mBHI-inoculumn-redo,3487,C3-e003Coalescence-mBHI-inoculumn-redo
11,A5-e003Coalescence-mBHI-p7,4294,C3-e003Coalescence-mBHI-inoculumn-redo
12,A5-e003Coalescence-mGAM-p3,5663,C3-e003Coalescence-mBHI-inoculumn-redo
13,A8-e003Coalescence-mBHI-p3,5654,C3-e003Coalescence-mBHI-inoculumn-redo
14,A8-e003Coalescence-mBHI-p7,5432,C3-e003Coalescence-mBHI-inoculumn-redo
15,B2-e003Coalescence-Inoculumn-mGAM,6591,C3-e003Coalescence-mBHI-inoculumn-redo
16,B2-e003Coalescence-mGAM-p7,545,C3-e003Coalescence-mBHI-inoculumn-redo
17,B3-e003Coalescence-Inoculumn-mBHI,563,C3-e003Coalescence-mBHI-inoculumn-redo
18,B3-e003Coalescence-mBHI-p3,437,C3-e003Coalescence-mBHI-inoculumn-redo
19,B3-e003Coalescence-mGAM-p5,622,C3-e003Coalescence-mBHI-inoculumn-redo
20,B4-e003Coalescence-Inoculumn-mBHI,706,C3-e003Coalescence-mBHI-inoculumn-redo
21,B5-e003Coalescence-Inoculumn-mBHI,1713,C3-e003Coalescence-mBHI-inoculumn-redo
22,B5-e003Coalescence-Inoculumn-mGAM,22381,C3-e003Coalescence-mBHI-inoculumn-redo
23,B5-e003Coalescence-mGAM-p3,556,C3-e003Coalescence-mBHI-inoculumn-redo
24,B8-e003Coalescence-mGAM-p5,17783,C3-e003Coalescence-mBHI-inoculumn-redo
25,C2-e003Coalescence-Inoculumn-mGAM,6938,C3-e003Coalescence-mBHI-inoculumn-redo
26,C2-e003Coalescence-mBHI-p7,8875,C3-e003Coalescence-mBHI-inoculumn-redo
27,C2-e003Coalescence-mGAM-p5,4644,C3-e003Coalescence-mBHI-inoculumn-redo
28,C2-e003Coalescence-mGAM-p7,8783,C3-e003Coalescence-mBHI-inoculumn-redo
29,C3-e003Coalescence-mBHI-inoculumn-redo,0,C3-e003Coalescence-mBHI-inoculumn-redo
30,C3-e003Coalescence-mBHI-p7,24508,C3-e003Coalescence-mBHI-inoculumn-redo
31,C3-e003Coalescence-mGAM-p3,27711,C3-e003Coalescence-mBHI-inoculumn-redo
32,C5-e003Coalescence-Inoculumn-mGAM,26419,C3-e003Coalescence-mBHI-inoculumn-redo
33,C5-e003Coalescence-mBHI-inoculumn-redo,9350,C3-e003Coalescence-mBHI-inoculumn-redo
34,C5-e003Coalescence-mGAM-p3,5452,C3-e003Coalescence-mBHI-inoculumn-redo
35,C5-e003Coalescence-mGAM-p7,4762,C3-e003Coalescence-mBHI-inoculumn-redo
36,C9-e003Coalescence-mBHI-p3,8599,C3-e003Coalescence-mBHI-inoculumn-redo
37,D11-e003Coalescence-mBHI-p5,19634,C3-e003Coalescence-mBHI-inoculumn-redo
38,D2-e003Coalescence-Inoculumn-mGAM,6360,C3-e003Coalescence-mBHI-inoculumn-redo
39,D3-e003Coalescence-Inoculumn-mBHI,1327,C3-e003Coalescence-mBHI-inoculumn-redo
40,D3-e003Coalescence-Inoculumn-mGAM,30004,C3-e003Coalescence-mBHI-inoculumn-redo
41,D4-e003Coalescence-Inoculumn-mBHI,12685,C3-e003Coalescence-mBHI-inoculumn-redo
42,D4-e003Coalescence-mGAM-p3,5043,C3-e003Coalescence-mBHI-inoculumn-redo
43,D4-e003Coalescence-mGAM-p7,5103,C3-e003Coalescence-mBHI-inoculumn-redo
44,D5-e003Coalescence-Inoculumn-mBHI,7878,C3-e003Coalescence-mBHI-inoculumn-redo
45,D5-e003Coalescence-Inoculumn-mGAM,32103,C3-e003Coalescence-mBHI-inoculumn-redo
46,D5-e003Coalescence-mGAM-p3,4771,C3-e003Coalescence-mBHI-inoculumn-redo
47,D8-e003Coalescence-mGAM-p5,6523,C3-e003Coalescence-mBHI-inoculumn-redo
0,A11-e003Coalescence-mBHI-p5,11432,C5-e003Coalescence-Inoculumn-mGAM
1,A11-e003Coalescence-mGAM-p7,40381,C5-e003Coalescence-Inoculumn-mGAM
2,A2-e003Coalescence-Inoculumn-mBHI,34025,C5-e003Coalescence-Inoculumn-mGAM
3,A2-e003Coalescence-Inoculumn-mGAM,54338,C5-e003Coalescence-Inoculumn-mGAM
4,A2-e003Coalescence-mBHI-inoculumn-redo,47819,C5-e003Coalescence-Inoculumn-mGAM
5,A2-e003Coalescence-mBHI-p5,30774,C5-e003Coalescence-Inoculumn-mGAM
6,A2-e003Coalescence-mGAM-p7,51797,C5-e003Coalescence-Inoculumn-mGAM
7,A3-e003Coalescence-Inoculumn-mGAM,22372,C5-e003Coalescence-Inoculumn-mGAM
8,A4-e003Coalescence-Inoculumn-mGAM,54479,C5-e003Coalescence-Inoculumn-mGAM
9,A5-e003Coalescence-Inoculumn-mGAM,6463,C5-e003Coalescence-Inoculumn-mGAM
10,A5-e003Coalescence-mBHI-inoculumn-redo,16013,C5-e003Coalescence-Inoculumn-mGAM
11,A5-e003Coalescence-mBHI-p7,25543,C5-e003Coalescence-Inoculumn-mGAM
12,A5-e003Coalescence-mGAM-p3,45604,C5-e003Coalescence-Inoculumn-mGAM
13,A8-e003Coalescence-mBHI-p3,42427,C5-e003Coalescence-Inoculumn-mGAM
14,A8-e003Coalescence-mBHI-p7,35750,C5-e003Coalescence-Inoculumn-mGAM
15,B2-e003Coalescence-Inoculumn-mGAM,38063,C5-e003Coalescence-Inoculumn-mGAM
16,B2-e003Coalescence-mGAM-p7,34086,C5-e003Coalescence-Inoculumn-mGAM
17,B3-e003Coalescence-Inoculumn-mBHI,30036,C5-e003Coalescence-Inoculumn-mGAM
18,B3-e003Coalescence-mBHI-p3,35791,C5-e003Coalescence-Inoculumn-mGAM
19,B3-e003Coalescence-mGAM-p5,28673,C5-e003Coalescence-Inoculumn-mGAM
20,B4-e003Coalescence-Inoculumn-mBHI,27213,C5-e003Coalescence-Inoculumn-mGAM
21,B5-e003Coalescence-Inoculumn-mBHI,11591,C5-e003Coalescence-Inoculumn-mGAM
22,B5-e003Coalescence-Inoculumn-mGAM,186,C5-e003Coalescence-Inoculumn-mGAM
23,B5-e003Coalescence-mGAM-p3,37096,C5-e003Coalescence-Inoculumn-mGAM
24,B8-e003Coalescence-mGAM-p5,6385,C5-e003Coalescence-Inoculumn-mGAM
25,C2-e003Coalescence-Inoculumn-mGAM,46265,C5-e003Coalescence-Inoculumn-mGAM
26,C2-e003Coalescence-mBHI-p7,55184,C5-e003Coalescence-Inoculumn-mGAM
27,C2-e003Coalescence-mGAM-p5,28221,C5-e003Coalescence-Inoculumn-mGAM
28,C2-e003Coalescence-mGAM-p7,54832,C5-e003Coalescence-Inoculumn-mGAM
29,C3-e003Coalescence-mBHI-inoculumn-redo,26909,C5-e003Coalescence-Inoculumn-mGAM
30,C3-e003Coalescence-mBHI-p7,8212,C5-e003Coalescence-Inoculumn-mGAM
31,C3-e003Coalescence-mGAM-p3,9576,C5-e003Coalescence-Inoculumn-mGAM
32,C5-e003Coalescence-Inoculumn-mGAM,0,C5-e003Coalescence-Inoculumn-mGAM
33,C5-e003Coalescence-mBHI-inoculumn-redo,1781,C5-e003Coalescence-Inoculumn-mGAM
34,C5-e003Coalescence-mGAM-p3,37691,C5-e003Coalescence-Inoculumn-mGAM
35,C5-e003Coalescence-mGAM-p7,39709,C5-e003Coalescence-Inoculumn-mGAM
36,C9-e003Coalescence-mBHI-p3,52559,C5-e003Coalescence-Inoculumn-mGAM
37,D11-e003Coalescence-mBHI-p5,76,C5-e003Coalescence-Inoculumn-mGAM
38,D2-e003Coalescence-Inoculumn-mGAM,7578,C5-e003Coalescence-Inoculumn-mGAM
39,D3-e003Coalescence-Inoculumn-mBHI,9886,C5-e003Coalescence-Inoculumn-mGAM
40,D3-e003Coalescence-Inoculumn-mGAM,167,C5-e003Coalescence-Inoculumn-mGAM
41,D4-e003Coalescence-Inoculumn-mBHI,1444,C5-e003Coalescence-Inoculumn-mGAM
42,D4-e003Coalescence-mGAM-p3,34355,C5-e003Coalescence-Inoculumn-mGAM
43,D4-e003Coalescence-mGAM-p7,42116,C5-e003Coalescence-Inoculumn-mGAM
44,D5-e003Coalescence-Inoculumn-mBHI,5125,C5-e003Coalescence-Inoculumn-mGAM
45,D5-e003Coalescence-Inoculumn-mGAM,137,C5-e003Coalescence-Inoculumn-mGAM
46,D5-e003Coalescence-mGAM-p3,18601,C5-e003Coalescence-Inoculumn-mGAM
47,D8-e003Coalescence-mGAM-p5,53543,C5-e003Coalescence-Inoculumn-mGAM
0,A11-e003Coalescence-mBHI-p5,3871,C5-e003Coalescence-mBHI-inoculumn-redo
1,A11-e003Coalescence-mGAM-p7,13908,C5-e003Coalescence-mBHI-inoculumn-redo
2,A2-e003Coalescence-Inoculumn-mBHI,11626,C5-e003Coalescence-mBHI-inoculumn-redo
3,A2-e003Coalescence-Inoculumn-mGAM,19292,C5-e003Coalescence-mBHI-inoculumn-redo
4,A2-e003Coalescence-mBHI-inoculumn-redo,16680,C5-e003Coalescence-mBHI-inoculumn-redo
5,A2-e003Coalescence-mBHI-p5,10657,C5-e003Coalescence-mBHI-inoculumn-redo
6,A2-e003Coalescence-mGAM-p7,18315,C5-e003Coalescence-mBHI-inoculumn-redo
7,A3-e003Coalescence-Inoculumn-mGAM,7730,C5-e003Coalescence-mBHI-inoculumn-redo
8,A4-e003Coalescence-Inoculumn-mGAM,19074,C5-e003Coalescence-mBHI-inoculumn-redo
9,A5-e003Coalescence-Inoculumn-mGAM,2299,C5-e003Coalescence-mBHI-inoculumn-redo
10,A5-e003Coalescence-mBHI-inoculumn-redo,5077,C5-e003Coalescence-mBHI-inoculumn-redo
11,A5-e003Coalescence-mBHI-p7,7905,C5-e003Coalescence-mBHI-inoculumn-redo
12,A5-e003Coalescence-mGAM-p3,14695,C5-e003Coalescence-mBHI-inoculumn-redo
13,A8-e003Coalescence-mBHI-p3,14265,C5-e003Coalescence-mBHI-inoculumn-redo
14,A8-e003Coalescence-mBHI-p7,12195,C5-e003Coalescence-mBHI-inoculumn-redo
15,B2-e003Coalescence-Inoculumn-mGAM,12977,C5-e003Coalescence-mBHI-inoculumn-redo
16,B2-e003Coalescence-mGAM-p7,12326,C5-e003Coalescence-mBHI-inoculumn-redo
17,B3-e003Coalescence-Inoculumn-mBHI,10632,C5-e003Coalescence-mBHI-inoculumn-redo
18,B3-e003Coalescence-mBHI-p3,12644,C5-e003Coalescence-mBHI-inoculumn-redo
19,B3-e003Coalescence-mGAM-p5,10116,C5-e003Coalescence-mBHI-inoculumn-redo
20,B4-e003Coalescence-Inoculumn-mBHI,9546,C5-e003Coalescence-mBHI-inoculumn-redo
21,B5-e003Coalescence-Inoculumn-mBHI,3979,C5-e003Coalescence-mBHI-inoculumn-redo
22,B5-e003Coalescence-Inoculumn-mGAM,1600,C5-e003Coalescence-mBHI-inoculumn-redo
23,B5-e003Coalescence-mGAM-p3,12869,C5-e003Coalescence-mBHI-inoculumn-redo
24,B8-e003Coalescence-mGAM-p5,4076,C5-e003Coalescence-mBHI-inoculumn-redo
25,C2-e003Coalescence-Inoculumn-mGAM,15951,C5-e003Coalescence-mBHI-inoculumn-redo
26,C2-e003Coalescence-mBHI-p7,19506,C5-e003Coalescence-mBHI-inoculumn-redo
27,C2-e003Coalescence-mGAM-p5,9755,C5-e003Coalescence-mBHI-inoculumn-redo
28,C2-e003Coalescence-mGAM-p7,19370,C5-e003Coalescence-mBHI-inoculumn-redo
29,C3-e003Coalescence-mBHI-inoculumn-redo,9494,C5-e003Coalescence-mBHI-inoculumn-redo
30,C3-e003Coalescence-mBHI-p7,5350,C5-e003Coalescence-mBHI-inoculumn-redo
31,C3-e003Coalescence-mGAM-p3,6258,C5-e003Coalescence-mBHI-inoculumn-redo
32,C5-e003Coalescence-Inoculumn-mGAM,1776,C5-e003Coalescence-mBHI-inoculumn-redo
33,C5-e003Coalescence-mBHI-inoculumn-redo,0,C5-e003Coalescence-mBHI-inoculumn-redo
34,C5-e003Coalescence-mGAM-p3,11744,C5-e003Coalescence-mBHI-inoculumn-redo
35,C5-e003Coalescence-mGAM-p7,12382,C5-e003Coalescence-mBHI-inoculumn-redo
36,C9-e003Coalescence-mBHI-p3,18563,C5-e003Coalescence-mBHI-inoculumn-redo
37,D11-e003Coalescence-mBHI-p5,1429,C5-e003Coalescence-mBHI-inoculumn-redo
38,D2-e003Coalescence-Inoculumn-mGAM,2778,C5-e003Coalescence-mBHI-inoculumn-redo
39,D3-e003Coalescence-Inoculumn-mBHI,3132,C5-e003Coalescence-mBHI-inoculumn-redo
40,D3-e003Coalescence-Inoculumn-mGAM,2211,C5-e003Coalescence-mBHI-inoculumn-redo
41,D4-e003Coalescence-Inoculumn-mBHI,1033,C5-e003Coalescence-mBHI-inoculumn-redo
42,D4-e003Coalescence-mGAM-p3,10563,C5-e003Coalescence-mBHI-inoculumn-redo
43,D4-e003Coalescence-mGAM-p7,13380,C5-e003Coalescence-mBHI-inoculumn-redo
44,D5-e003Coalescence-Inoculumn-mBHI,2016,C5-e003Coalescence-mBHI-inoculumn-redo
45,D5-e003Coalescence-Inoculumn-mGAM,2366,C5-e003Coalescence-mBHI-inoculumn-redo
46,D5-e003Coalescence-mGAM-p3,5546,C5-e003Coalescence-mBHI-inoculumn-redo
47,D8-e003Coalescence-mGAM-p5,18236,C5-e003Coalescence-mBHI-inoculumn-redo
0,A11-e003Coalescence-mBHI-p5,1227,D2-e003Coalescence-Inoculumn-mGAM
1,A11-e003Coalescence-mGAM-p7,2128,D2-e003Coalescence-Inoculumn-mGAM
2,A2-e003Coalescence-Inoculumn-mBHI,4733,D2-e003Coalescence-Inoculumn-mGAM
3,A2-e003Coalescence-Inoculumn-mGAM,3673,D2-e003Coalescence-Inoculumn-mGAM
4,A2-e003Coalescence-mBHI-inoculumn-redo,7079,D2-e003Coalescence-Inoculumn-mGAM
5,A2-e003Coalescence-mBHI-p5,4325,D2-e003Coalescence-Inoculumn-mGAM
6,A2-e003Coalescence-mGAM-p7,7780,D2-e003Coalescence-Inoculumn-mGAM
7,A3-e003Coalescence-Inoculumn-mGAM,1048,D2-e003Coalescence-Inoculumn-mGAM
8,A4-e003Coalescence-Inoculumn-mGAM,4033,D2-e003Coalescence-Inoculumn-mGAM
9,A5-e003Coalescence-Inoculumn-mGAM,577,D2-e003Coalescence-Inoculumn-mGAM
10,A5-e003Coalescence-mBHI-inoculumn-redo,2074,D2-e003Coalescence-Inoculumn-mGAM
11,A5-e003Coalescence-mBHI-p7,4002,D2-e003Coalescence-Inoculumn-mGAM
12,A5-e003Coalescence-mGAM-p3,5581,D2-e003Coalescence-Inoculumn-mGAM
13,A8-e003Coalescence-mBHI-p3,2620,D2-e003Coalescence-Inoculumn-mGAM
14,A8-e003Coalescence-mBHI-p7,1828,D2-e003Coalescence-Inoculumn-mGAM
15,B2-e003Coalescence-Inoculumn-mGAM,2384,D2-e003Coalescence-Inoculumn-mGAM
16,B2-e003Coalescence-mGAM-p7,6527,D2-e003Coalescence-Inoculumn-mGAM
17,B3-e003Coalescence-Inoculumn-mBHI,5857,D2-e003Coalescence-Inoculumn-mGAM
18,B3-e003Coalescence-mBHI-p3,6535,D2-e003Coalescence-Inoculumn-mGAM
19,B3-e003Coalescence-mGAM-p5,6286,D2-e003Coalescence-Inoculumn-mGAM
20,B4-e003Coalescence-Inoculumn-mBHI,6368,D2-e003Coalescence-Inoculumn-mGAM
21,B5-e003Coalescence-Inoculumn-mBHI,2146,D2-e003Coalescence-Inoculumn-mGAM
22,B5-e003Coalescence-Inoculumn-mGAM,6041,D2-e003Coalescence-Inoculumn-mGAM
23,B5-e003Coalescence-mGAM-p3,6144,D2-e003Coalescence-Inoculumn-mGAM
24,B8-e003Coalescence-mGAM-p5,8818,D2-e003Coalescence-Inoculumn-mGAM
25,C2-e003Coalescence-Inoculumn-mGAM,3008,D2-e003Coalescence-Inoculumn-mGAM
26,C2-e003Coalescence-mBHI-p7,8698,D2-e003Coalescence-Inoculumn-mGAM
27,C2-e003Coalescence-mGAM-p5,3997,D2-e003Coalescence-Inoculumn-mGAM
28,C2-e003Coalescence-mGAM-p7,8414,D2-e003Coalescence-Inoculumn-mGAM
29,C3-e003Coalescence-mBHI-inoculumn-redo,6366,D2-e003Coalescence-Inoculumn-mGAM
30,C3-e003Coalescence-mBHI-p7,12322,D2-e003Coalescence-Inoculumn-mGAM
31,C3-e003Coalescence-mGAM-p3,14568,D2-e003Coalescence-Inoculumn-mGAM
32,C5-e003Coalescence-Inoculumn-mGAM,7253,D2-e003Coalescence-Inoculumn-mGAM
33,C5-e003Coalescence-mBHI-inoculumn-redo,2693,D2-e003Coalescence-Inoculumn-mGAM
34,C5-e003Coalescence-mGAM-p3,5388,D2-e003Coalescence-Inoculumn-mGAM
35,C5-e003Coalescence-mGAM-p7,4589,D2-e003Coalescence-Inoculumn-mGAM
36,C9-e003Coalescence-mBHI-p3,8047,D2-e003Coalescence-Inoculumn-mGAM
37,D11-e003Coalescence-mBHI-p5,5058,D2-e003Coalescence-Inoculumn-mGAM
38,D2-e003Coalescence-Inoculumn-mGAM,0,D2-e003Coalescence-Inoculumn-mGAM
39,D3-e003Coalescence-Inoculumn-mBHI,1899,D2-e003Coalescence-Inoculumn-mGAM
40,D3-e003Coalescence-Inoculumn-mGAM,8455,D2-e003Coalescence-Inoculumn-mGAM
41,D4-e003Coalescence-Inoculumn-mBHI,3587,D2-e003Coalescence-Inoculumn-mGAM
42,D4-e003Coalescence-mGAM-p3,4476,D2-e003Coalescence-Inoculumn-mGAM
43,D4-e003Coalescence-mGAM-p7,4921,D2-e003Coalescence-Inoculumn-mGAM
44,D5-e003Coalescence-Inoculumn-mBHI,2097,D2-e003Coalescence-Inoculumn-mGAM
45,D5-e003Coalescence-Inoculumn-mGAM,8592,D2-e003Coalescence-Inoculumn-mGAM
46,D5-e003Coalescence-mGAM-p3,2448,D2-e003Coalescence-Inoculumn-mGAM
47,D8-e003Coalescence-mGAM-p5,4548,D2-e003Coalescence-Inoculumn-mGAM
0,A11-e003Coalescence-mBHI-p5,1658,D3-e003Coalescence-Inoculumn-mBHI
1,A11-e003Coalescence-mGAM-p7,4872,D3-e003Coalescence-Inoculumn-mBHI
2,A2-e003Coalescence-Inoculumn-mBHI,4005,D3-e003Coalescence-Inoculumn-mBHI
3,A2-e003Coalescence-Inoculumn-mGAM,6991,D3-e003Coalescence-Inoculumn-mBHI
4,A2-e003Coalescence-mBHI-inoculumn-redo,5788,D3-e003Coalescence-Inoculumn-mBHI
5,A2-e003Coalescence-mBHI-p5,3666,D3-e003Coalescence-Inoculumn-mBHI
6,A2-e003Coalescence-mGAM-p7,6529,D3-e003Coalescence-Inoculumn-mBHI
7,A3-e003Coalescence-Inoculumn-mGAM,2704,D3-e003Coalescence-Inoculumn-mBHI
8,A4-e003Coalescence-Inoculumn-mGAM,7082,D3-e003Coalescence-Inoculumn-mBHI
9,A5-e003Coalescence-Inoculumn-mGAM,1826,D3-e003Coalescence-Inoculumn-mBHI
10,A5-e003Coalescence-mBHI-inoculumn-redo,1513,D3-e003Coalescence-Inoculumn-mBHI
11,A5-e003Coalescence-mBHI-p7,2452,D3-e003Coalescence-Inoculumn-mBHI
12,A5-e003Coalescence-mGAM-p3,3961,D3-e003Coalescence-Inoculumn-mBHI
13,A8-e003Coalescence-mBHI-p3,4183,D3-e003Coalescence-Inoculumn-mBHI
14,A8-e003Coalescence-mBHI-p7,3968,D3-e003Coalescence-Inoculumn-mBHI
15,B2-e003Coalescence-Inoculumn-mGAM,4708,D3-e003Coalescence-Inoculumn-mBHI
16,B2-e003Coalescence-mGAM-p7,881,D3-e003Coalescence-Inoculumn-mBHI
17,B3-e003Coalescence-Inoculumn-mBHI,809,D3-e003Coalescence-Inoculumn-mBHI
18,B3-e003Coalescence-mBHI-p3,807,D3-e003Coalescence-Inoculumn-mBHI
19,B3-e003Coalescence-mGAM-p5,1040,D3-e003Coalescence-Inoculumn-mBHI
20,B4-e003Coalescence-Inoculumn-mBHI,1263,D3-e003Coalescence-Inoculumn-mBHI
21,B5-e003Coalescence-Inoculumn-mBHI,592,D3-e003Coalescence-Inoculumn-mBHI
22,B5-e003Coalescence-Inoculumn-mGAM,7320,D3-e003Coalescence-Inoculumn-mBHI
23,B5-e003Coalescence-mGAM-p3,871,D3-e003Coalescence-Inoculumn-mBHI
24,B8-e003Coalescence-mGAM-p5,7808,D3-e003Coalescence-Inoculumn-mBHI
25,C2-e003Coalescence-Inoculumn-mGAM,5706,D3-e003Coalescence-Inoculumn-mBHI
26,C2-e003Coalescence-mBHI-p7,7138,D3-e003Coalescence-Inoculumn-mBHI
27,C2-e003Coalescence-mGAM-p5,3341,D3-e003Coalescence-Inoculumn-mBHI
28,C2-e003Coalescence-mGAM-p7,6902,D3-e003Coalescence-Inoculumn-mBHI
29,C3-e003Coalescence-mBHI-inoculumn-redo,1314,D3-e003Coalescence-Inoculumn-mBHI
30,C3-e003Coalescence-mBHI-p7,10871,D3-e003Coalescence-Inoculumn-mBHI
31,C3-e003Coalescence-mGAM-p3,12813,D3-e003Coalescence-Inoculumn-mBHI
32,C5-e003Coalescence-Inoculumn-mGAM,9203,D3-e003Coalescence-Inoculumn-mBHI
33,C5-e003Coalescence-mBHI-inoculumn-redo,2928,D3-e003Coalescence-Inoculumn-mBHI
34,C5-e003Coalescence-mGAM-p3,3347,D3-e003Coalescence-Inoculumn-mBHI
35,C5-e003Coalescence-mGAM-p7,3183,D3-e003Coalescence-Inoculumn-mBHI
36,C9-e003Coalescence-mBHI-p3,6675,D3-e003Coalescence-Inoculumn-mBHI
37,D11-e003Coalescence-mBHI-p5,6488,D3-e003Coalescence-Inoculumn-mBHI
38,D2-e003Coalescence-Inoculumn-mGAM,1852,D3-e003Coalescence-Inoculumn-mBHI
39,D3-e003Coalescence-Inoculumn-mBHI,0,D3-e003Coalescence-Inoculumn-mBHI
40,D3-e003Coalescence-Inoculumn-mGAM,10194,D3-e003Coalescence-Inoculumn-mBHI
41,D4-e003Coalescence-Inoculumn-mBHI,4041,D3-e003Coalescence-Inoculumn-mBHI
42,D4-e003Coalescence-mGAM-p3,2746,D3-e003Coalescence-Inoculumn-mBHI
43,D4-e003Coalescence-mGAM-p7,3458,D3-e003Coalescence-Inoculumn-mBHI
44,D5-e003Coalescence-Inoculumn-mBHI,2078,D3-e003Coalescence-Inoculumn-mBHI
45,D5-e003Coalescence-Inoculumn-mGAM,10818,D3-e003Coalescence-Inoculumn-mBHI
46,D5-e003Coalescence-mGAM-p3,1517,D3-e003Coalescence-Inoculumn-mBHI
47,D8-e003Coalescence-mGAM-p5,5249,D3-e003Coalescence-Inoculumn-mBHI
0,A11-e003Coalescence-mBHI-p5,13097,D3-e003Coalescence-Inoculumn-mGAM
1,A11-e003Coalescence-mGAM-p7,46152,D3-e003Coalescence-Inoculumn-mGAM
2,A2-e003Coalescence-Inoculumn-mBHI,38788,D3-e003Coalescence-Inoculumn-mGAM
3,A2-e003Coalescence-Inoculumn-mGAM,61959,D3-e003Coalescence-Inoculumn-mGAM
4,A2-e003Coalescence-mBHI-inoculumn-redo,54559,D3-e003Coalescence-Inoculumn-mGAM
5,A2-e003Coalescence-mBHI-p5,35172,D3-e003Coalescence-Inoculumn-mGAM
6,A2-e003Coalescence-mGAM-p7,59154,D3-e003Coalescence-Inoculumn-mGAM
7,A3-e003Coalescence-Inoculumn-mGAM,25286,D3-e003Coalescence-Inoculumn-mGAM
8,A4-e003Coalescence-Inoculumn-mGAM,62758,D3-e003Coalescence-Inoculumn-mGAM
9,A5-e003Coalescence-Inoculumn-mGAM,7667,D3-e003Coalescence-Inoculumn-mGAM
10,A5-e003Coalescence-mBHI-inoculumn-redo,18434,D3-e003Coalescence-Inoculumn-mGAM
11,A5-e003Coalescence-mBHI-p7,29195,D3-e003Coalescence-Inoculumn-mGAM
12,A5-e003Coalescence-mGAM-p3,52383,D3-e003Coalescence-Inoculumn-mGAM
13,A8-e003Coalescence-mBHI-p3,48609,D3-e003Coalescence-Inoculumn-mGAM
14,A8-e003Coalescence-mBHI-p7,40895,D3-e003Coalescence-Inoculumn-mGAM
15,B2-e003Coalescence-Inoculumn-mGAM,43021,D3-e003Coalescence-Inoculumn-mGAM
16,B2-e003Coalescence-mGAM-p7,38627,D3-e003Coalescence-Inoculumn-mGAM
17,B3-e003Coalescence-Inoculumn-mBHI,33775,D3-e003Coalescence-Inoculumn-mGAM
18,B3-e003Coalescence-mBHI-p3,40781,D3-e003Coalescence-Inoculumn-mGAM
19,B3-e003Coalescence-mGAM-p5,31654,D3-e003Coalescence-Inoculumn-mGAM
20,B4-e003Coalescence-Inoculumn-mBHI,31060,D3-e003Coalescence-Inoculumn-mGAM
21,B5-e003Coalescence-Inoculumn-mBHI,13161,D3-e003Coalescence-Inoculumn-mGAM
22,B5-e003Coalescence-Inoculumn-mGAM,111,D3-e003Coalescence-Inoculumn-mGAM
23,B5-e003Coalescence-mGAM-p3,42213,D3-e003Coalescence-Inoculumn-mGAM
24,B8-e003Coalescence-mGAM-p5,3880,D3-e003Coalescence-Inoculumn-mGAM
25,C2-e003Coalescence-Inoculumn-mGAM,53281,D3-e003Coalescence-Inoculumn-mGAM
26,C2-e003Coalescence-mBHI-p7,62970,D3-e003Coalescence-Inoculumn-mGAM
27,C2-e003Coalescence-mGAM-p5,32261,D3-e003Coalescence-Inoculumn-mGAM
28,C2-e003Coalescence-mGAM-p7,62655,D3-e003Coalescence-Inoculumn-mGAM
29,C3-e003Coalescence-mBHI-inoculumn-redo,30588,D3-e003Coalescence-Inoculumn-mGAM
30,C3-e003Coalescence-mBHI-p7,5002,D3-e003Coalescence-Inoculumn-mGAM
31,C3-e003Coalescence-mGAM-p3,6701,D3-e003Coalescence-Inoculumn-mGAM
32,C5-e003Coalescence-Inoculumn-mGAM,168,D3-e003Coalescence-Inoculumn-mGAM
33,C5-e003Coalescence-mBHI-inoculumn-redo,2216,D3-e003Coalescence-Inoculumn-mGAM
34,C5-e003Coalescence-mGAM-p3,43139,D3-e003Coalescence-Inoculumn-mGAM
35,C5-e003Coalescence-mGAM-p7,45586,D3-e003Coalescence-Inoculumn-mGAM
36,C9-e003Coalescence-mBHI-p3,60040,D3-e003Coalescence-Inoculumn-mGAM
37,D11-e003Coalescence-mBHI-p5,33,D3-e003Coalescence-Inoculumn-mGAM
38,D2-e003Coalescence-Inoculumn-mGAM,8850,D3-e003Coalescence-Inoculumn-mGAM
39,D3-e003Coalescence-Inoculumn-mBHI,10992,D3-e003Coalescence-Inoculumn-mGAM
40,D3-e003Coalescence-Inoculumn-mGAM,0,D3-e003Coalescence-Inoculumn-mGAM
41,D4-e003Coalescence-Inoculumn-mBHI,1763,D3-e003Coalescence-Inoculumn-mGAM
42,D4-e003Coalescence-mGAM-p3,39609,D3-e003Coalescence-Inoculumn-mGAM
43,D4-e003Coalescence-mGAM-p7,48277,D3-e003Coalescence-Inoculumn-mGAM
44,D5-e003Coalescence-Inoculumn-mBHI,5868,D3-e003Coalescence-Inoculumn-mGAM
45,D5-e003Coalescence-Inoculumn-mGAM,75,D3-e003Coalescence-Inoculumn-mGAM
46,D5-e003Coalescence-mGAM-p3,21456,D3-e003Coalescence-Inoculumn-mGAM
47,D8-e003Coalescence-mGAM-p5,61342,D3-e003Coalescence-Inoculumn-mGAM
0,A11-e003Coalescence-mBHI-p5,5200,D4-e003Coalescence-Inoculumn-mBHI
1,A11-e003Coalescence-mGAM-p7,18863,D4-e003Coalescence-Inoculumn-mBHI
2,A2-e003Coalescence-Inoculumn-mBHI,15718,D4-e003Coalescence-Inoculumn-mBHI
3,A2-e003Coalescence-Inoculumn-mGAM,26208,D4-e003Coalescence-Inoculumn-mBHI
4,A2-e003Coalescence-mBHI-inoculumn-redo,22685,D4-e003Coalescence-Inoculumn-mBHI
5,A2-e003Coalescence-mBHI-p5,14342,D4-e003Coalescence-Inoculumn-mBHI
6,A2-e003Coalescence-mGAM-p7,24880,D4-e003Coalescence-Inoculumn-mBHI
7,A3-e003Coalescence-Inoculumn-mGAM,10234,D4-e003Coalescence-Inoculumn-mBHI
8,A4-e003Coalescence-Inoculumn-mGAM,26059,D4-e003Coalescence-Inoculumn-mBHI
9,A5-e003Coalescence-Inoculumn-mGAM,3267,D4-e003Coalescence-Inoculumn-mBHI
10,A5-e003Coalescence-mBHI-inoculumn-redo,6850,D4-e003Coalescence-Inoculumn-mBHI
11,A5-e003Coalescence-mBHI-p7,10760,D4-e003Coalescence-Inoculumn-mBHI
12,A5-e003Coalescence-mGAM-p3,20394,D4-e003Coalescence-Inoculumn-mBHI
13,A8-e003Coalescence-mBHI-p3,19494,D4-e003Coalescence-Inoculumn-mBHI
14,A8-e003Coalescence-mBHI-p7,16360,D4-e003Coalescence-Inoculumn-mBHI
15,B2-e003Coalescence-Inoculumn-mGAM,17914,D4-e003Coalescence-Inoculumn-mBHI
16,B2-e003Coalescence-mGAM-p7,16617,D4-e003Coalescence-Inoculumn-mBHI
17,B3-e003Coalescence-Inoculumn-mBHI,14354,D4-e003Coalescence-Inoculumn-mBHI
18,B3-e003Coalescence-mBHI-p3,17299,D4-e003Coalescence-Inoculumn-mBHI
19,B3-e003Coalescence-mGAM-p5,14182,D4-e003Coalescence-Inoculumn-mBHI
20,B4-e003Coalescence-Inoculumn-mBHI,12971,D4-e003Coalescence-Inoculumn-mBHI
21,B5-e003Coalescence-Inoculumn-mBHI,5213,D4-e003Coalescence-Inoculumn-mBHI
22,B5-e003Coalescence-Inoculumn-mGAM,1272,D4-e003Coalescence-Inoculumn-mBHI
23,B5-e003Coalescence-mGAM-p3,17273,D4-e003Coalescence-Inoculumn-mBHI
24,B8-e003Coalescence-mGAM-p5,5037,D4-e003Coalescence-Inoculumn-mBHI
25,C2-e003Coalescence-Inoculumn-mGAM,21807,D4-e003Coalescence-Inoculumn-mBHI
26,C2-e003Coalescence-mBHI-p7,26729,D4-e003Coalescence-Inoculumn-mBHI
27,C2-e003Coalescence-mGAM-p5,13101,D4-e003Coalescence-Inoculumn-mBHI
28,C2-e003Coalescence-mGAM-p7,26424,D4-e003Coalescence-Inoculumn-mBHI
29,C3-e003Coalescence-mBHI-inoculumn-redo,12866,D4-e003Coalescence-Inoculumn-mBHI
30,C3-e003Coalescence-mBHI-p7,6532,D4-e003Coalescence-Inoculumn-mBHI
31,C3-e003Coalescence-mGAM-p3,7523,D4-e003Coalescence-Inoculumn-mBHI
32,C5-e003Coalescence-Inoculumn-mGAM,1426,D4-e003Coalescence-Inoculumn-mBHI
33,C5-e003Coalescence-mBHI-inoculumn-redo,1029,D4-e003Coalescence-Inoculumn-mBHI
34,C5-e003Coalescence-mGAM-p3,15992,D4-e003Coalescence-Inoculumn-mBHI
35,C5-e003Coalescence-mGAM-p7,17054,D4-e003Coalescence-Inoculumn-mBHI
36,C9-e003Coalescence-mBHI-p3,25166,D4-e003Coalescence-Inoculumn-mBHI
37,D11-e003Coalescence-mBHI-p5,1107,D4-e003Coalescence-Inoculumn-mBHI
38,D2-e003Coalescence-Inoculumn-mGAM,3736,D4-e003Coalescence-Inoculumn-mBHI
39,D3-e003Coalescence-Inoculumn-mBHI,4324,D4-e003Coalescence-Inoculumn-mBHI
40,D3-e003Coalescence-Inoculumn-mGAM,1743,D4-e003Coalescence-Inoculumn-mBHI
41,D4-e003Coalescence-Inoculumn-mBHI,0,D4-e003Coalescence-Inoculumn-mBHI
42,D4-e003Coalescence-mGAM-p3,14736,D4-e003Coalescence-Inoculumn-mBHI
43,D4-e003Coalescence-mGAM-p7,18328,D4-e003Coalescence-Inoculumn-mBHI
44,D5-e003Coalescence-Inoculumn-mBHI,2368,D4-e003Coalescence-Inoculumn-mBHI
45,D5-e003Coalescence-Inoculumn-mGAM,1856,D4-e003Coalescence-Inoculumn-mBHI
46,D5-e003Coalescence-mGAM-p3,7639,D4-e003Coalescence-Inoculumn-mBHI
47,D8-e003Coalescence-mGAM-p5,25117,D4-e003Coalescence-Inoculumn-mBHI
0,A11-e003Coalescence-mBHI-p5,2877,D5-e003Coalescence-Inoculumn-mBHI
1,A11-e003Coalescence-mGAM-p7,9556,D5-e003Coalescence-Inoculumn-mBHI
2,A2-e003Coalescence-Inoculumn-mBHI,7935,D5-e003Coalescence-Inoculumn-mBHI
3,A2-e003Coalescence-Inoculumn-mGAM,13597,D5-e003Coalescence-Inoculumn-mBHI
4,A2-e003Coalescence-mBHI-inoculumn-redo,11469,D5-e003Coalescence-Inoculumn-mBHI
5,A2-e003Coalescence-mBHI-p5,7149,D5-e003Coalescence-Inoculumn-mBHI
6,A2-e003Coalescence-mGAM-p7,12760,D5-e003Coalescence-Inoculumn-mBHI
7,A3-e003Coalescence-Inoculumn-mGAM,5170,D5-e003Coalescence-Inoculumn-mBHI
8,A4-e003Coalescence-Inoculumn-mGAM,13780,D5-e003Coalescence-Inoculumn-mBHI
9,A5-e003Coalescence-Inoculumn-mGAM,1974,D5-e003Coalescence-Inoculumn-mBHI
10,A5-e003Coalescence-mBHI-inoculumn-redo,3243,D5-e003Coalescence-Inoculumn-mBHI
11,A5-e003Coalescence-mBHI-p7,4419,D5-e003Coalescence-Inoculumn-mBHI
12,A5-e003Coalescence-mGAM-p3,9229,D5-e003Coalescence-Inoculumn-mBHI
13,A8-e003Coalescence-mBHI-p3,9401,D5-e003Coalescence-Inoculumn-mBHI
14,A8-e003Coalescence-mBHI-p7,8096,D5-e003Coalescence-Inoculumn-mBHI
15,B2-e003Coalescence-Inoculumn-mGAM,9185,D5-e003Coalescence-Inoculumn-mBHI
16,B2-e003Coalescence-mGAM-p7,8909,D5-e003Coalescence-Inoculumn-mBHI
17,B3-e003Coalescence-Inoculumn-mBHI,7996,D5-e003Coalescence-Inoculumn-mBHI
18,B3-e003Coalescence-mBHI-p3,9263,D5-e003Coalescence-Inoculumn-mBHI
19,B3-e003Coalescence-mGAM-p5,8014,D5-e003Coalescence-Inoculumn-mBHI
20,B4-e003Coalescence-Inoculumn-mBHI,8036,D5-e003Coalescence-Inoculumn-mBHI
21,B5-e003Coalescence-Inoculumn-mBHI,2623,D5-e003Coalescence-Inoculumn-mBHI
22,B5-e003Coalescence-Inoculumn-mGAM,4302,D5-e003Coalescence-Inoculumn-mBHI
23,B5-e003Coalescence-mGAM-p3,8784,D5-e003Coalescence-Inoculumn-mBHI
24,B8-e003Coalescence-mGAM-p5,7023,D5-e003Coalescence-Inoculumn-mBHI
25,C2-e003Coalescence-Inoculumn-mGAM,11153,D5-e003Coalescence-Inoculumn-mBHI
26,C2-e003Coalescence-mBHI-p7,13898,D5-e003Coalescence-Inoculumn-mBHI
27,C2-e003Coalescence-mGAM-p5,6664,D5-e003Coalescence-Inoculumn-mBHI
28,C2-e003Coalescence-mGAM-p7,13562,D5-e003Coalescence-Inoculumn-mBHI
29,C3-e003Coalescence-mBHI-inoculumn-redo,7956,D5-e003Coalescence-Inoculumn-mBHI
30,C3-e003Coalescence-mBHI-p7,9480,D5-e003Coalescence-Inoculumn-mBHI
31,C3-e003Coalescence-mGAM-p3,11427,D5-e003Coalescence-Inoculumn-mBHI
32,C5-e003Coalescence-Inoculumn-mGAM,5071,D5-e003Coalescence-Inoculumn-mBHI
33,C5-e003Coalescence-mBHI-inoculumn-redo,1999,D5-e003Coalescence-Inoculumn-mBHI
34,C5-e003Coalescence-mGAM-p3,6709,D5-e003Coalescence-Inoculumn-mBHI
35,C5-e003Coalescence-mGAM-p7,7453,D5-e003Coalescence-Inoculumn-mBHI
36,C9-e003Coalescence-mBHI-p3,13055,D5-e003Coalescence-Inoculumn-mBHI
37,D11-e003Coalescence-mBHI-p5,3624,D5-e003Coalescence-Inoculumn-mBHI
38,D2-e003Coalescence-Inoculumn-mGAM,2138,D5-e003Coalescence-Inoculumn-mBHI
39,D3-e003Coalescence-Inoculumn-mBHI,2192,D5-e003Coalescence-Inoculumn-mBHI
40,D3-e003Coalescence-Inoculumn-mGAM,5810,D5-e003Coalescence-Inoculumn-mBHI
41,D4-e003Coalescence-Inoculumn-mBHI,2352,D5-e003Coalescence-Inoculumn-mBHI
42,D4-e003Coalescence-mGAM-p3,6031,D5-e003Coalescence-Inoculumn-mBHI
43,D4-e003Coalescence-mGAM-p7,7905,D5-e003Coalescence-Inoculumn-mBHI
44,D5-e003Coalescence-Inoculumn-mBHI,0,D5-e003Coalescence-Inoculumn-mBHI
45,D5-e003Coalescence-Inoculumn-mGAM,5918,D5-e003Coalescence-Inoculumn-mBHI
46,D5-e003Coalescence-mGAM-p3,3143,D5-e003Coalescence-Inoculumn-mBHI
47,D8-e003Coalescence-mGAM-p5,12164,D5-e003Coalescence-Inoculumn-mBHI
0,A11-e003Coalescence-mBHI-p5,13625,D5-e003Coalescence-Inoculumn-mGAM
1,A11-e003Coalescence-mGAM-p7,47466,D5-e003Coalescence-Inoculumn-mGAM
2,A2-e003Coalescence-Inoculumn-mBHI,39836,D5-e003Coalescence-Inoculumn-mGAM
3,A2-e003Coalescence-Inoculumn-mGAM,63558,D5-e003Coalescence-Inoculumn-mGAM
4,A2-e003Coalescence-mBHI-inoculumn-redo,56052,D5-e003Coalescence-Inoculumn-mGAM
5,A2-e003Coalescence-mBHI-p5,36133,D5-e003Coalescence-Inoculumn-mGAM
6,A2-e003Coalescence-mGAM-p7,60751,D5-e003Coalescence-Inoculumn-mGAM
7,A3-e003Coalescence-Inoculumn-mGAM,26297,D5-e003Coalescence-Inoculumn-mGAM
8,A4-e003Coalescence-Inoculumn-mGAM,64465,D5-e003Coalescence-Inoculumn-mGAM
9,A5-e003Coalescence-Inoculumn-mGAM,7792,D5-e003Coalescence-Inoculumn-mGAM
10,A5-e003Coalescence-mBHI-inoculumn-redo,18961,D5-e003Coalescence-Inoculumn-mGAM
11,A5-e003Coalescence-mBHI-p7,30005,D5-e003Coalescence-Inoculumn-mGAM
12,A5-e003Coalescence-mGAM-p3,53778,D5-e003Coalescence-Inoculumn-mGAM
13,A8-e003Coalescence-mBHI-p3,50003,D5-e003Coalescence-Inoculumn-mGAM
14,A8-e003Coalescence-mBHI-p7,42060,D5-e003Coalescence-Inoculumn-mGAM
15,B2-e003Coalescence-Inoculumn-mGAM,44610,D5-e003Coalescence-Inoculumn-mGAM
16,B2-e003Coalescence-mGAM-p7,40042,D5-e003Coalescence-Inoculumn-mGAM
17,B3-e003Coalescence-Inoculumn-mBHI,35279,D5-e003Coalescence-Inoculumn-mGAM
18,B3-e003Coalescence-mBHI-p3,41925,D5-e003Coalescence-Inoculumn-mGAM
19,B3-e003Coalescence-mGAM-p5,33733,D5-e003Coalescence-Inoculumn-mGAM
20,B4-e003Coalescence-Inoculumn-mBHI,32839,D5-e003Coalescence-Inoculumn-mGAM
21,B5-e003Coalescence-Inoculumn-mBHI,13723,D5-e003Coalescence-Inoculumn-mGAM
22,B5-e003Coalescence-Inoculumn-mGAM,152,D5-e003Coalescence-Inoculumn-mGAM
23,B5-e003Coalescence-mGAM-p3,43522,D5-e003Coalescence-Inoculumn-mGAM
24,B8-e003Coalescence-mGAM-p5,6985,D5-e003Coalescence-Inoculumn-mGAM
25,C2-e003Coalescence-Inoculumn-mGAM,54826,D5-e003Coalescence-Inoculumn-mGAM
26,C2-e003Coalescence-mBHI-p7,64524,D5-e003Coalescence-Inoculumn-mGAM
27,C2-e003Coalescence-mGAM-p5,33253,D5-e003Coalescence-Inoculumn-mGAM
28,C2-e003Coalescence-mGAM-p7,64146,D5-e003Coalescence-Inoculumn-mGAM
29,C3-e003Coalescence-mBHI-inoculumn-redo,32699,D5-e003Coalescence-Inoculumn-mGAM
30,C3-e003Coalescence-mBHI-p7,9064,D5-e003Coalescence-Inoculumn-mGAM
31,C3-e003Coalescence-mGAM-p3,11593,D5-e003Coalescence-Inoculumn-mGAM
32,C5-e003Coalescence-Inoculumn-mGAM,138,D5-e003Coalescence-Inoculumn-mGAM
33,C5-e003Coalescence-mBHI-inoculumn-redo,2374,D5-e003Coalescence-Inoculumn-mGAM
34,C5-e003Coalescence-mGAM-p3,44173,D5-e003Coalescence-Inoculumn-mGAM
35,C5-e003Coalescence-mGAM-p7,46699,D5-e003Coalescence-Inoculumn-mGAM
36,C9-e003Coalescence-mBHI-p3,61602,D5-e003Coalescence-Inoculumn-mGAM
37,D11-e003Coalescence-mBHI-p5,0,D5-e003Coalescence-Inoculumn-mGAM
38,D2-e003Coalescence-Inoculumn-mGAM,8998,D5-e003Coalescence-Inoculumn-mGAM
39,D3-e003Coalescence-Inoculumn-mBHI,11647,D5-e003Coalescence-Inoculumn-mGAM
40,D3-e003Coalescence-Inoculumn-mGAM,75,D5-e003Coalescence-Inoculumn-mGAM
41,D4-e003Coalescence-Inoculumn-mBHI,1878,D5-e003Coalescence-Inoculumn-mGAM
42,D4-e003Coalescence-mGAM-p3,40703,D5-e003Coalescence-Inoculumn-mGAM
43,D4-e003Coalescence-mGAM-p7,49557,D5-e003Coalescence-Inoculumn-mGAM
44,D5-e003Coalescence-Inoculumn-mBHI,5974,D5-e003Coalescence-Inoculumn-mGAM
45,D5-e003Coalescence-Inoculumn-mGAM,0,D5-e003Coalescence-Inoculumn-mGAM
46,D5-e003Coalescence-mGAM-p3,21916,D5-e003Coalescence-Inoculumn-mGAM
47,D8-e003Coalescence-mGAM-p5,62886,D5-e003Coalescence-Inoculumn-mGAM
