,comm,comm-media,inoculumn,inoculumn_sample,is_inoculumn,media,mesocosm,parent_media,parent_subjects,passage,sample,type_mesocosm,redo,counts
0,C9,C9-mGAM,AC/PP-AE-mGAM,C3-e003Coalescence-Inoculumn-mGAM,False,mGAM,C9-AC/PP-AE-mGAM-mGAM,mGAM,AC/PP-AE,3,C9-e003Coalescence-mGAM-p3,AC/PP-AE-mGAM-mGAM,False,1
1,C3,C3-mBHI,AC/PP-AE-mBHI,C3-e003Coalescence-mBHI-inoculumn-redo,False,mBHI,C3-AC/PP-AE-mBHI-mBHI,mBHI,AC/PP-AE,3,C3-e003Coalescence-mBHI-p3,AC/PP-AE-mBHI-mBHI,False,1
2,C11,C11-mBHI,AE-AF-mGAM,C5-e003Coalescence-Inoculumn-mGAM,False,mBHI,C11-AE-AF-mGAM-mBHI,mGAM,AE-AF,3,C11-e003Coalescence-mBHI-p3,AE-AF-mGAM-mBHI,False,1
3,D11,D11-mBHI,AF-AF-mGAM,D5-e003Coalescence-Inoculumn-mGAM,False,mBHI,D11-AF-AF-mGAM-mBHI,mGAM,AF-AF,5,D11-e003Coalescence-mBHI-p5,AF-AF-mGAM-mBHI,False,1
4,C9,C9-mGAM,AC/PP-AE-mGAM,C3-e003Coalescence-Inoculumn-mGAM,False,mGAM,C9-AC/PP-AE-mGAM-mGAM,mGAM,AC/PP-AE,7,C9-e003Coalescence-mGAM-p7,AC/PP-AE-mGAM-mGAM,False,1
5,C8,C8-mGAM,AA-AE-mGAM,C2-e003Coalescence-Inoculumn-mGAM,False,mGAM,C8-AA-AE-mGAM-mGAM,mGAM,AA-AE,7,C8-e003Coalescence-mGAM-p7,AA-AE-mGAM-mGAM,False,1
6,D10,D10-mBHI,AE-AF-mGAM,D4-e003Coalescence-Inoculumn-mGAM,False,mBHI,D10-AE-AF-mGAM-mBHI,mGAM,AE-AF,3,D10-e003Coalescence-mBHI-p3,AE-AF-mGAM-mBHI,False,1
7,B2,B2-mBHI,AA-AC/PP-mBHI,B2-e003Coalescence-Inoculumn-mBHI,False,mBHI,B2-AA-AC/PP-mBHI-mBHI,mBHI,AA-AC/PP,3,B2-e003Coalescence-mBHI-p3,AA-AC/PP-mBHI-mBHI,False,1
8,A8,A8-mBHI,AA-AA-mGAM,A2-e003Coalescence-Inoculumn-mGAM,False,mBHI,A8-AA-AA-mGAM-mBHI,mGAM,AA-AA,3,A8-e003Coalescence-mBHI-p3,AA-AA-mGAM-mBHI,False,1
9,A4,A4-mBHI,AA-AE-mBHI,A4-e003Coalescence-mBHI-inoculumn-redo,False,mBHI,A4-AA-AE-mBHI-mBHI,mBHI,AA-AE,7,A4-e003Coalescence-mBHI-p7,AA-AE-mBHI-mBHI,False,1
10,A5,A5-mGAM,AA-AF-mBHI,A5-e003Coalescence-Inoculumn-mBHI,False,mGAM,A5-AA-AF-mBHI-mGAM,mBHI,AA-AF,5,A5-e003Coalescence-mGAM-p5,AA-AF-mBHI-mGAM,False,1
11,B4,B4-mBHI,AC/PP-AE-mBHI,B4-e003Coalescence-Inoculumn-mBHI,False,mBHI,B4-AC/PP-AE-mBHI-mBHI,mBHI,AC/PP-AE,5,B4-e003Coalescence-mBHI-p5,AC/PP-AE-mBHI-mBHI,False,1
12,A3,A3-mBHI,AA-AC/PP-mBHI,A3-e003Coalescence-mBHI-inoculumn-redo,False,mBHI,A3-AA-AC/PP-mBHI-mBHI,mBHI,AA-AC/PP,7,A3-e003Coalescence-mBHI-p7,AA-AC/PP-mBHI-mBHI,False,1
13,B9,B9-mGAM,AC/PP-AC/PP-mGAM,B3-e003Coalescence-Inoculumn-mGAM,False,mGAM,B9-AC/PP-AC/PP-mGAM-mGAM,mGAM,AC/PP-AC/PP,5,B9-e003Coalescence-mGAM-p5,AC/PP-AC/PP-mGAM-mGAM,False,1
14,B3,B3-mBHI,AC/PP-AC/PP-mBHI,B3-e003Coalescence-Inoculumn-mBHI,False,mBHI,B3-AC/PP-AC/PP-mBHI-mBHI,mBHI,AC/PP-AC/PP,3,B3-e003Coalescence-mBHI-p3,AC/PP-AC/PP-mBHI-mBHI,False,1
15,D4,D4-mBHI,AE-AF-mBHI,D4-e003Coalescence-Inoculumn-mBHI,False,mBHI,D4-AE-AF-mBHI-mBHI,mBHI,AE-AF,5,D4-e003Coalescence-mBHI-p5,AE-AF-mBHI-mBHI,False,1
16,C2,C2-mBHI,AA-AE-mBHI,C2-e003Coalescence-mBHI-inoculumn-redo,False,mBHI,C2-AA-AE-mBHI-mBHI,mBHI,AA-AE,5,C2-e003Coalescence-mBHI-p5,AA-AE-mBHI-mBHI,False,1
17,D4,D4-mBHI,AE-AF-mBHI,D4-e003Coalescence-Inoculumn-mBHI,False,mBHI,D4-AE-AF-mBHI-mBHI,mBHI,AE-AF,3,D4-e003Coalescence-mBHI-p3,AE-AF-mBHI-mBHI,False,1
18,B2,B2-mBHI,AA-AC/PP-mBHI,B2-e003Coalescence-Inoculumn-mBHI,False,mBHI,B2-AA-AC/PP-mBHI-mBHI,mBHI,AA-AC/PP,5,B2-e003Coalescence-mBHI-p5,AA-AC/PP-mBHI-mBHI,False,1
19,C4,C4-mGAM,AE-AE-mBHI,C4-e003Coalescence-mBHI-inoculumn-redo,False,mGAM,C4-AE-AE-mBHI-mGAM,mBHI,AE-AE,7,C4-e003Coalescence-mGAM-p7,AE-AE-mBHI-mGAM,False,1
20,B2,B2-mGAM,AA-AC/PP-mBHI,B2-e003Coalescence-Inoculumn-mBHI,False,mGAM,B2-AA-AC/PP-mBHI-mGAM,mBHI,AA-AC/PP,7,B2-e003Coalescence-mGAM-p7,AA-AC/PP-mBHI-mGAM,False,1
21,C3,C3-mGAM,AC/PP-AE-mBHI,C3-e003Coalescence-mBHI-inoculumn-redo,False,mGAM,C3-AC/PP-AE-mBHI-mGAM,mBHI,AC/PP-AE,3,C3-e003Coalescence-mGAM-p3,AC/PP-AE-mBHI-mGAM,False,1
22,C3,C3-mBHI,AC/PP-AE-mBHI,C3-e003Coalescence-mBHI-inoculumn-redo,False,mBHI,C3-AC/PP-AE-mBHI-mBHI,mBHI,AC/PP-AE,7,C3-e003Coalescence-mBHI-p7,AC/PP-AE-mBHI-mBHI,False,1
23,D11,D11-mGAM,AF-AF-mGAM,D5-e003Coalescence-Inoculumn-mGAM,False,mGAM,D11-AF-AF-mGAM-mGAM,mGAM,AF-AF,5,D11-e003Coalescence-mGAM-p5,AF-AF-mGAM-mGAM,False,1
24,A11,A11-mGAM,AA-AF-mGAM,A5-e003Coalescence-Inoculumn-mGAM,False,mGAM,A11-AA-AF-mGAM-mGAM,mGAM,AA-AF,7,A11-e003Coalescence-mGAM-p7,AA-AF-mGAM-mGAM,False,1
25,A3,A3-mGAM,AA-AC/PP-mBHI,A3-e003Coalescence-mBHI-inoculumn-redo,False,mGAM,A3-AA-AC/PP-mBHI-mGAM,mBHI,AA-AC/PP,3,A3-e003Coalescence-mGAM-p3,AA-AC/PP-mBHI-mGAM,False,1
26,B8,B8-mBHI,AA-AC/PP-mGAM,B2-e003Coalescence-Inoculumn-mGAM,False,mBHI,B8-AA-AC/PP-mGAM-mBHI,mGAM,AA-AC/PP,5,B8-e003Coalescence-mBHI-p5,AA-AC/PP-mGAM-mBHI,False,1
27,C2,C2-mGAM,AA-AE-mBHI,C2-e003Coalescence-mBHI-inoculumn-redo,False,mGAM,C2-AA-AE-mBHI-mGAM,mBHI,AA-AE,7,C2-e003Coalescence-mGAM-p7,AA-AE-mBHI-mGAM,False,1
28,D3,D3-mBHI,AC/PP-AF-mBHI,D3-e003Coalescence-Inoculumn-mBHI,False,mBHI,D3-AC/PP-AF-mBHI-mBHI,mBHI,AC/PP-AF,5,D3-e003Coalescence-mBHI-p5,AC/PP-AF-mBHI-mBHI,False,1
29,B11,B11-mGAM,AC/PP-AF-mGAM,B5-e003Coalescence-Inoculumn-mGAM,False,mGAM,B11-AC/PP-AF-mGAM-mGAM,mGAM,AC/PP-AF,3,B11-e003Coalescence-mGAM-p3,AC/PP-AF-mGAM-mGAM,False,1
30,D2,D2-mBHI,AA-AF-mBHI,D2-e003Coalescence-Inoculumn-mBHI,False,mBHI,D2-AA-AF-mBHI-mBHI,mBHI,AA-AF,5,D2-e003Coalescence-mBHI-p5,AA-AF-mBHI-mBHI,False,1
31,C8,C8-mGAM,AA-AE-mGAM,C2-e003Coalescence-Inoculumn-mGAM,False,mGAM,C8-AA-AE-mGAM-mGAM,mGAM,AA-AE,5,C8-e003Coalescence-mGAM-p5,AA-AE-mGAM-mGAM,False,1
32,D5,D5-mGAM,AF-AF-mBHI,D5-e003Coalescence-Inoculumn-mBHI,False,mGAM,D5-AF-AF-mBHI-mGAM,mBHI,AF-AF,5,D5-e003Coalescence-mGAM-p5,AF-AF-mBHI-mGAM,False,1
33,B5,B5-mBHI,AC/PP-AF-mBHI,B5-e003Coalescence-Inoculumn-mBHI,False,mBHI,B5-AC/PP-AF-mBHI-mBHI,mBHI,AC/PP-AF,5,B5-e003Coalescence-mBHI-p5,AC/PP-AF-mBHI-mBHI,False,1
34,D5,D5-mBHI,AF-AF-mBHI,D5-e003Coalescence-Inoculumn-mBHI,False,mBHI,D5-AF-AF-mBHI-mBHI,mBHI,AF-AF,7,D5-e003Coalescence-mBHI-p7,AF-AF-mBHI-mBHI,False,1
35,C9,C9-mBHI,AC/PP-AE-mGAM,C3-e003Coalescence-Inoculumn-mGAM,False,mBHI,C9-AC/PP-AE-mGAM-mBHI,mGAM,AC/PP-AE,5,C9-e003Coalescence-mBHI-p5,AC/PP-AE-mGAM-mBHI,False,1
36,A10,A10-mBHI,AA-AE-mGAM,A4-e003Coalescence-Inoculumn-mGAM,False,mBHI,A10-AA-AE-mGAM-mBHI,mGAM,AA-AE,3,A10-e003Coalescence-mBHI-p3,AA-AE-mGAM-mBHI,False,1
37,A5,A5-mGAM,AA-AF-mBHI,A5-e003Coalescence-Inoculumn-mBHI,False,mGAM,A5-AA-AF-mBHI-mGAM,mBHI,AA-AF,3,A5-e003Coalescence-mGAM-p3,AA-AF-mBHI-mGAM,False,1
38,D8,D8-mGAM,AA-AF-mGAM,D2-e003Coalescence-Inoculumn-mGAM,False,mGAM,D8-AA-AF-mGAM-mGAM,mGAM,AA-AF,5,D8-e003Coalescence-mGAM-p5,AA-AF-mGAM-mGAM,False,1
39,C2,C2-mBHI,AA-AE-mBHI,C2-e003Coalescence-mBHI-inoculumn-redo,False,mBHI,C2-AA-AE-mBHI-mBHI,mBHI,AA-AE,3,C2-e003Coalescence-mBHI-p3,AA-AE-mBHI-mBHI,False,1
40,D9,D9-mGAM,AC/PP-AF-mGAM,D3-e003Coalescence-Inoculumn-mGAM,False,mGAM,D9-AC/PP-AF-mGAM-mGAM,mGAM,AC/PP-AF,7,D9-e003Coalescence-mGAM-p7,AC/PP-AF-mGAM-mGAM,False,1
41,D4,D4-mBHI,AE-AF-mBHI,D4-e003Coalescence-Inoculumn-mBHI,False,mBHI,D4-AE-AF-mBHI-mBHI,mBHI,AE-AF,7,D4-e003Coalescence-mBHI-p7,AE-AF-mBHI-mBHI,False,1
42,B10,B10-mGAM,AC/PP-AE-mGAM,B4-e003Coalescence-Inoculumn-mGAM,False,mGAM,B10-AC/PP-AE-mGAM-mGAM,mGAM,AC/PP-AE,3,B10-e003Coalescence-mGAM-p3,AC/PP-AE-mGAM-mGAM,False,1
43,A9,A9-mGAM,AA-AC/PP-mGAM,A3-e003Coalescence-Inoculumn-mGAM,False,mGAM,A9-AA-AC/PP-mGAM-mGAM,mGAM,AA-AC/PP,7,A9-e003Coalescence-mGAM-p7,AA-AC/PP-mGAM-mGAM,False,1
44,D10,D10-mBHI,AE-AF-mGAM,D4-e003Coalescence-Inoculumn-mGAM,False,mBHI,D10-AE-AF-mGAM-mBHI,mGAM,AE-AF,5,D10-e003Coalescence-mBHI-p5,AE-AF-mGAM-mBHI,False,1
45,D5,D5-mBHI,AF-AF-mBHI,D5-e003Coalescence-Inoculumn-mBHI,False,mBHI,D5-AF-AF-mBHI-mBHI,mBHI,AF-AF,3,D5-e003Coalescence-mBHI-p3,AF-AF-mBHI-mBHI,False,1
46,A5,A5-mBHI,AA-AF-mBHI,A5-e003Coalescence-Inoculumn-mBHI,False,mBHI,A5-AA-AF-mBHI-mBHI,mBHI,AA-AF,5,A5-e003Coalescence-mBHI-p5,AA-AF-mBHI-mBHI,False,1
47,C5,C5-mBHI,AE-AF-mBHI,C5-e003Coalescence-mBHI-inoculumn-redo,False,mBHI,C5-AE-AF-mBHI-mBHI,mBHI,AE-AF,3,C5-e003Coalescence-mBHI-p3,AE-AF-mBHI-mBHI,False,1
48,D9,D9-mGAM,AC/PP-AF-mGAM,D3-e003Coalescence-Inoculumn-mGAM,False,mGAM,D9-AC/PP-AF-mGAM-mGAM,mGAM,AC/PP-AF,5,D9-e003Coalescence-mGAM-p5,AC/PP-AF-mGAM-mGAM,False,1
49,C9,C9-mBHI,AC/PP-AE-mGAM,C3-e003Coalescence-Inoculumn-mGAM,False,mBHI,C9-AC/PP-AE-mGAM-mBHI,mGAM,AC/PP-AE,3,C9-e003Coalescence-mBHI-p3,AC/PP-AE-mGAM-mBHI,False,1
50,D10,D10-mGAM,AE-AF-mGAM,D4-e003Coalescence-Inoculumn-mGAM,False,mGAM,D10-AE-AF-mGAM-mGAM,mGAM,AE-AF,5,D10-e003Coalescence-mGAM-p5,AE-AF-mGAM-mGAM,False,1
51,C8,C8-mBHI,AA-AE-mGAM,C2-e003Coalescence-Inoculumn-mGAM,False,mBHI,C8-AA-AE-mGAM-mBHI,mGAM,AA-AE,7,C8-e003Coalescence-mBHI-p7,AA-AE-mGAM-mBHI,False,1
52,C4,C4-mBHI,AE-AE-mBHI,C4-e003Coalescence-mBHI-inoculumn-redo,False,mBHI,C4-AE-AE-mBHI-mBHI,mBHI,AE-AE,3,C4-e003Coalescence-mBHI-p3,AE-AE-mBHI-mBHI,False,1
53,B4,B4-mGAM,AC/PP-AE-mBHI,B4-e003Coalescence-Inoculumn-mBHI,False,mGAM,B4-AC/PP-AE-mBHI-mGAM,mBHI,AC/PP-AE,5,B4-e003Coalescence-mGAM-p5,AC/PP-AE-mBHI-mGAM,False,1
54,D4,D4-mGAM,AE-AF-mBHI,D4-e003Coalescence-Inoculumn-mBHI,False,mGAM,D4-AE-AF-mBHI-mGAM,mBHI,AE-AF,5,D4-e003Coalescence-mGAM-p5,AE-AF-mBHI-mGAM,False,1
55,B5,B5-mGAM,AC/PP-AF-mBHI,B5-e003Coalescence-Inoculumn-mBHI,False,mGAM,B5-AC/PP-AF-mBHI-mGAM,mBHI,AC/PP-AF,5,B5-e003Coalescence-mGAM-p5,AC/PP-AF-mBHI-mGAM,False,1
56,C2,C2-mGAM,AA-AE-mBHI,C2-e003Coalescence-mBHI-inoculumn-redo,False,mGAM,C2-AA-AE-mBHI-mGAM,mBHI,AA-AE,3,C2-e003Coalescence-mGAM-p3,AA-AE-mBHI-mGAM,False,1
57,B5,B5-mGAM,AC/PP-AF-mBHI,B5-e003Coalescence-Inoculumn-mBHI,False,mGAM,B5-AC/PP-AF-mBHI-mGAM,mBHI,AC/PP-AF,7,B5-e003Coalescence-mGAM-p7,AC/PP-AF-mBHI-mGAM,False,1
58,D8,D8-mBHI,AA-AF-mGAM,D2-e003Coalescence-Inoculumn-mGAM,False,mBHI,D8-AA-AF-mGAM-mBHI,mGAM,AA-AF,5,D8-e003Coalescence-mBHI-p5,AA-AF-mGAM-mBHI,False,1
59,C4,C4-mBHI,AE-AE-mBHI,C4-e003Coalescence-mBHI-inoculumn-redo,False,mBHI,C4-AE-AE-mBHI-mBHI,mBHI,AE-AE,7,C4-e003Coalescence-mBHI-p7,AE-AE-mBHI-mBHI,False,1
60,B10,B10-mBHI,AC/PP-AE-mGAM,B4-e003Coalescence-Inoculumn-mGAM,False,mBHI,B10-AC/PP-AE-mGAM-mBHI,mGAM,AC/PP-AE,5,B10-e003Coalescence-mBHI-p5,AC/PP-AE-mGAM-mBHI,False,1
61,D11,D11-mBHI,AF-AF-mGAM,D5-e003Coalescence-Inoculumn-mGAM,False,mBHI,D11-AF-AF-mGAM-mBHI,mGAM,AF-AF,3,D11-e003Coalescence-mBHI-p3,AF-AF-mGAM-mBHI,False,1
62,B5,B5-mBHI,AC/PP-AF-mBHI,B5-e003Coalescence-Inoculumn-mBHI,False,mBHI,B5-AC/PP-AF-mBHI-mBHI,mBHI,AC/PP-AF,3,B5-e003Coalescence-mBHI-p3,AC/PP-AF-mBHI-mBHI,False,1
63,C4,C4-mGAM,AE-AE-mBHI,C4-e003Coalescence-mBHI-inoculumn-redo,False,mGAM,C4-AE-AE-mBHI-mGAM,mBHI,AE-AE,5,C4-e003Coalescence-mGAM-p5,AE-AE-mBHI-mGAM,False,1
64,C5,C5-mGAM,AE-AF-mBHI,C5-e003Coalescence-mBHI-inoculumn-redo,False,mGAM,C5-AE-AF-mBHI-mGAM,mBHI,AE-AF,7,C5-e003Coalescence-mGAM-p7,AE-AF-mBHI-mGAM,False,1
65,A2,A2-mBHI,AA-AA-mBHI,A2-e003Coalescence-mBHI-inoculumn-redo,False,mBHI,A2-AA-AA-mBHI-mBHI,mBHI,AA-AA,7,A2-e003Coalescence-mBHI-p7,AA-AA-mBHI-mBHI,False,1
66,A10,A10-mBHI,AA-AE-mGAM,A4-e003Coalescence-Inoculumn-mGAM,False,mBHI,A10-AA-AE-mGAM-mBHI,mGAM,AA-AE,5,A10-e003Coalescence-mBHI-p5,AA-AE-mGAM-mBHI,False,1
67,D2,D2-mBHI,AA-AF-mBHI,D2-e003Coalescence-Inoculumn-mBHI,False,mBHI,D2-AA-AF-mBHI-mBHI,mBHI,AA-AF,7,D2-e003Coalescence-mBHI-p7,AA-AF-mBHI-mBHI,False,1
68,A4,A4-mGAM,AA-AE-mBHI,A4-e003Coalescence-mBHI-inoculumn-redo,False,mGAM,A4-AA-AE-mBHI-mGAM,mBHI,AA-AE,5,A4-e003Coalescence-mGAM-p5,AA-AE-mBHI-mGAM,False,1
69,D5,D5-mBHI,AF-AF-mBHI,D5-e003Coalescence-Inoculumn-mBHI,False,mBHI,D5-AF-AF-mBHI-mBHI,mBHI,AF-AF,5,D5-e003Coalescence-mBHI-p5,AF-AF-mBHI-mBHI,False,1
70,D4,D4-mGAM,AE-AF-mBHI,D4-e003Coalescence-Inoculumn-mBHI,False,mGAM,D4-AE-AF-mBHI-mGAM,mBHI,AE-AF,7,D4-e003Coalescence-mGAM-p7,AE-AF-mBHI-mGAM,False,1
71,A8,A8-mBHI,AA-AA-mGAM,A2-e003Coalescence-Inoculumn-mGAM,False,mBHI,A8-AA-AA-mGAM-mBHI,mGAM,AA-AA,7,A8-e003Coalescence-mBHI-p7,AA-AA-mGAM-mBHI,False,1
72,C4,C4-mGAM,AE-AE-mBHI,C4-e003Coalescence-mBHI-inoculumn-redo,False,mGAM,C4-AE-AE-mBHI-mGAM,mBHI,AE-AE,3,C4-e003Coalescence-mGAM-p3,AE-AE-mBHI-mGAM,False,1
73,D5,D5-mGAM,AF-AF-mBHI,D5-e003Coalescence-Inoculumn-mBHI,False,mGAM,D5-AF-AF-mBHI-mGAM,mBHI,AF-AF,7,D5-e003Coalescence-mGAM-p7,AF-AF-mBHI-mGAM,False,1
74,C5,C5-mBHI,AE-AF-mBHI,C5-e003Coalescence-mBHI-inoculumn-redo,False,mBHI,C5-AE-AF-mBHI-mBHI,mBHI,AE-AF,5,C5-e003Coalescence-mBHI-p5,AE-AF-mBHI-mBHI,False,1
75,C5,C5-mGAM,AE-AF-mBHI,C5-e003Coalescence-mBHI-inoculumn-redo,False,mGAM,C5-AE-AF-mBHI-mGAM,mBHI,AE-AF,3,C5-e003Coalescence-mGAM-p3,AE-AF-mBHI-mGAM,False,1
76,A11,A11-mBHI,AA-AF-mGAM,A5-e003Coalescence-Inoculumn-mGAM,False,mBHI,A11-AA-AF-mGAM-mBHI,mGAM,AA-AF,7,A11-e003Coalescence-mBHI-p7,AA-AF-mGAM-mBHI,False,1
77,A4,A4-mGAM,AA-AE-mBHI,A4-e003Coalescence-mBHI-inoculumn-redo,False,mGAM,A4-AA-AE-mBHI-mGAM,mBHI,AA-AE,3,A4-e003Coalescence-mGAM-p3,AA-AE-mBHI-mGAM,False,1
78,C3,C3-mGAM,AC/PP-AE-mBHI,C3-e003Coalescence-mBHI-inoculumn-redo,False,mGAM,C3-AC/PP-AE-mBHI-mGAM,mBHI,AC/PP-AE,5,C3-e003Coalescence-mGAM-p5,AC/PP-AE-mBHI-mGAM,False,1
79,A10,A10-mGAM,AA-AE-mGAM,A4-e003Coalescence-Inoculumn-mGAM,False,mGAM,A10-AA-AE-mGAM-mGAM,mGAM,AA-AE,3,A10-e003Coalescence-mGAM-p3,AA-AE-mGAM-mGAM,False,1
80,A9,A9-mBHI,AA-AC/PP-mGAM,A3-e003Coalescence-Inoculumn-mGAM,False,mBHI,A9-AA-AC/PP-mGAM-mBHI,mGAM,AA-AC/PP,3,A9-e003Coalescence-mBHI-p3,AA-AC/PP-mGAM-mBHI,False,1
81,D3,D3-mBHI,AC/PP-AF-mBHI,D3-e003Coalescence-Inoculumn-mBHI,False,mBHI,D3-AC/PP-AF-mBHI-mBHI,mBHI,AC/PP-AF,7,D3-e003Coalescence-mBHI-p7,AC/PP-AF-mBHI-mBHI,False,1
82,D11,D11-mGAM,AF-AF-mGAM,D5-e003Coalescence-Inoculumn-mGAM,False,mGAM,D11-AF-AF-mGAM-mGAM,mGAM,AF-AF,3,D11-e003Coalescence-mGAM-p3,AF-AF-mGAM-mGAM,False,1
83,C3,C3-mBHI,AC/PP-AE-mBHI,C3-e003Coalescence-mBHI-inoculumn-redo,False,mBHI,C3-AC/PP-AE-mBHI-mBHI,mBHI,AC/PP-AE,5,C3-e003Coalescence-mBHI-p5,AC/PP-AE-mBHI-mBHI,False,1
84,A9,A9-mBHI,AA-AC/PP-mGAM,A3-e003Coalescence-Inoculumn-mGAM,False,mBHI,A9-AA-AC/PP-mGAM-mBHI,mGAM,AA-AC/PP,5,A9-e003Coalescence-mBHI-p5,AA-AC/PP-mGAM-mBHI,False,1
85,B2,B2-mGAM,AA-AC/PP-mBHI,B2-e003Coalescence-Inoculumn-mBHI,False,mGAM,B2-AA-AC/PP-mBHI-mGAM,mBHI,AA-AC/PP,3,B2-e003Coalescence-mGAM-p3,AA-AC/PP-mBHI-mGAM,False,1
86,C11,C11-mGAM,AE-AF-mGAM,C5-e003Coalescence-Inoculumn-mGAM,False,mGAM,C11-AE-AF-mGAM-mGAM,mGAM,AE-AF,5,C11-e003Coalescence-mGAM-p5,AE-AF-mGAM-mGAM,False,1
87,A8,A8-mBHI,AA-AA-mGAM,A2-e003Coalescence-Inoculumn-mGAM,False,mBHI,A8-AA-AA-mGAM-mBHI,mGAM,AA-AA,5,A8-e003Coalescence-mBHI-p5,AA-AA-mGAM-mBHI,False,1
88,D9,D9-mBHI,AC/PP-AF-mGAM,D3-e003Coalescence-Inoculumn-mGAM,False,mBHI,D9-AC/PP-AF-mGAM-mBHI,mGAM,AC/PP-AF,3,D9-e003Coalescence-mBHI-p3,AC/PP-AF-mGAM-mBHI,False,1
89,C5,C5-mGAM,AE-AF-mBHI,C5-e003Coalescence-mBHI-inoculumn-redo,False,mGAM,C5-AE-AF-mBHI-mGAM,mBHI,AE-AF,5,C5-e003Coalescence-mGAM-p5,AE-AF-mBHI-mGAM,False,1
90,A5,A5-mBHI,AA-AF-mBHI,A5-e003Coalescence-Inoculumn-mBHI,False,mBHI,A5-AA-AF-mBHI-mBHI,mBHI,AA-AF,7,A5-e003Coalescence-mBHI-p7,AA-AF-mBHI-mBHI,False,1
91,D2,D2-mGAM,AA-AF-mBHI,D2-e003Coalescence-Inoculumn-mBHI,False,mGAM,D2-AA-AF-mBHI-mGAM,mBHI,AA-AF,5,D2-e003Coalescence-mGAM-p5,AA-AF-mBHI-mGAM,False,1
92,D3,D3-mGAM,AC/PP-AF-mBHI,D3-e003Coalescence-Inoculumn-mBHI,False,mGAM,D3-AC/PP-AF-mBHI-mGAM,mBHI,AC/PP-AF,3,D3-e003Coalescence-mGAM-p3,AC/PP-AF-mBHI-mGAM,False,1
93,D9,D9-mGAM,AC/PP-AF-mGAM,D3-e003Coalescence-Inoculumn-mGAM,False,mGAM,D9-AC/PP-AF-mGAM-mGAM,mGAM,AC/PP-AF,3,D9-e003Coalescence-mGAM-p3,AC/PP-AF-mGAM-mGAM,False,1
94,D3,D3-mGAM,AC/PP-AF-mBHI,D3-e003Coalescence-Inoculumn-mBHI,False,mGAM,D3-AC/PP-AF-mBHI-mGAM,mBHI,AC/PP-AF,5,D3-e003Coalescence-mGAM-p5,AC/PP-AF-mBHI-mGAM,False,1
95,C10,C10-mGAM,AE-AE-mGAM,C4-e003Coalescence-Inoculumn-mGAM,False,mGAM,C10-AE-AE-mGAM-mGAM,mGAM,AE-AE,3,C10-e003Coalescence-mGAM-p3,AE-AE-mGAM-mGAM,False,1
96,B9,B9-mGAM,AC/PP-AC/PP-mGAM,B3-e003Coalescence-Inoculumn-mGAM,False,mGAM,B9-AC/PP-AC/PP-mGAM-mGAM,mGAM,AC/PP-AC/PP,7,B9-e003Coalescence-mGAM-p7,AC/PP-AC/PP-mGAM-mGAM,False,1
97,B11,B11-mGAM,AC/PP-AF-mGAM,B5-e003Coalescence-Inoculumn-mGAM,False,mGAM,B11-AC/PP-AF-mGAM-mGAM,mGAM,AC/PP-AF,7,B11-e003Coalescence-mGAM-p7,AC/PP-AF-mGAM-mGAM,False,1
98,B5,B5-mBHI,AC/PP-AF-mBHI,B5-e003Coalescence-Inoculumn-mBHI,False,mBHI,B5-AC/PP-AF-mBHI-mBHI,mBHI,AC/PP-AF,7,B5-e003Coalescence-mBHI-p7,AC/PP-AF-mBHI-mBHI,False,1
99,A3,A3-mGAM,AA-AC/PP-mBHI,A3-e003Coalescence-mBHI-inoculumn-redo,False,mGAM,A3-AA-AC/PP-mBHI-mGAM,mBHI,AA-AC/PP,7,A3-e003Coalescence-mGAM-p7,AA-AC/PP-mBHI-mGAM,False,1
100,A4,A4-mBHI,AA-AE-mBHI,A4-e003Coalescence-mBHI-inoculumn-redo,False,mBHI,A4-AA-AE-mBHI-mBHI,mBHI,AA-AE,5,A4-e003Coalescence-mBHI-p5,AA-AE-mBHI-mBHI,False,1
101,B3,B3-mBHI,AC/PP-AC/PP-mBHI,B3-e003Coalescence-Inoculumn-mBHI,False,mBHI,B3-AC/PP-AC/PP-mBHI-mBHI,mBHI,AC/PP-AC/PP,7,B3-e003Coalescence-mBHI-p7,AC/PP-AC/PP-mBHI-mBHI,False,1
102,D10,D10-mGAM,AE-AF-mGAM,D4-e003Coalescence-Inoculumn-mGAM,False,mGAM,D10-AE-AF-mGAM-mGAM,mGAM,AE-AF,7,D10-e003Coalescence-mGAM-p7,AE-AF-mGAM-mGAM,False,1
103,C11,C11-mGAM,AE-AF-mGAM,C5-e003Coalescence-Inoculumn-mGAM,False,mGAM,C11-AE-AF-mGAM-mGAM,mGAM,AE-AF,3,C11-e003Coalescence-mGAM-p3,AE-AF-mGAM-mGAM,False,1
104,A10,A10-mBHI,AA-AE-mGAM,A4-e003Coalescence-Inoculumn-mGAM,False,mBHI,A10-AA-AE-mGAM-mBHI,mGAM,AA-AE,7,A10-e003Coalescence-mBHI-p7,AA-AE-mGAM-mBHI,False,1
105,C10,C10-mBHI,AE-AE-mGAM,C4-e003Coalescence-Inoculumn-mGAM,False,mBHI,C10-AE-AE-mGAM-mBHI,mGAM,AE-AE,7,C10-e003Coalescence-mBHI-p7,AE-AE-mGAM-mBHI,False,1
106,B9,B9-mBHI,AC/PP-AC/PP-mGAM,B3-e003Coalescence-Inoculumn-mGAM,False,mBHI,B9-AC/PP-AC/PP-mGAM-mBHI,mGAM,AC/PP-AC/PP,5,B9-e003Coalescence-mBHI-p5,AC/PP-AC/PP-mGAM-mBHI,False,1
107,B10,B10-mBHI,AC/PP-AE-mGAM,B4-e003Coalescence-Inoculumn-mGAM,False,mBHI,B10-AC/PP-AE-mGAM-mBHI,mGAM,AC/PP-AE,3,B10-e003Coalescence-mBHI-p3,AC/PP-AE-mGAM-mBHI,False,1
108,C11,C11-mBHI,AE-AF-mGAM,C5-e003Coalescence-Inoculumn-mGAM,False,mBHI,C11-AE-AF-mGAM-mBHI,mGAM,AE-AF,5,C11-e003Coalescence-mBHI-p5,AE-AF-mGAM-mBHI,False,1
109,A2,A2-mGAM,AA-AA-mBHI,A2-e003Coalescence-mBHI-inoculumn-redo,False,mGAM,A2-AA-AA-mBHI-mGAM,mBHI,AA-AA,7,A2-e003Coalescence-mGAM-p7,AA-AA-mBHI-mGAM,False,1
110,D10,D10-mGAM,AE-AF-mGAM,D4-e003Coalescence-Inoculumn-mGAM,False,mGAM,D10-AE-AF-mGAM-mGAM,mGAM,AE-AF,3,D10-e003Coalescence-mGAM-p3,AE-AF-mGAM-mGAM,False,1
111,B10,B10-mGAM,AC/PP-AE-mGAM,B4-e003Coalescence-Inoculumn-mGAM,False,mGAM,B10-AC/PP-AE-mGAM-mGAM,mGAM,AC/PP-AE,7,B10-e003Coalescence-mGAM-p7,AC/PP-AE-mGAM-mGAM,False,1
112,B4,B4-mBHI,AC/PP-AE-mBHI,B4-e003Coalescence-Inoculumn-mBHI,False,mBHI,B4-AC/PP-AE-mBHI-mBHI,mBHI,AC/PP-AE,7,B4-e003Coalescence-mBHI-p7,AC/PP-AE-mBHI-mBHI,False,1
113,A9,A9-mBHI,AA-AC/PP-mGAM,A3-e003Coalescence-Inoculumn-mGAM,False,mBHI,A9-AA-AC/PP-mGAM-mBHI,mGAM,AA-AC/PP,7,A9-e003Coalescence-mBHI-p7,AA-AC/PP-mGAM-mBHI,False,1
114,D11,D11-mGAM,AF-AF-mGAM,D5-e003Coalescence-Inoculumn-mGAM,False,mGAM,D11-AF-AF-mGAM-mGAM,mGAM,AF-AF,7,D11-e003Coalescence-mGAM-p7,AF-AF-mGAM-mGAM,False,1
115,D5,D5-mGAM,AF-AF-mBHI,D5-e003Coalescence-Inoculumn-mBHI,False,mGAM,D5-AF-AF-mBHI-mGAM,mBHI,AF-AF,3,D5-e003Coalescence-mGAM-p3,AF-AF-mBHI-mGAM,False,1
116,A10,A10-mGAM,AA-AE-mGAM,A4-e003Coalescence-Inoculumn-mGAM,False,mGAM,A10-AA-AE-mGAM-mGAM,mGAM,AA-AE,7,A10-e003Coalescence-mGAM-p7,AA-AE-mGAM-mGAM,False,1
117,D9,D9-mBHI,AC/PP-AF-mGAM,D3-e003Coalescence-Inoculumn-mGAM,False,mBHI,D9-AC/PP-AF-mGAM-mBHI,mGAM,AC/PP-AF,5,D9-e003Coalescence-mBHI-p5,AC/PP-AF-mGAM-mBHI,False,1
118,D4,D4-mGAM,AE-AF-mBHI,D4-e003Coalescence-Inoculumn-mBHI,False,mGAM,D4-AE-AF-mBHI-mGAM,mBHI,AE-AF,3,D4-e003Coalescence-mGAM-p3,AE-AF-mBHI-mGAM,False,1
119,B9,B9-mBHI,AC/PP-AC/PP-mGAM,B3-e003Coalescence-Inoculumn-mGAM,False,mBHI,B9-AC/PP-AC/PP-mGAM-mBHI,mGAM,AC/PP-AC/PP,7,B9-e003Coalescence-mBHI-p7,AC/PP-AC/PP-mGAM-mBHI,False,1
120,A2,A2-mGAM,AA-AA-mBHI,A2-e003Coalescence-mBHI-inoculumn-redo,False,mGAM,A2-AA-AA-mBHI-mGAM,mBHI,AA-AA,5,A2-e003Coalescence-mGAM-p5,AA-AA-mBHI-mGAM,False,1
121,C3,C3-mGAM,AC/PP-AE-mBHI,C3-e003Coalescence-mBHI-inoculumn-redo,False,mGAM,C3-AC/PP-AE-mBHI-mGAM,mBHI,AC/PP-AE,7,C3-e003Coalescence-mGAM-p7,AC/PP-AE-mBHI-mGAM,False,1
122,A3,A3-mGAM,AA-AC/PP-mBHI,A3-e003Coalescence-mBHI-inoculumn-redo,False,mGAM,A3-AA-AC/PP-mBHI-mGAM,mBHI,AA-AC/PP,5,A3-e003Coalescence-mGAM-p5,AA-AC/PP-mBHI-mGAM,False,1
123,B3,B3-mGAM,AC/PP-AC/PP-mBHI,B3-e003Coalescence-Inoculumn-mBHI,False,mGAM,B3-AC/PP-AC/PP-mBHI-mGAM,mBHI,AC/PP-AC/PP,5,B3-e003Coalescence-mGAM-p5,AC/PP-AC/PP-mBHI-mGAM,False,1
124,D9,D9-mBHI,AC/PP-AF-mGAM,D3-e003Coalescence-Inoculumn-mGAM,False,mBHI,D9-AC/PP-AF-mGAM-mBHI,mGAM,AC/PP-AF,7,D9-e003Coalescence-mBHI-p7,AC/PP-AF-mGAM-mBHI,False,1
125,C5,C5-mBHI,AE-AF-mBHI,C5-e003Coalescence-mBHI-inoculumn-redo,False,mBHI,C5-AE-AF-mBHI-mBHI,mBHI,AE-AF,7,C5-e003Coalescence-mBHI-p7,AE-AF-mBHI-mBHI,False,1
126,C11,C11-mGAM,AE-AF-mGAM,C5-e003Coalescence-Inoculumn-mGAM,False,mGAM,C11-AE-AF-mGAM-mGAM,mGAM,AE-AF,7,C11-e003Coalescence-mGAM-p7,AE-AF-mGAM-mGAM,False,1
127,D10,D10-mBHI,AE-AF-mGAM,D4-e003Coalescence-Inoculumn-mGAM,False,mBHI,D10-AE-AF-mGAM-mBHI,mGAM,AE-AF,7,D10-e003Coalescence-mBHI-p7,AE-AF-mGAM-mBHI,False,1
128,C9,C9-mBHI,AC/PP-AE-mGAM,C3-e003Coalescence-Inoculumn-mGAM,False,mBHI,C9-AC/PP-AE-mGAM-mBHI,mGAM,AC/PP-AE,7,C9-e003Coalescence-mBHI-p7,AC/PP-AE-mGAM-mBHI,False,1
129,A2,A2-mBHI,AA-AA-mBHI,A2-e003Coalescence-mBHI-inoculumn-redo,False,mBHI,A2-AA-AA-mBHI-mBHI,mBHI,AA-AA,3,A2-e003Coalescence-mBHI-p3,AA-AA-mBHI-mBHI,False,1
130,B8,B8-mGAM,AA-AC/PP-mGAM,B2-e003Coalescence-Inoculumn-mGAM,False,mGAM,B8-AA-AC/PP-mGAM-mGAM,mGAM,AA-AC/PP,5,B8-e003Coalescence-mGAM-p5,AA-AC/PP-mGAM-mGAM,False,1
131,B3,B3-mBHI,AC/PP-AC/PP-mBHI,B3-e003Coalescence-Inoculumn-mBHI,False,mBHI,B3-AC/PP-AC/PP-mBHI-mBHI,mBHI,AC/PP-AC/PP,5,B3-e003Coalescence-mBHI-p5,AC/PP-AC/PP-mBHI-mBHI,False,1
132,A8,A8-mGAM,AA-AA-mGAM,A2-e003Coalescence-Inoculumn-mGAM,False,mGAM,A8-AA-AA-mGAM-mGAM,mGAM,AA-AA,7,A8-e003Coalescence-mGAM-p7,AA-AA-mGAM-mGAM,False,1
133,A11,A11-mBHI,AA-AF-mGAM,A5-e003Coalescence-Inoculumn-mGAM,False,mBHI,A11-AA-AF-mGAM-mBHI,mGAM,AA-AF,5,A11-e003Coalescence-mBHI-p5,AA-AF-mGAM-mBHI,False,1
134,C10,C10-mGAM,AE-AE-mGAM,C4-e003Coalescence-Inoculumn-mGAM,False,mGAM,C10-AE-AE-mGAM-mGAM,mGAM,AE-AE,5,C10-e003Coalescence-mGAM-p5,AE-AE-mGAM-mGAM,False,1
135,A3,A3-mBHI,AA-AC/PP-mBHI,A3-e003Coalescence-mBHI-inoculumn-redo,False,mBHI,A3-AA-AC/PP-mBHI-mBHI,mBHI,AA-AC/PP,3,A3-e003Coalescence-mBHI-p3,AA-AC/PP-mBHI-mBHI,False,1
136,A2,A2-mBHI,AA-AA-mBHI,A2-e003Coalescence-mBHI-inoculumn-redo,False,mBHI,A2-AA-AA-mBHI-mBHI,mBHI,AA-AA,5,A2-e003Coalescence-mBHI-p5,AA-AA-mBHI-mBHI,False,1
137,C10,C10-mBHI,AE-AE-mGAM,C4-e003Coalescence-Inoculumn-mGAM,False,mBHI,C10-AE-AE-mGAM-mBHI,mGAM,AE-AE,5,C10-e003Coalescence-mBHI-p5,AE-AE-mGAM-mBHI,False,1
138,B9,B9-mBHI,AC/PP-AC/PP-mGAM,B3-e003Coalescence-Inoculumn-mGAM,False,mBHI,B9-AC/PP-AC/PP-mGAM-mBHI,mGAM,AC/PP-AC/PP,3,B9-e003Coalescence-mBHI-p3,AC/PP-AC/PP-mGAM-mBHI,False,1
139,B5,B5-mGAM,AC/PP-AF-mBHI,B5-e003Coalescence-Inoculumn-mBHI,False,mGAM,B5-AC/PP-AF-mBHI-mGAM,mBHI,AC/PP-AF,3,B5-e003Coalescence-mGAM-p3,AC/PP-AF-mBHI-mGAM,False,1
140,A3,A3-mBHI,AA-AC/PP-mBHI,A3-e003Coalescence-mBHI-inoculumn-redo,False,mBHI,A3-AA-AC/PP-mBHI-mBHI,mBHI,AA-AC/PP,5,A3-e003Coalescence-mBHI-p5,AA-AC/PP-mBHI-mBHI,False,1
141,A5,A5-mBHI,AA-AF-mBHI,A5-e003Coalescence-Inoculumn-mBHI,False,mBHI,A5-AA-AF-mBHI-mBHI,mBHI,AA-AF,3,A5-e003Coalescence-mBHI-p3,AA-AF-mBHI-mBHI,False,1
142,A4,A4-mBHI,AA-AE-mBHI,A4-e003Coalescence-mBHI-inoculumn-redo,False,mBHI,A4-AA-AE-mBHI-mBHI,mBHI,AA-AE,3,A4-e003Coalescence-mBHI-p3,AA-AE-mBHI-mBHI,False,1
143,C9,C9-mGAM,AC/PP-AE-mGAM,C3-e003Coalescence-Inoculumn-mGAM,False,mGAM,C9-AC/PP-AE-mGAM-mGAM,mGAM,AC/PP-AE,5,C9-e003Coalescence-mGAM-p5,AC/PP-AE-mGAM-mGAM,False,1
144,C2,C2-mGAM,AA-AE-mBHI,C2-e003Coalescence-mBHI-inoculumn-redo,False,mGAM,C2-AA-AE-mBHI-mGAM,mBHI,AA-AE,5,C2-e003Coalescence-mGAM-p5,AA-AE-mBHI-mGAM,False,1
145,C8,C8-mBHI,AA-AE-mGAM,C2-e003Coalescence-Inoculumn-mGAM,False,mBHI,C8-AA-AE-mGAM-mBHI,mGAM,AA-AE,5,C8-e003Coalescence-mBHI-p5,AA-AE-mGAM-mBHI,False,1
146,B8,B8-mGAM,AA-AC/PP-mGAM,B2-e003Coalescence-Inoculumn-mGAM,False,mGAM,B8-AA-AC/PP-mGAM-mGAM,mGAM,AA-AC/PP,7,B8-e003Coalescence-mGAM-p7,AA-AC/PP-mGAM-mGAM,False,1
147,B8,B8-mBHI,AA-AC/PP-mGAM,B2-e003Coalescence-Inoculumn-mGAM,False,mBHI,B8-AA-AC/PP-mGAM-mBHI,mGAM,AA-AC/PP,7,B8-e003Coalescence-mBHI-p7,AA-AC/PP-mGAM-mBHI,False,1
148,B11,B11-mBHI,AC/PP-AF-mGAM,B5-e003Coalescence-Inoculumn-mGAM,False,mBHI,B11-AC/PP-AF-mGAM-mBHI,mGAM,AC/PP-AF,3,B11-e003Coalescence-mBHI-p3,AC/PP-AF-mGAM-mBHI,False,1
149,C4,C4-mBHI,AE-AE-mBHI,C4-e003Coalescence-mBHI-inoculumn-redo,False,mBHI,C4-AE-AE-mBHI-mBHI,mBHI,AE-AE,5,C4-e003Coalescence-mBHI-p5,AE-AE-mBHI-mBHI,False,1
150,A11,A11-mBHI,AA-AF-mGAM,A5-e003Coalescence-Inoculumn-mGAM,False,mBHI,A11-AA-AF-mGAM-mBHI,mGAM,AA-AF,3,A11-e003Coalescence-mBHI-p3,AA-AF-mGAM-mBHI,False,1
151,B2,B2-mBHI,AA-AC/PP-mBHI,B2-e003Coalescence-Inoculumn-mBHI,False,mBHI,B2-AA-AC/PP-mBHI-mBHI,mBHI,AA-AC/PP,7,B2-e003Coalescence-mBHI-p7,AA-AC/PP-mBHI-mBHI,False,1
152,B4,B4-mBHI,AC/PP-AE-mBHI,B4-e003Coalescence-Inoculumn-mBHI,False,mBHI,B4-AC/PP-AE-mBHI-mBHI,mBHI,AC/PP-AE,3,B4-e003Coalescence-mBHI-p3,AC/PP-AE-mBHI-mBHI,False,1
153,C2,C2-mBHI,AA-AE-mBHI,C2-e003Coalescence-mBHI-inoculumn-redo,False,mBHI,C2-AA-AE-mBHI-mBHI,mBHI,AA-AE,7,C2-e003Coalescence-mBHI-p7,AA-AE-mBHI-mBHI,False,1
154,A9,A9-mGAM,AA-AC/PP-mGAM,A3-e003Coalescence-Inoculumn-mGAM,False,mGAM,A9-AA-AC/PP-mGAM-mGAM,mGAM,AA-AC/PP,5,A9-e003Coalescence-mGAM-p5,AA-AC/PP-mGAM-mGAM,False,1
155,C10,C10-mGAM,AE-AE-mGAM,C4-e003Coalescence-Inoculumn-mGAM,False,mGAM,C10-AE-AE-mGAM-mGAM,mGAM,AE-AE,7,C10-e003Coalescence-mGAM-p7,AE-AE-mGAM-mGAM,False,1
156,A11,A11-mGAM,AA-AF-mGAM,A5-e003Coalescence-Inoculumn-mGAM,False,mGAM,A11-AA-AF-mGAM-mGAM,mGAM,AA-AF,3,A11-e003Coalescence-mGAM-p3,AA-AF-mGAM-mGAM,False,1
157,C10,C10-mBHI,AE-AE-mGAM,C4-e003Coalescence-Inoculumn-mGAM,False,mBHI,C10-AE-AE-mGAM-mBHI,mGAM,AE-AE,3,C10-e003Coalescence-mBHI-p3,AE-AE-mGAM-mBHI,False,1
158,D2,D2-mBHI,AA-AF-mBHI,D2-e003Coalescence-Inoculumn-mBHI,False,mBHI,D2-AA-AF-mBHI-mBHI,mBHI,AA-AF,3,D2-e003Coalescence-mBHI-p3,AA-AF-mBHI-mBHI,False,1
159,H5,H5-mBHI,AF-AF-mBHI,D5-e003Coalescence-Inoculumn-mBHI,False,mBHI,H5-AF-AF-mBHI-mBHI,mBHI,AF-AF,5,H5-e003Coalescence-mBHI-p5_S40,AF-AF-mBHI-mBHI,False,1
160,E2,E2-mGAM,AA-AA-mBHI,A2-e003Coalescence-mBHI-inoculumn-redo,False,mGAM,E2-AA-AA-mBHI-mGAM,mBHI,AA-AA,7,E2-e003Coalescence-mGAM-p7_S145,AA-AA-mBHI-mGAM,False,1
161,G5,G5-mBHI,AE-AF-mBHI,C5-e003Coalescence-mBHI-inoculumn-redo,False,mBHI,G5-AE-AF-mBHI-mBHI,mBHI,AE-AF,7,G5-e003Coalescence-mBHI-p7_S124,AE-AF-mBHI-mBHI,False,1
162,H11,H11-mGAM,AF-AF-mGAM,D5-e003Coalescence-Inoculumn-mGAM,False,mGAM,H11-AF-AF-mGAM-mGAM,mGAM,AF-AF,7,H111-e003Coalescence-mGAM-p7_S188,AF-AF-mGAM-mGAM,False,1
163,H4,H4-mGAM,AE-AF-mBHI,D4-e003Coalescence-Inoculumn-mBHI,False,mGAM,H4-AE-AF-mBHI-mGAM,mBHI,AE-AF,7,H4-e003Coalescence-mGAM-p7_S183,AE-AF-mBHI-mGAM,False,1
164,F5,F5-mGAM,AC/PP-AF-mBHI,B5-e003Coalescence-Inoculumn-mBHI,False,mGAM,F5-AC/PP-AF-mBHI-mGAM,mBHI,AC/PP-AF,5,F5-e003Coalescence-mGAM-p5_S64,AC/PP-AF-mBHI-mGAM,False,1
165,F5,F5-mGAM,AC/PP-AF-mBHI,B5-e003Coalescence-Inoculumn-mBHI,False,mGAM,F5-AC/PP-AF-mBHI-mGAM,mBHI,AC/PP-AF,7,F5-e003Coalescence-mGAM-p7_S160,AC/PP-AF-mBHI-mGAM,False,1
166,F8,F8-mBHI,AA-AC/PP-mGAM,B2-e003Coalescence-Inoculumn-mGAM,False,mBHI,F8-AA-AC/PP-mGAM-mBHI,mGAM,AA-AC/PP,3,F8-e003Coalescence-mBHI-p3_S117,AA-AC/PP-mGAM-mBHI,False,1
167,H3,H3-mBHI,AC/PP-AF-mBHI,D3-e003Coalescence-Inoculumn-mBHI,False,mBHI,H3-AC/PP-AF-mBHI-mBHI,mBHI,AC/PP-AF,3,H3-e003Coalescence-mBHI-p3_S46,AC/PP-AF-mBHI-mBHI,False,1
168,H2,H2-mBHI,AA-AF-mBHI,D2-e003Coalescence-Inoculumn-mBHI,False,mBHI,H2-AA-AF-mBHI-mBHI,mBHI,AA-AF,7,H2-e003Coalescence-mBHI-p7_S133,AA-AF-mBHI-mBHI,False,1
169,E3,E3-mBHI,AA-AC/PP-mBHI,A3-e003Coalescence-mBHI-inoculumn-redo,False,mBHI,E3-AA-AC/PP-mBHI-mBHI,mBHI,AA-AC/PP,7,E3-e003Coalescence-mBHI-p7_S98,AA-AC/PP-mBHI-mBHI,False,1
170,E5,E5-mBHI,AA-AF-mBHI,A5-e003Coalescence-Inoculumn-mBHI,False,mBHI,E5-AA-AF-mBHI-mBHI,mBHI,AA-AF,3,E5-e003Coalescence-mBHI-p3_S12,AA-AF-mBHI-mBHI,False,1
171,F10,F10-mGAM,AC/PP-AE-mGAM,B4-e003Coalescence-Inoculumn-mGAM,False,mGAM,F10-AC/PP-AE-mGAM-mGAM,mGAM,AC/PP-AE,7,F100-e003Coalescence-mGAM-p7_S163,AC/PP-AE-mGAM-mGAM,False,1
172,E11,E11-mGAM,AA-AF-mGAM,A5-e003Coalescence-Inoculumn-mGAM,False,mGAM,E11-AA-AF-mGAM-mGAM,mGAM,AA-AF,7,E111-e003Coalescence-mGAM-p7_S152,AA-AF-mGAM-mGAM,False,1
173,F9,F9-mBHI,AC/PP-AC/PP-mGAM,B3-e003Coalescence-Inoculumn-mGAM,False,mBHI,F9-AC/PP-AC/PP-mGAM-mBHI,mGAM,AC/PP-AC/PP,5,F9-e003Coalescence-mBHI-p5_S18,AC/PP-AC/PP-mGAM-mBHI,False,1
174,H3,H3-mBHI,AC/PP-AF-mBHI,D3-e003Coalescence-Inoculumn-mBHI,False,mBHI,H3-AC/PP-AF-mBHI-mBHI,mBHI,AC/PP-AF,7,H3-e003Coalescence-mBHI-p7_S134,AC/PP-AF-mBHI-mBHI,False,1
175,E3,E3-mGAM,AA-AC/PP-mBHI,A3-e003Coalescence-mBHI-inoculumn-redo,False,mGAM,E3-AA-AC/PP-mBHI-mGAM,mBHI,AA-AC/PP,3,E3-e003Coalescence-mGAM-p3_S58,AA-AC/PP-mBHI-mGAM,False,1
176,H8,H8-mBHI,AA-AF-mGAM,D2-e003Coalescence-Inoculumn-mGAM,False,mBHI,H8-AA-AF-mGAM-mBHI,mGAM,AA-AF,3,H8-e003Coalescence-mBHI-p3_S141,AA-AF-mGAM-mBHI,False,1
177,G4,G4-mBHI,AE-AE-mBHI,C4-e003Coalescence-mBHI-inoculumn-redo,False,mBHI,G4-AE-AE-mBHI-mBHI,mBHI,AE-AE,5,G4-e003Coalescence-mBHI-p5_S27,AE-AE-mBHI-mBHI,False,1
178,E8,E8-mBHI,AA-AA-mGAM,A2-e003Coalescence-Inoculumn-mGAM,False,mBHI,E8-AA-AA-mGAM-mBHI,mGAM,AA-AA,5,E8-e003Coalescence-mBHI-p5_S5,AA-AA-mGAM-mBHI,False,1
179,G2,G2-mBHI,AA-AE-mBHI,C2-e003Coalescence-mBHI-inoculumn-redo,False,mBHI,G2-AA-AE-mBHI-mBHI,mBHI,AA-AE,3,G2-e003Coalescence-mBHI-p3_S33,AA-AE-mBHI-mBHI,False,1
180,F10,F10-mBHI,AC/PP-AE-mGAM,B4-e003Coalescence-Inoculumn-mGAM,False,mBHI,F10-AC/PP-AE-mGAM-mBHI,mGAM,AC/PP-AE,3,F100-e003Coalescence-mBHI-p3_S119,AC/PP-AE-mGAM-mBHI,False,1
181,E9,E9-mBHI,AA-AC/PP-mGAM,A3-e003Coalescence-Inoculumn-mGAM,False,mBHI,E9-AA-AC/PP-mGAM-mBHI,mGAM,AA-AC/PP,5,E9-e003Coalescence-mBHI-p5_S6,AA-AC/PP-mGAM-mBHI,False,1
182,G3,G3-mGAM,AC/PP-AE-mBHI,C3-e003Coalescence-mBHI-inoculumn-redo,False,mGAM,G3-AC/PP-AE-mBHI-mGAM,mBHI,AC/PP-AE,7,G3-e003Coalescence-mGAM-p7_S170,AC/PP-AE-mBHI-mGAM,False,1
183,H11,H11-mBHI,AF-AF-mGAM,D5-e003Coalescence-Inoculumn-mGAM,False,mBHI,H11-AF-AF-mGAM-mBHI,mGAM,AF-AF,3,H111-e003Coalescence-mBHI-p3_S144,AF-AF-mGAM-mBHI,False,1
184,G11,G11-mGAM,AE-AF-mGAM,C5-e003Coalescence-Inoculumn-mGAM,False,mGAM,G11-AE-AF-mGAM-mGAM,mGAM,AE-AF,5,G111-e003Coalescence-mGAM-p5_S80,AE-AF-mGAM-mGAM,False,1
185,G10,G10-mGAM,AE-AE-mGAM,C4-e003Coalescence-Inoculumn-mGAM,False,mGAM,G10-AE-AE-mGAM-mGAM,mGAM,AE-AE,3,G100-e003Coalescence-mGAM-p3_S179,AE-AE-mGAM-mGAM,False,1
186,F11,F11-mGAM,AC/PP-AF-mGAM,B5-e003Coalescence-Inoculumn-mGAM,False,mGAM,F11-AC/PP-AF-mGAM-mGAM,mGAM,AC/PP-AF,5,F111-e003Coalescence-mGAM-p5_S68,AC/PP-AF-mGAM-mGAM,False,1
187,G11,G11-mBHI,AE-AF-mGAM,C5-e003Coalescence-Inoculumn-mGAM,False,mBHI,G11-AE-AF-mGAM-mBHI,mGAM,AE-AF,5,G111-e003Coalescence-mBHI-p5_S32,AE-AF-mGAM-mBHI,False,1
188,G5,G5-mBHI,AE-AF-mBHI,C5-e003Coalescence-mBHI-inoculumn-redo,False,mBHI,G5-AE-AF-mBHI-mBHI,mBHI,AE-AF,3,G5-e003Coalescence-mBHI-p3_S36,AE-AF-mBHI-mBHI,False,1
189,H2,H2-mGAM,AA-AF-mBHI,D2-e003Coalescence-Inoculumn-mBHI,False,mGAM,H2-AA-AF-mBHI-mGAM,mBHI,AA-AF,7,H2-e003Coalescence-mGAM-p7_S181,AA-AF-mBHI-mGAM,False,1
190,H9,H9-mGAM,AC/PP-AF-mGAM,D3-e003Coalescence-Inoculumn-mGAM,False,mGAM,H9-AC/PP-AF-mGAM-mGAM,mGAM,AC/PP-AF,3,H9-e003Coalescence-mGAM-p3_S190,AC/PP-AF-mGAM-mGAM,False,1
191,F2,F2-mBHI,AA-AC/PP-mBHI,B2-e003Coalescence-Inoculumn-mBHI,False,mBHI,F2-AA-AC/PP-mBHI-mBHI,mBHI,AA-AC/PP,7,F2-e003Coalescence-mBHI-p7_S109,AA-AC/PP-mBHI-mBHI,False,1
192,E3,E3-mBHI,AA-AC/PP-mBHI,A3-e003Coalescence-mBHI-inoculumn-redo,False,mBHI,E3-AA-AC/PP-mBHI-mBHI,mBHI,AA-AC/PP,3,E3-e003Coalescence-mBHI-p3_S10,AA-AC/PP-mBHI-mBHI,False,1
193,H2,H2-mGAM,AA-AF-mBHI,D2-e003Coalescence-Inoculumn-mBHI,False,mGAM,H2-AA-AF-mBHI-mGAM,mBHI,AA-AF,5,H2-e003Coalescence-mGAM-p5_S85,AA-AF-mBHI-mGAM,False,1
194,G8,G8-mGAM,AA-AE-mGAM,C2-e003Coalescence-Inoculumn-mGAM,False,mGAM,G8-AA-AE-mGAM-mGAM,mGAM,AA-AE,3,G8-e003Coalescence-mGAM-p3_S177,AA-AE-mGAM-mGAM,False,1
195,H11,H11-mBHI,AF-AF-mGAM,D5-e003Coalescence-Inoculumn-mGAM,False,mBHI,H11-AF-AF-mGAM-mBHI,mGAM,AF-AF,7,H111-e003Coalescence-mBHI-p7_S140,AF-AF-mGAM-mBHI,False,1
196,F2,F2-mGAM,AA-AC/PP-mBHI,B2-e003Coalescence-Inoculumn-mBHI,False,mGAM,F2-AA-AC/PP-mBHI-mGAM,mBHI,AA-AC/PP,7,F2-e003Coalescence-mGAM-p7_S157,AA-AC/PP-mBHI-mGAM,False,1
197,H3,H3-mGAM,AC/PP-AF-mBHI,D3-e003Coalescence-Inoculumn-mBHI,False,mGAM,H3-AC/PP-AF-mBHI-mGAM,mBHI,AC/PP-AF,3,H3-e003Coalescence-mGAM-p3_S94,AC/PP-AF-mBHI-mGAM,False,1
198,H8,H8-mGAM,AA-AF-mGAM,D2-e003Coalescence-Inoculumn-mGAM,False,mGAM,H8-AA-AF-mGAM-mGAM,mGAM,AA-AF,3,H8-e003Coalescence-mGAM-p3_S189,AA-AF-mGAM-mGAM,False,1
199,H4,H4-mGAM,AE-AF-mBHI,D4-e003Coalescence-Inoculumn-mBHI,False,mGAM,H4-AE-AF-mBHI-mGAM,mBHI,AE-AF,3,H4-e003Coalescence-mGAM-p3_S95,AE-AF-mBHI-mGAM,False,1
200,E5,E5-mBHI,AA-AF-mBHI,A5-e003Coalescence-Inoculumn-mBHI,False,mBHI,E5-AA-AF-mBHI-mBHI,mBHI,AA-AF,7,E5-e003Coalescence-mBHI-p7_S100,AA-AF-mBHI-mBHI,False,1
201,G11,G11-mBHI,AE-AF-mGAM,C5-e003Coalescence-Inoculumn-mGAM,False,mBHI,G11-AE-AF-mGAM-mBHI,mGAM,AE-AF,3,G111-e003Coalescence-mBHI-p3_S132,AE-AF-mGAM-mBHI,False,1
202,F3,F3-mGAM,AC/PP-AC/PP-mBHI,B3-e003Coalescence-Inoculumn-mBHI,False,mGAM,F3-AC/PP-AC/PP-mBHI-mGAM,mBHI,AC/PP-AC/PP,3,F3-e003Coalescence-mGAM-p3_S70,AC/PP-AC/PP-mBHI-mGAM,False,1
203,E10,E10-mBHI,AA-AE-mGAM,A4-e003Coalescence-Inoculumn-mGAM,False,mBHI,E10-AA-AE-mGAM-mBHI,mGAM,AA-AE,7,E100-e003Coalescence-mBHI-p7_S103,AA-AE-mGAM-mBHI,False,1
204,F9,F9-mGAM,AC/PP-AC/PP-mGAM,B3-e003Coalescence-Inoculumn-mGAM,False,mGAM,F9-AC/PP-AC/PP-mGAM-mGAM,mGAM,AC/PP-AC/PP,5,F9-e003Coalescence-mGAM-p5_S66,AC/PP-AC/PP-mGAM-mGAM,False,1
205,G11,G11-mGAM,AE-AF-mGAM,C5-e003Coalescence-Inoculumn-mGAM,False,mGAM,G11-AE-AF-mGAM-mGAM,mGAM,AE-AF,7,G111-e003Coalescence-mGAM-p7_S176,AE-AF-mGAM-mGAM,False,1
206,H10,H10-mGAM,AE-AF-mGAM,D4-e003Coalescence-Inoculumn-mGAM,False,mGAM,H10-AE-AF-mGAM-mGAM,mGAM,AE-AF,7,H100-e003Coalescence-mGAM-p7_S187,AE-AF-mGAM-mGAM,False,1
207,E10,E10-mGAM,AA-AE-mGAM,A4-e003Coalescence-Inoculumn-mGAM,False,mGAM,E10-AA-AE-mGAM-mGAM,mGAM,AA-AE,3,E100-e003Coalescence-mGAM-p3_S155,AA-AE-mGAM-mGAM,False,1
208,E3,E3-mGAM,AA-AC/PP-mBHI,A3-e003Coalescence-mBHI-inoculumn-redo,False,mGAM,E3-AA-AC/PP-mBHI-mGAM,mBHI,AA-AC/PP,5,E3-e003Coalescence-mGAM-p5_S50,AA-AC/PP-mBHI-mGAM,False,1
209,F5,F5-mGAM,AC/PP-AF-mBHI,B5-e003Coalescence-Inoculumn-mBHI,False,mGAM,F5-AC/PP-AF-mBHI-mGAM,mBHI,AC/PP-AF,3,F5-e003Coalescence-mGAM-p3_S72,AC/PP-AF-mBHI-mGAM,False,1
210,E9,E9-mBHI,AA-AC/PP-mGAM,A3-e003Coalescence-Inoculumn-mGAM,False,mBHI,E9-AA-AC/PP-mGAM-mBHI,mGAM,AA-AC/PP,7,E9-e003Coalescence-mBHI-p7_S102,AA-AC/PP-mGAM-mBHI,False,1
211,E5,E5-mBHI,AA-AF-mBHI,A5-e003Coalescence-Inoculumn-mBHI,False,mBHI,E5-AA-AF-mBHI-mBHI,mBHI,AA-AF,5,E5-e003Coalescence-mBHI-p5_S4,AA-AF-mBHI-mBHI,False,1
212,F11,F11-mGAM,AC/PP-AF-mGAM,B5-e003Coalescence-Inoculumn-mGAM,False,mGAM,F11-AC/PP-AF-mGAM-mGAM,mGAM,AC/PP-AF,7,F111-e003Coalescence-mGAM-p7_S164,AC/PP-AF-mGAM-mGAM,False,1
213,E11,E11-mBHI,AA-AF-mGAM,A5-e003Coalescence-Inoculumn-mGAM,False,mBHI,E11-AA-AF-mGAM-mBHI,mGAM,AA-AF,5,E111-e003Coalescence-mBHI-p5_S8,AA-AF-mGAM-mBHI,False,1
214,H10,H10-mBHI,AE-AF-mGAM,D4-e003Coalescence-Inoculumn-mGAM,False,mBHI,H10-AE-AF-mGAM-mBHI,mGAM,AE-AF,5,H100-e003Coalescence-mBHI-p5_S43,AE-AF-mGAM-mBHI,False,1
215,G2,G2-mGAM,AA-AE-mBHI,C2-e003Coalescence-mBHI-inoculumn-redo,False,mGAM,G2-AA-AE-mBHI-mGAM,mBHI,AA-AE,7,G2-e003Coalescence-mGAM-p7_S169,AA-AE-mBHI-mGAM,False,1
216,F2,F2-mGAM,AA-AC/PP-mBHI,B2-e003Coalescence-Inoculumn-mBHI,False,mGAM,F2-AA-AC/PP-mBHI-mGAM,mBHI,AA-AC/PP,5,F2-e003Coalescence-mGAM-p5_S61,AA-AC/PP-mBHI-mGAM,False,1
217,F5,F5-mBHI,AC/PP-AF-mBHI,B5-e003Coalescence-Inoculumn-mBHI,False,mBHI,F5-AC/PP-AF-mBHI-mBHI,mBHI,AC/PP-AF,5,F5-e003Coalescence-mBHI-p5_S16,AC/PP-AF-mBHI-mBHI,False,1
218,F8,F8-mGAM,AA-AC/PP-mGAM,B2-e003Coalescence-Inoculumn-mGAM,False,mGAM,F8-AA-AC/PP-mGAM-mGAM,mGAM,AA-AC/PP,5,F8-e003Coalescence-mGAM-p5_S65,AA-AC/PP-mGAM-mGAM,False,1
219,H8,H8-mBHI,AA-AF-mGAM,D2-e003Coalescence-Inoculumn-mGAM,False,mBHI,H8-AA-AF-mGAM-mBHI,mGAM,AA-AF,7,H8-e003Coalescence-mBHI-p7_S137,AA-AF-mGAM-mBHI,False,1
220,E11,E11-mGAM,AA-AF-mGAM,A5-e003Coalescence-Inoculumn-mGAM,False,mGAM,E11-AA-AF-mGAM-mGAM,mGAM,AA-AF,3,E111-e003Coalescence-mGAM-p3_S156,AA-AF-mGAM-mGAM,False,1
221,H5,H5-mBHI,AF-AF-mBHI,D5-e003Coalescence-Inoculumn-mBHI,False,mBHI,H5-AF-AF-mBHI-mBHI,mBHI,AF-AF,3,H5-e003Coalescence-mBHI-p3_S48,AF-AF-mBHI-mBHI,False,1
222,G9,G9-mGAM,AC/PP-AE-mGAM,C3-e003Coalescence-Inoculumn-mGAM,False,mGAM,G9-AC/PP-AE-mGAM-mGAM,mGAM,AC/PP-AE,5,G9-e003Coalescence-mGAM-p5_S78,AC/PP-AE-mGAM-mGAM,False,1
223,E2,E2-mBHI,AA-AA-mBHI,A2-e003Coalescence-mBHI-inoculumn-redo,False,mBHI,E2-AA-AA-mBHI-mBHI,mBHI,AA-AA,5,E2-e003Coalescence-mBHI-p5_S1,AA-AA-mBHI-mBHI,False,1
224,E2,E2-mBHI,AA-AA-mBHI,A2-e003Coalescence-mBHI-inoculumn-redo,False,mBHI,E2-AA-AA-mBHI-mBHI,mBHI,AA-AA,3,E2-e003Coalescence-mBHI-p3_S9,AA-AA-mBHI-mBHI,False,1
225,G8,G8-mGAM,AA-AE-mGAM,C2-e003Coalescence-Inoculumn-mGAM,False,mGAM,G8-AA-AE-mGAM-mGAM,mGAM,AA-AE,5,G8-e003Coalescence-mGAM-p5_S77,AA-AE-mGAM-mGAM,False,1
226,G3,G3-mBHI,AC/PP-AE-mBHI,C3-e003Coalescence-mBHI-inoculumn-redo,False,mBHI,G3-AC/PP-AE-mBHI-mBHI,mBHI,AC/PP-AE,3,G3-e003Coalescence-mBHI-p3_S34,AC/PP-AE-mBHI-mBHI,False,1
227,G10,G10-mBHI,AE-AE-mGAM,C4-e003Coalescence-Inoculumn-mGAM,False,mBHI,G10-AE-AE-mGAM-mBHI,mGAM,AE-AE,5,G100-e003Coalescence-mBHI-p5_S31,AE-AE-mGAM-mBHI,False,1
228,F9,F9-mBHI,AC/PP-AC/PP-mGAM,B3-e003Coalescence-Inoculumn-mGAM,False,mBHI,F9-AC/PP-AC/PP-mGAM-mBHI,mGAM,AC/PP-AC/PP,3,F9-e003Coalescence-mBHI-p3_S118,AC/PP-AC/PP-mGAM-mBHI,False,1
229,E11,E11-mBHI,AA-AF-mGAM,A5-e003Coalescence-Inoculumn-mGAM,False,mBHI,E11-AA-AF-mGAM-mBHI,mGAM,AA-AF,3,E111-e003Coalescence-mBHI-p3_S108,AA-AF-mGAM-mBHI,False,1
230,F8,F8-mGAM,AA-AC/PP-mGAM,B2-e003Coalescence-Inoculumn-mGAM,False,mGAM,F8-AA-AC/PP-mGAM-mGAM,mGAM,AA-AC/PP,3,F8-e003Coalescence-mGAM-p3_S165,AA-AC/PP-mGAM-mGAM,False,1
231,G3,G3-mBHI,AC/PP-AE-mBHI,C3-e003Coalescence-mBHI-inoculumn-redo,False,mBHI,G3-AC/PP-AE-mBHI-mBHI,mBHI,AC/PP-AE,5,G3-e003Coalescence-mBHI-p5_S26,AC/PP-AE-mBHI-mBHI,False,1
232,G5,G5-mBHI,AE-AF-mBHI,C5-e003Coalescence-mBHI-inoculumn-redo,False,mBHI,G5-AE-AF-mBHI-mBHI,mBHI,AE-AF,5,G5-e003Coalescence-mBHI-p5_S28,AE-AF-mBHI-mBHI,False,1
233,H11,H11-mGAM,AF-AF-mGAM,D5-e003Coalescence-Inoculumn-mGAM,False,mGAM,H11-AF-AF-mGAM-mGAM,mGAM,AF-AF,5,H111-e003Coalescence-mGAM-p5_S92,AF-AF-mGAM-mGAM,False,1
234,G4,G4-mBHI,AE-AE-mBHI,C4-e003Coalescence-mBHI-inoculumn-redo,False,mBHI,G4-AE-AE-mBHI-mBHI,mBHI,AE-AE,3,G4-e003Coalescence-mBHI-p3_S35,AE-AE-mBHI-mBHI,False,1
235,H9,H9-mGAM,AC/PP-AF-mGAM,D3-e003Coalescence-Inoculumn-mGAM,False,mGAM,H9-AC/PP-AF-mGAM-mGAM,mGAM,AC/PP-AF,5,H9-e003Coalescence-mGAM-p5_S90,AC/PP-AF-mGAM-mGAM,False,1
236,H2,H2-mBHI,AA-AF-mBHI,D2-e003Coalescence-Inoculumn-mBHI,False,mBHI,H2-AA-AF-mBHI-mBHI,mBHI,AA-AF,3,H2-e003Coalescence-mBHI-p3_S45,AA-AF-mBHI-mBHI,False,1
237,E8,E8-mBHI,AA-AA-mGAM,A2-e003Coalescence-Inoculumn-mGAM,False,mBHI,E8-AA-AA-mGAM-mBHI,mGAM,AA-AA,7,E8-e003Coalescence-mBHI-p7_S101,AA-AA-mGAM-mBHI,False,1
238,E4,E4-mBHI,AA-AE-mBHI,A4-e003Coalescence-mBHI-inoculumn-redo,False,mBHI,E4-AA-AE-mBHI-mBHI,mBHI,AA-AE,5,E4-e003Coalescence-mBHI-p5_S3,AA-AE-mBHI-mBHI,False,1
239,H2,H2-mGAM,AA-AF-mBHI,D2-e003Coalescence-Inoculumn-mBHI,False,mGAM,H2-AA-AF-mBHI-mGAM,mBHI,AA-AF,3,H2-e003Coalescence-mGAM-p3_S93,AA-AF-mBHI-mGAM,False,1
240,E4,E4-mGAM,AA-AE-mBHI,A4-e003Coalescence-mBHI-inoculumn-redo,False,mGAM,E4-AA-AE-mBHI-mGAM,mBHI,AA-AE,5,E4-e003Coalescence-mGAM-p5_S51,AA-AE-mBHI-mGAM,False,1
241,G9,G9-mGAM,AC/PP-AE-mGAM,C3-e003Coalescence-Inoculumn-mGAM,False,mGAM,G9-AC/PP-AE-mGAM-mGAM,mGAM,AC/PP-AE,7,G9-e003Coalescence-mGAM-p7_S174,AC/PP-AE-mGAM-mGAM,False,1
242,F9,F9-mBHI,AC/PP-AC/PP-mGAM,B3-e003Coalescence-Inoculumn-mGAM,False,mBHI,F9-AC/PP-AC/PP-mGAM-mBHI,mGAM,AC/PP-AC/PP,7,F9-e003Coalescence-mBHI-p7_S114,AC/PP-AC/PP-mGAM-mBHI,False,1
243,F2,F2-mBHI,AA-AC/PP-mBHI,B2-e003Coalescence-Inoculumn-mBHI,False,mBHI,F2-AA-AC/PP-mBHI-mBHI,mBHI,AA-AC/PP,3,F2-e003Coalescence-mBHI-p3_S21,AA-AC/PP-mBHI-mBHI,False,1
244,E8,E8-mGAM,AA-AA-mGAM,A2-e003Coalescence-Inoculumn-mGAM,False,mGAM,E8-AA-AA-mGAM-mGAM,mGAM,AA-AA,3,E8-e003Coalescence-mGAM-p3_S153,AA-AA-mGAM-mGAM,False,1
245,G11,G11-mGAM,AE-AF-mGAM,C5-e003Coalescence-Inoculumn-mGAM,False,mGAM,G11-AE-AF-mGAM-mGAM,mGAM,AE-AF,3,G111-e003Coalescence-mGAM-p3_S180,AE-AF-mGAM-mGAM,False,1
246,G5,G5-mGAM,AE-AF-mBHI,C5-e003Coalescence-mBHI-inoculumn-redo,False,mGAM,G5-AE-AF-mBHI-mGAM,mBHI,AE-AF,3,G5-e003Coalescence-mGAM-p3_S84,AE-AF-mBHI-mGAM,False,1
247,H8,H8-mBHI,AA-AF-mGAM,D2-e003Coalescence-Inoculumn-mGAM,False,mBHI,H8-AA-AF-mGAM-mBHI,mGAM,AA-AF,5,H8-e003Coalescence-mBHI-p5_S41,AA-AF-mGAM-mBHI,False,1
248,E10,E10-mBHI,AA-AE-mGAM,A4-e003Coalescence-Inoculumn-mGAM,False,mBHI,E10-AA-AE-mGAM-mBHI,mGAM,AA-AE,5,E100-e003Coalescence-mBHI-p5_S7,AA-AE-mGAM-mBHI,False,1
249,G10,G10-mGAM,AE-AE-mGAM,C4-e003Coalescence-Inoculumn-mGAM,False,mGAM,G10-AE-AE-mGAM-mGAM,mGAM,AE-AE,7,G100-e003Coalescence-mGAM-p7_S175,AE-AE-mGAM-mGAM,False,1
250,F9,F9-mGAM,AC/PP-AC/PP-mGAM,B3-e003Coalescence-Inoculumn-mGAM,False,mGAM,F9-AC/PP-AC/PP-mGAM-mGAM,mGAM,AC/PP-AC/PP,7,F9-e003Coalescence-mGAM-p7_S162,AC/PP-AC/PP-mGAM-mGAM,False,1
251,E2,E2-mBHI,AA-AA-mBHI,A2-e003Coalescence-mBHI-inoculumn-redo,False,mBHI,E2-AA-AA-mBHI-mBHI,mBHI,AA-AA,7,E2-e003Coalescence-mBHI-p7_S97,AA-AA-mBHI-mBHI,False,1
252,F8,F8-mGAM,AA-AC/PP-mGAM,B2-e003Coalescence-Inoculumn-mGAM,False,mGAM,F8-AA-AC/PP-mGAM-mGAM,mGAM,AA-AC/PP,7,F8-e003Coalescence-mGAM-p7_S161,AA-AC/PP-mGAM-mGAM,False,1
253,F3,F3-mBHI,AC/PP-AC/PP-mBHI,B3-e003Coalescence-Inoculumn-mBHI,False,mBHI,F3-AC/PP-AC/PP-mBHI-mBHI,mBHI,AC/PP-AC/PP,3,F3-e003Coalescence-mBHI-p3_S22,AC/PP-AC/PP-mBHI-mBHI,False,1
254,G3,G3-mBHI,AC/PP-AE-mBHI,C3-e003Coalescence-mBHI-inoculumn-redo,False,mBHI,G3-AC/PP-AE-mBHI-mBHI,mBHI,AC/PP-AE,7,G3-e003Coalescence-mBHI-p7_S122,AC/PP-AE-mBHI-mBHI,False,1
255,G5,G5-mGAM,AE-AF-mBHI,C5-e003Coalescence-mBHI-inoculumn-redo,False,mGAM,G5-AE-AF-mBHI-mGAM,mBHI,AE-AF,5,G5-e003Coalescence-mGAM-p5_S76,AE-AF-mBHI-mGAM,False,1
256,G5,G5-mGAM,AE-AF-mBHI,C5-e003Coalescence-mBHI-inoculumn-redo,False,mGAM,G5-AE-AF-mBHI-mGAM,mBHI,AE-AF,7,G5-e003Coalescence-mGAM-p7_S172,AE-AF-mBHI-mGAM,False,1
257,H10,H10-mBHI,AE-AF-mGAM,D4-e003Coalescence-Inoculumn-mGAM,False,mBHI,H10-AE-AF-mGAM-mBHI,mGAM,AE-AF,3,H100-e003Coalescence-mBHI-p3_S143,AE-AF-mGAM-mBHI,False,1
258,G4,G4-mGAM,AE-AE-mBHI,C4-e003Coalescence-mBHI-inoculumn-redo,False,mGAM,G4-AE-AE-mBHI-mGAM,mBHI,AE-AE,5,G4-e003Coalescence-mGAM-p5_S75,AE-AE-mBHI-mGAM,False,1
259,G8,G8-mBHI,AA-AE-mGAM,C2-e003Coalescence-Inoculumn-mGAM,False,mBHI,G8-AA-AE-mGAM-mBHI,mGAM,AA-AE,3,G8-e003Coalescence-mBHI-p3_S129,AA-AE-mGAM-mBHI,False,1
260,E5,E5-mGAM,AA-AF-mBHI,A5-e003Coalescence-Inoculumn-mBHI,False,mGAM,E5-AA-AF-mBHI-mGAM,mBHI,AA-AF,3,E5-e003Coalescence-mGAM-p3_S60,AA-AF-mBHI-mGAM,False,1
261,G2,G2-mGAM,AA-AE-mBHI,C2-e003Coalescence-mBHI-inoculumn-redo,False,mGAM,G2-AA-AE-mBHI-mGAM,mBHI,AA-AE,5,G2-e003Coalescence-mGAM-p5_S73,AA-AE-mBHI-mGAM,False,1
262,E5,E5-mGAM,AA-AF-mBHI,A5-e003Coalescence-Inoculumn-mBHI,False,mGAM,E5-AA-AF-mBHI-mGAM,mBHI,AA-AF,7,E5-e003Coalescence-mGAM-p7_S148,AA-AF-mBHI-mGAM,False,1
263,H9,H9-mGAM,AC/PP-AF-mGAM,D3-e003Coalescence-Inoculumn-mGAM,False,mGAM,H9-AC/PP-AF-mGAM-mGAM,mGAM,AC/PP-AF,7,H9-e003Coalescence-mGAM-p7_S186,AC/PP-AF-mGAM-mGAM,False,1
264,E10,E10-mGAM,AA-AE-mGAM,A4-e003Coalescence-Inoculumn-mGAM,False,mGAM,E10-AA-AE-mGAM-mGAM,mGAM,AA-AE,5,E100-e003Coalescence-mGAM-p5_S55,AA-AE-mGAM-mGAM,False,1
265,E8,E8-mGAM,AA-AA-mGAM,A2-e003Coalescence-Inoculumn-mGAM,False,mGAM,E8-AA-AA-mGAM-mGAM,mGAM,AA-AA,5,E8-e003Coalescence-mGAM-p5_S53,AA-AA-mGAM-mGAM,False,1
266,H5,H5-mGAM,AF-AF-mBHI,D5-e003Coalescence-Inoculumn-mBHI,False,mGAM,H5-AF-AF-mBHI-mGAM,mBHI,AF-AF,3,H5-e003Coalescence-mGAM-p3_S96,AF-AF-mBHI-mGAM,False,1
267,G4,G4-mGAM,AE-AE-mBHI,C4-e003Coalescence-mBHI-inoculumn-redo,False,mGAM,G4-AE-AE-mBHI-mGAM,mBHI,AE-AE,3,G4-e003Coalescence-mGAM-p3_S83,AE-AE-mBHI-mGAM,False,1
268,F4,F4-mBHI,AC/PP-AE-mBHI,B4-e003Coalescence-Inoculumn-mBHI,False,mBHI,F4-AC/PP-AE-mBHI-mBHI,mBHI,AC/PP-AE,7,F4-e003Coalescence-mBHI-p7_S111,AC/PP-AE-mBHI-mBHI,False,1
269,H3,H3-mGAM,AC/PP-AF-mBHI,D3-e003Coalescence-Inoculumn-mBHI,False,mGAM,H3-AC/PP-AF-mBHI-mGAM,mBHI,AC/PP-AF,7,H3-e003Coalescence-mGAM-p7_S182,AC/PP-AF-mBHI-mGAM,False,1
270,H5,H5-mGAM,AF-AF-mBHI,D5-e003Coalescence-Inoculumn-mBHI,False,mGAM,H5-AF-AF-mBHI-mGAM,mBHI,AF-AF,5,H5-e003Coalescence-mGAM-p5_S88,AF-AF-mBHI-mGAM,False,1
271,F4,F4-mGAM,AC/PP-AE-mBHI,B4-e003Coalescence-Inoculumn-mBHI,False,mGAM,F4-AC/PP-AE-mBHI-mGAM,mBHI,AC/PP-AE,5,F4-e003Coalescence-mGAM-p5_S63,AC/PP-AE-mBHI-mGAM,False,1
272,G4,G4-mGAM,AE-AE-mBHI,C4-e003Coalescence-mBHI-inoculumn-redo,False,mGAM,G4-AE-AE-mBHI-mGAM,mBHI,AE-AE,7,G4-e003Coalescence-mGAM-p7_S171,AE-AE-mBHI-mGAM,False,1
273,H8,H8-mGAM,AA-AF-mGAM,D2-e003Coalescence-Inoculumn-mGAM,False,mGAM,H8-AA-AF-mGAM-mGAM,mGAM,AA-AF,5,H8-e003Coalescence-mGAM-p5_S89,AA-AF-mGAM-mGAM,False,1
274,F3,F3-mBHI,AC/PP-AC/PP-mBHI,B3-e003Coalescence-Inoculumn-mBHI,False,mBHI,F3-AC/PP-AC/PP-mBHI-mBHI,mBHI,AC/PP-AC/PP,5,F3-e003Coalescence-mBHI-p5_S14,AC/PP-AC/PP-mBHI-mBHI,False,1
275,F10,F10-mBHI,AC/PP-AE-mGAM,B4-e003Coalescence-Inoculumn-mGAM,False,mBHI,F10-AC/PP-AE-mGAM-mBHI,mGAM,AC/PP-AE,7,F100-e003Coalescence-mBHI-p7_S115,AC/PP-AE-mGAM-mBHI,False,1
276,E3,E3-mGAM,AA-AC/PP-mBHI,A3-e003Coalescence-mBHI-inoculumn-redo,False,mGAM,E3-AA-AC/PP-mBHI-mGAM,mBHI,AA-AC/PP,7,E3-e003Coalescence-mGAM-p7_S146,AA-AC/PP-mBHI-mGAM,False,1
277,F10,F10-mGAM,AC/PP-AE-mGAM,B4-e003Coalescence-Inoculumn-mGAM,False,mGAM,F10-AC/PP-AE-mGAM-mGAM,mGAM,AC/PP-AE,3,F100-e003Coalescence-mGAM-p3_S167,AC/PP-AE-mGAM-mGAM,False,1
278,G10,G10-mBHI,AE-AE-mGAM,C4-e003Coalescence-Inoculumn-mGAM,False,mBHI,G10-AE-AE-mGAM-mBHI,mGAM,AE-AE,3,G100-e003Coalescence-mBHI-p3_S131,AE-AE-mGAM-mBHI,False,1
279,G4,G4-mBHI,AE-AE-mBHI,C4-e003Coalescence-mBHI-inoculumn-redo,False,mBHI,G4-AE-AE-mBHI-mBHI,mBHI,AE-AE,7,G4-e003Coalescence-mBHI-p7_S123,AE-AE-mBHI-mBHI,False,1
280,E9,E9-mGAM,AA-AC/PP-mGAM,A3-e003Coalescence-Inoculumn-mGAM,False,mGAM,E9-AA-AC/PP-mGAM-mGAM,mGAM,AA-AC/PP,3,E9-e003Coalescence-mGAM-p3_S154,AA-AC/PP-mGAM-mGAM,False,1
281,F3,F3-mGAM,AC/PP-AC/PP-mBHI,B3-e003Coalescence-Inoculumn-mBHI,False,mGAM,F3-AC/PP-AC/PP-mBHI-mGAM,mBHI,AC/PP-AC/PP,5,F3-e003Coalescence-mGAM-p5_S62,AC/PP-AC/PP-mBHI-mGAM,False,1
282,H4,H4-mBHI,AE-AF-mBHI,D4-e003Coalescence-Inoculumn-mBHI,False,mBHI,H4-AE-AF-mBHI-mBHI,mBHI,AE-AF,7,H4-e003Coalescence-mBHI-p7_S135,AE-AF-mBHI-mBHI,False,1
283,E3,E3-mBHI,AA-AC/PP-mBHI,A3-e003Coalescence-mBHI-inoculumn-redo,False,mBHI,E3-AA-AC/PP-mBHI-mBHI,mBHI,AA-AC/PP,5,E3-e003Coalescence-mBHI-p5_S2,AA-AC/PP-mBHI-mBHI,False,1
284,H10,H10-mGAM,AE-AF-mGAM,D4-e003Coalescence-Inoculumn-mGAM,False,mGAM,H10-AE-AF-mGAM-mGAM,mGAM,AE-AF,3,H100-e003Coalescence-mGAM-p3_S191,AE-AF-mGAM-mGAM,False,1
285,G11,G11-mBHI,AE-AF-mGAM,C5-e003Coalescence-Inoculumn-mGAM,False,mBHI,G11-AE-AF-mGAM-mBHI,mGAM,AE-AF,7,G111-e003Coalescence-mBHI-p7_S128,AE-AF-mGAM-mBHI,False,1
286,H3,H3-mBHI,AC/PP-AF-mBHI,D3-e003Coalescence-Inoculumn-mBHI,False,mBHI,H3-AC/PP-AF-mBHI-mBHI,mBHI,AC/PP-AF,5,H3-e003Coalescence-mBHI-p5_S38,AC/PP-AF-mBHI-mBHI,False,1
287,G3,G3-mGAM,AC/PP-AE-mBHI,C3-e003Coalescence-mBHI-inoculumn-redo,False,mGAM,G3-AC/PP-AE-mBHI-mGAM,mBHI,AC/PP-AE,3,G3-e003Coalescence-mGAM-p3_S82,AC/PP-AE-mBHI-mGAM,False,1
288,F11,F11-mGAM,AC/PP-AF-mGAM,B5-e003Coalescence-Inoculumn-mGAM,False,mGAM,F11-AC/PP-AF-mGAM-mGAM,mGAM,AC/PP-AF,3,F111-e003Coalescence-mGAM-p3_S168,AC/PP-AF-mGAM-mGAM,False,1
289,F3,F3-mGAM,AC/PP-AC/PP-mBHI,B3-e003Coalescence-Inoculumn-mBHI,False,mGAM,F3-AC/PP-AC/PP-mBHI-mGAM,mBHI,AC/PP-AC/PP,7,F3-e003Coalescence-mGAM-p7_S158,AC/PP-AC/PP-mBHI-mGAM,False,1
290,E9,E9-mBHI,AA-AC/PP-mGAM,A3-e003Coalescence-Inoculumn-mGAM,False,mBHI,E9-AA-AC/PP-mGAM-mBHI,mGAM,AA-AC/PP,3,E9-e003Coalescence-mBHI-p3_S106,AA-AC/PP-mGAM-mBHI,False,1
291,F8,F8-mBHI,AA-AC/PP-mGAM,B2-e003Coalescence-Inoculumn-mGAM,False,mBHI,F8-AA-AC/PP-mGAM-mBHI,mGAM,AA-AC/PP,7,F8-e003Coalescence-mBHI-p7_S113,AA-AC/PP-mGAM-mBHI,False,1
292,G2,G2-mBHI,AA-AE-mBHI,C2-e003Coalescence-mBHI-inoculumn-redo,False,mBHI,G2-AA-AE-mBHI-mBHI,mBHI,AA-AE,7,G2-e003Coalescence-mBHI-p7_S121,AA-AE-mBHI-mBHI,False,1
293,H4,H4-mBHI,AE-AF-mBHI,D4-e003Coalescence-Inoculumn-mBHI,False,mBHI,H4-AE-AF-mBHI-mBHI,mBHI,AE-AF,3,H4-e003Coalescence-mBHI-p3_S47,AE-AF-mBHI-mBHI,False,1
294,F3,F3-mBHI,AC/PP-AC/PP-mBHI,B3-e003Coalescence-Inoculumn-mBHI,False,mBHI,F3-AC/PP-AC/PP-mBHI-mBHI,mBHI,AC/PP-AC/PP,7,F3-e003Coalescence-mBHI-p7_S110,AC/PP-AC/PP-mBHI-mBHI,False,1
295,F10,F10-mGAM,AC/PP-AE-mGAM,B4-e003Coalescence-Inoculumn-mGAM,False,mGAM,F10-AC/PP-AE-mGAM-mGAM,mGAM,AC/PP-AE,5,F100-e003Coalescence-mGAM-p5_S67,AC/PP-AE-mGAM-mGAM,False,1
296,G8,G8-mBHI,AA-AE-mGAM,C2-e003Coalescence-Inoculumn-mGAM,False,mBHI,G8-AA-AE-mGAM-mBHI,mGAM,AA-AE,7,G8-e003Coalescence-mBHI-p7_S125,AA-AE-mGAM-mBHI,False,1
297,F4,F4-mBHI,AC/PP-AE-mBHI,B4-e003Coalescence-Inoculumn-mBHI,False,mBHI,F4-AC/PP-AE-mBHI-mBHI,mBHI,AC/PP-AE,5,F4-e003Coalescence-mBHI-p5_S15,AC/PP-AE-mBHI-mBHI,False,1
298,H11,H11-mBHI,AF-AF-mGAM,D5-e003Coalescence-Inoculumn-mGAM,False,mBHI,H11-AF-AF-mGAM-mBHI,mGAM,AF-AF,5,H111-e003Coalescence-mBHI-p5_S44,AF-AF-mGAM-mBHI,False,1
299,H2,H2-mBHI,AA-AF-mBHI,D2-e003Coalescence-Inoculumn-mBHI,False,mBHI,H2-AA-AF-mBHI-mBHI,mBHI,AA-AF,5,H2-e003Coalescence-mBHI-p5_S37,AA-AF-mBHI-mBHI,False,1
300,E11,E11-mBHI,AA-AF-mGAM,A5-e003Coalescence-Inoculumn-mGAM,False,mBHI,E11-AA-AF-mGAM-mBHI,mGAM,AA-AF,7,E111-e003Coalescence-mBHI-p7_S104,AA-AF-mGAM-mBHI,False,1
301,E2,E2-mGAM,AA-AA-mBHI,A2-e003Coalescence-mBHI-inoculumn-redo,False,mGAM,E2-AA-AA-mBHI-mGAM,mBHI,AA-AA,3,E2-e003Coalescence-mGAM-p3_S57,AA-AA-mBHI-mGAM,False,1
302,F2,F2-mBHI,AA-AC/PP-mBHI,B2-e003Coalescence-Inoculumn-mBHI,False,mBHI,F2-AA-AC/PP-mBHI-mBHI,mBHI,AA-AC/PP,5,F2-e003Coalescence-mBHI-p5_S13,AA-AC/PP-mBHI-mBHI,False,1
303,F4,F4-mBHI,AC/PP-AE-mBHI,B4-e003Coalescence-Inoculumn-mBHI,False,mBHI,F4-AC/PP-AE-mBHI-mBHI,mBHI,AC/PP-AE,3,F4-e003Coalescence-mBHI-p3_S23,AC/PP-AE-mBHI-mBHI,False,1
304,F2,F2-mGAM,AA-AC/PP-mBHI,B2-e003Coalescence-Inoculumn-mBHI,False,mGAM,F2-AA-AC/PP-mBHI-mGAM,mBHI,AA-AC/PP,3,F2-e003Coalescence-mGAM-p3_S69,AA-AC/PP-mBHI-mGAM,False,1
305,E9,E9-mGAM,AA-AC/PP-mGAM,A3-e003Coalescence-Inoculumn-mGAM,False,mGAM,E9-AA-AC/PP-mGAM-mGAM,mGAM,AA-AC/PP,5,E9-e003Coalescence-mGAM-p5_S54,AA-AC/PP-mGAM-mGAM,False,1
306,G3,G3-mGAM,AC/PP-AE-mBHI,C3-e003Coalescence-mBHI-inoculumn-redo,False,mGAM,G3-AC/PP-AE-mBHI-mGAM,mBHI,AC/PP-AE,5,G3-e003Coalescence-mGAM-p5_S74,AC/PP-AE-mBHI-mGAM,False,1
307,E11,E11-mGAM,AA-AF-mGAM,A5-e003Coalescence-Inoculumn-mGAM,False,mGAM,E11-AA-AF-mGAM-mGAM,mGAM,AA-AF,5,E111-e003Coalescence-mGAM-p5_S56,AA-AF-mGAM-mGAM,False,1
308,G10,G10-mGAM,AE-AE-mGAM,C4-e003Coalescence-Inoculumn-mGAM,False,mGAM,G10-AE-AE-mGAM-mGAM,mGAM,AE-AE,5,G100-e003Coalescence-mGAM-p5_S79,AE-AE-mGAM-mGAM,False,1
309,H10,H10-mGAM,AE-AF-mGAM,D4-e003Coalescence-Inoculumn-mGAM,False,mGAM,H10-AE-AF-mGAM-mGAM,mGAM,AE-AF,5,H100-e003Coalescence-mGAM-p5_S91,AE-AF-mGAM-mGAM,False,1
310,G9,G9-mBHI,AC/PP-AE-mGAM,C3-e003Coalescence-Inoculumn-mGAM,False,mBHI,G9-AC/PP-AE-mGAM-mBHI,mGAM,AC/PP-AE,3,G9-e003Coalescence-mBHI-p3_S130,AC/PP-AE-mGAM-mBHI,False,1
311,E4,E4-mGAM,AA-AE-mBHI,A4-e003Coalescence-mBHI-inoculumn-redo,False,mGAM,E4-AA-AE-mBHI-mGAM,mBHI,AA-AE,7,E4-e003Coalescence-mGAM-p7_S147,AA-AE-mBHI-mGAM,False,1
312,G9,G9-mBHI,AC/PP-AE-mGAM,C3-e003Coalescence-Inoculumn-mGAM,False,mBHI,G9-AC/PP-AE-mGAM-mBHI,mGAM,AC/PP-AE,7,G9-e003Coalescence-mBHI-p7_S126,AC/PP-AE-mGAM-mBHI,False,1
313,E4,E4-mGAM,AA-AE-mBHI,A4-e003Coalescence-mBHI-inoculumn-redo,False,mGAM,E4-AA-AE-mBHI-mGAM,mBHI,AA-AE,3,E4-e003Coalescence-mGAM-p3_S59,AA-AE-mBHI-mGAM,False,1
314,F9,F9-mGAM,AC/PP-AC/PP-mGAM,B3-e003Coalescence-Inoculumn-mGAM,False,mGAM,F9-AC/PP-AC/PP-mGAM-mGAM,mGAM,AC/PP-AC/PP,3,F9-e003Coalescence-mGAM-p3_S166,AC/PP-AC/PP-mGAM-mGAM,False,1
315,H4,H4-mBHI,AE-AF-mBHI,D4-e003Coalescence-Inoculumn-mBHI,False,mBHI,H4-AE-AF-mBHI-mBHI,mBHI,AE-AF,5,H4-e003Coalescence-mBHI-p5_S39,AE-AF-mBHI-mBHI,False,1
316,H9,H9-mBHI,AC/PP-AF-mGAM,D3-e003Coalescence-Inoculumn-mGAM,False,mBHI,H9-AC/PP-AF-mGAM-mBHI,mGAM,AC/PP-AF,3,H9-e003Coalescence-mBHI-p3_S142,AC/PP-AF-mGAM-mBHI,False,1
317,F4,F4-mGAM,AC/PP-AE-mBHI,B4-e003Coalescence-Inoculumn-mBHI,False,mGAM,F4-AC/PP-AE-mBHI-mGAM,mBHI,AC/PP-AE,3,F4-e003Coalescence-mGAM-p3_S71,AC/PP-AE-mBHI-mGAM,False,1
318,H10,H10-mBHI,AE-AF-mGAM,D4-e003Coalescence-Inoculumn-mGAM,False,mBHI,H10-AE-AF-mGAM-mBHI,mGAM,AE-AF,7,H100-e003Coalescence-mBHI-p7_S139,AE-AF-mGAM-mBHI,False,1
319,G8,G8-mBHI,AA-AE-mGAM,C2-e003Coalescence-Inoculumn-mGAM,False,mBHI,G8-AA-AE-mGAM-mBHI,mGAM,AA-AE,5,G8-e003Coalescence-mBHI-p5_S29,AA-AE-mGAM-mBHI,False,1
320,G2,G2-mBHI,AA-AE-mBHI,C2-e003Coalescence-mBHI-inoculumn-redo,False,mBHI,G2-AA-AE-mBHI-mBHI,mBHI,AA-AE,5,G2-e003Coalescence-mBHI-p5_S25,AA-AE-mBHI-mBHI,False,1
321,G8,G8-mGAM,AA-AE-mGAM,C2-e003Coalescence-Inoculumn-mGAM,False,mGAM,G8-AA-AE-mGAM-mGAM,mGAM,AA-AE,7,G8-e003Coalescence-mGAM-p7_S173,AA-AE-mGAM-mGAM,False,1
322,E4,E4-mBHI,AA-AE-mBHI,A4-e003Coalescence-mBHI-inoculumn-redo,False,mBHI,E4-AA-AE-mBHI-mBHI,mBHI,AA-AE,3,E4-e003Coalescence-mBHI-p3_S11,AA-AE-mBHI-mBHI,False,1
323,E2,E2-mGAM,AA-AA-mBHI,A2-e003Coalescence-mBHI-inoculumn-redo,False,mGAM,E2-AA-AA-mBHI-mGAM,mBHI,AA-AA,5,E2-e003Coalescence-mGAM-p5_S49,AA-AA-mBHI-mGAM,False,1
324,H9,H9-mBHI,AC/PP-AF-mGAM,D3-e003Coalescence-Inoculumn-mGAM,False,mBHI,H9-AC/PP-AF-mGAM-mBHI,mGAM,AC/PP-AF,5,H9-e003Coalescence-mBHI-p5_S42,AC/PP-AF-mGAM-mBHI,False,1
325,H11,H11-mGAM,AF-AF-mGAM,D5-e003Coalescence-Inoculumn-mGAM,False,mGAM,H11-AF-AF-mGAM-mGAM,mGAM,AF-AF,3,H111-e003Coalescence-mGAM-p3_S192,AF-AF-mGAM-mGAM,False,1
326,F5,F5-mBHI,AC/PP-AF-mBHI,B5-e003Coalescence-Inoculumn-mBHI,False,mBHI,F5-AC/PP-AF-mBHI-mBHI,mBHI,AC/PP-AF,3,F5-e003Coalescence-mBHI-p3_S24,AC/PP-AF-mBHI-mBHI,False,1
327,E8,E8-mBHI,AA-AA-mGAM,A2-e003Coalescence-Inoculumn-mGAM,False,mBHI,E8-AA-AA-mGAM-mBHI,mGAM,AA-AA,3,E8-e003Coalescence-mBHI-p3_S105,AA-AA-mGAM-mBHI,False,1
328,E8,E8-mGAM,AA-AA-mGAM,A2-e003Coalescence-Inoculumn-mGAM,False,mGAM,E8-AA-AA-mGAM-mGAM,mGAM,AA-AA,7,E8-e003Coalescence-mGAM-p7_S149,AA-AA-mGAM-mGAM,False,1
329,E9,E9-mGAM,AA-AC/PP-mGAM,A3-e003Coalescence-Inoculumn-mGAM,False,mGAM,E9-AA-AC/PP-mGAM-mGAM,mGAM,AA-AC/PP,7,E9-e003Coalescence-mGAM-p7_S150,AA-AC/PP-mGAM-mGAM,False,1
330,H5,H5-mBHI,AF-AF-mBHI,D5-e003Coalescence-Inoculumn-mBHI,False,mBHI,H5-AF-AF-mBHI-mBHI,mBHI,AF-AF,7,H5-e003Coalescence-mBHI-p7_S136,AF-AF-mBHI-mBHI,False,1
331,G9,G9-mBHI,AC/PP-AE-mGAM,C3-e003Coalescence-Inoculumn-mGAM,False,mBHI,G9-AC/PP-AE-mGAM-mBHI,mGAM,AC/PP-AE,5,G9-e003Coalescence-mBHI-p5_S30,AC/PP-AE-mGAM-mBHI,False,1
332,F11,F11-mBHI,AC/PP-AF-mGAM,B5-e003Coalescence-Inoculumn-mGAM,False,mBHI,F11-AC/PP-AF-mGAM-mBHI,mGAM,AC/PP-AF,7,F111-e003Coalescence-mBHI-p7_S116,AC/PP-AF-mGAM-mBHI,False,1
333,F5,F5-mBHI,AC/PP-AF-mBHI,B5-e003Coalescence-Inoculumn-mBHI,False,mBHI,F5-AC/PP-AF-mBHI-mBHI,mBHI,AC/PP-AF,7,F5-e003Coalescence-mBHI-p7_S112,AC/PP-AF-mBHI-mBHI,False,1
334,F4,F4-mGAM,AC/PP-AE-mBHI,B4-e003Coalescence-Inoculumn-mBHI,False,mGAM,F4-AC/PP-AE-mBHI-mGAM,mBHI,AC/PP-AE,7,F4-e003Coalescence-mGAM-p7_S159,AC/PP-AE-mBHI-mGAM,False,1
335,E10,E10-mBHI,AA-AE-mGAM,A4-e003Coalescence-Inoculumn-mGAM,False,mBHI,E10-AA-AE-mGAM-mBHI,mGAM,AA-AE,3,E100-e003Coalescence-mBHI-p3_S107,AA-AE-mGAM-mBHI,False,1
336,F11,F11-mBHI,AC/PP-AF-mGAM,B5-e003Coalescence-Inoculumn-mGAM,False,mBHI,F11-AC/PP-AF-mGAM-mBHI,mGAM,AC/PP-AF,3,F111-e003Coalescence-mBHI-p3_S120,AC/PP-AF-mGAM-mBHI,False,1
337,H3,H3-mGAM,AC/PP-AF-mBHI,D3-e003Coalescence-Inoculumn-mBHI,False,mGAM,H3-AC/PP-AF-mBHI-mGAM,mBHI,AC/PP-AF,5,H3-e003Coalescence-mGAM-p5_S86,AC/PP-AF-mBHI-mGAM,False,1
338,E4,E4-mBHI,AA-AE-mBHI,A4-e003Coalescence-mBHI-inoculumn-redo,False,mBHI,E4-AA-AE-mBHI-mBHI,mBHI,AA-AE,7,E4-e003Coalescence-mBHI-p7_S99,AA-AE-mBHI-mBHI,False,1
339,H4,H4-mGAM,AE-AF-mBHI,D4-e003Coalescence-Inoculumn-mBHI,False,mGAM,H4-AE-AF-mBHI-mGAM,mBHI,AE-AF,5,H4-e003Coalescence-mGAM-p5_S87,AE-AF-mBHI-mGAM,False,1
340,F10,F10-mBHI,AC/PP-AE-mGAM,B4-e003Coalescence-Inoculumn-mGAM,False,mBHI,F10-AC/PP-AE-mGAM-mBHI,mGAM,AC/PP-AE,5,F100-e003Coalescence-mBHI-p5_S19,AC/PP-AE-mGAM-mBHI,False,1
341,E10,E10-mGAM,AA-AE-mGAM,A4-e003Coalescence-Inoculumn-mGAM,False,mGAM,E10-AA-AE-mGAM-mGAM,mGAM,AA-AE,7,E100-e003Coalescence-mGAM-p7_S151,AA-AE-mGAM-mGAM,False,1
342,G9,G9-mGAM,AC/PP-AE-mGAM,C3-e003Coalescence-Inoculumn-mGAM,False,mGAM,G9-AC/PP-AE-mGAM-mGAM,mGAM,AC/PP-AE,3,G9-e003Coalescence-mGAM-p3_S178,AC/PP-AE-mGAM-mGAM,False,1
343,H9,H9-mBHI,AC/PP-AF-mGAM,D3-e003Coalescence-Inoculumn-mGAM,False,mBHI,H9-AC/PP-AF-mGAM-mBHI,mGAM,AC/PP-AF,7,H9-e003Coalescence-mBHI-p7_S138,AC/PP-AF-mGAM-mBHI,False,1
344,H8,H8-mGAM,AA-AF-mGAM,D2-e003Coalescence-Inoculumn-mGAM,False,mGAM,H8-AA-AF-mGAM-mGAM,mGAM,AA-AF,7,H8-e003Coalescence-mGAM-p7_S185,AA-AF-mGAM-mGAM,False,1
345,G2,G2-mGAM,AA-AE-mBHI,C2-e003Coalescence-mBHI-inoculumn-redo,False,mGAM,G2-AA-AE-mBHI-mGAM,mBHI,AA-AE,3,G2-e003Coalescence-mGAM-p3_S81,AA-AE-mBHI-mGAM,False,1
346,F11,F11-mBHI,AC/PP-AF-mGAM,B5-e003Coalescence-Inoculumn-mGAM,False,mBHI,F11-AC/PP-AF-mGAM-mBHI,mGAM,AC/PP-AF,5,F111-e003Coalescence-mBHI-p5_S20,AC/PP-AF-mGAM-mBHI,False,1
347,F8,F8-mBHI,AA-AC/PP-mGAM,B2-e003Coalescence-Inoculumn-mGAM,False,mBHI,F8-AA-AC/PP-mGAM-mBHI,mGAM,AA-AC/PP,5,F8-e003Coalescence-mBHI-p5_S17,AA-AC/PP-mGAM-mBHI,False,1
348,G10,G10-mBHI,AE-AE-mGAM,C4-e003Coalescence-Inoculumn-mGAM,False,mBHI,G10-AE-AE-mGAM-mBHI,mGAM,AE-AE,7,G100-e003Coalescence-mBHI-p7_S127,AE-AE-mGAM-mBHI,False,1
349,E5,E5-mGAM,AA-AF-mBHI,A5-e003Coalescence-Inoculumn-mBHI,False,mGAM,E5-AA-AF-mBHI-mGAM,mBHI,AA-AF,5,E5-e003Coalescence-mGAM-p5_S52,AA-AF-mBHI-mGAM,False,1
350,A4,A4-mBHI,AA-AE-mBHI,A4-e003Coalescence-mBHI-inoculumn-redo,True,mBHI,A4-AA-AE-mBHI-mBHI,mBHI,AA-AE,0,A4-e003Coalescence-mBHI-inoculumn-redo,AA-AE-mBHI-mBHI,False,1
351,D3,D3-mBHI,AC/PP-AF-mBHI,D3-e003Coalescence-Inoculumn-mBHI,True,mBHI,D3-AC/PP-AF-mBHI-mBHI,mBHI,AC/PP-AF,0,D3-e003Coalescence-Inoculumn-mBHI,AC/PP-AF-mBHI-mBHI,False,1
352,C4,C4-mBHI,AE-AE-mBHI,C4-e003Coalescence-mBHI-inoculumn-redo,True,mBHI,C4-AE-AE-mBHI-mBHI,mBHI,AE-AE,0,C4-e003Coalescence-mBHI-inoculumn-redo,AE-AE-mBHI-mBHI,False,1
353,A2,A2-mGAM,AA-AA-mGAM,A2-e003Coalescence-Inoculumn-mGAM,True,mGAM,A2-AA-AA-mGAM-mGAM,mGAM,AA-AA,0,A2-e003Coalescence-Inoculumn-mGAM,AA-AA-mGAM-mGAM,False,1
354,B5,B5-mGAM,AC/PP-AF-mGAM,B5-e003Coalescence-Inoculumn-mGAM,True,mGAM,B5-AC/PP-AF-mGAM-mGAM,mGAM,AC/PP-AF,0,B5-e003Coalescence-Inoculumn-mGAM,AC/PP-AF-mGAM-mGAM,False,1
355,B5,B5-mBHI,AC/PP-AF-mBHI,B5-e003Coalescence-Inoculumn-mBHI,True,mBHI,B5-AC/PP-AF-mBHI-mBHI,mBHI,AC/PP-AF,0,B5-e003Coalescence-Inoculumn-mBHI,AC/PP-AF-mBHI-mBHI,False,1
356,D5,D5-mGAM,AF-AF-mGAM,D5-e003Coalescence-Inoculumn-mGAM,True,mGAM,D5-AF-AF-mGAM-mGAM,mGAM,AF-AF,0,D5-e003Coalescence-Inoculumn-mGAM,AF-AF-mGAM-mGAM,False,1
357,C5,C5-mBHI,AE-AF-mBHI,C5-e003Coalescence-mBHI-inoculumn-redo,True,mBHI,C5-AE-AF-mBHI-mBHI,mBHI,AE-AF,0,C5-e003Coalescence-mBHI-inoculumn-redo,AE-AF-mBHI-mBHI,False,1
358,B2,B2-mGAM,AA-AC/PP-mGAM,B2-e003Coalescence-Inoculumn-mGAM,True,mGAM,B2-AA-AC/PP-mGAM-mGAM,mGAM,AA-AC/PP,0,B2-e003Coalescence-Inoculumn-mGAM,AA-AC/PP-mGAM-mGAM,False,1
359,A3,A3-mBHI,AA-AC/PP-mBHI,A3-e003Coalescence-mBHI-inoculumn-redo,True,mBHI,A3-AA-AC/PP-mBHI-mBHI,mBHI,AA-AC/PP,0,A3-e003Coalescence-mBHI-inoculumn-redo,AA-AC/PP-mBHI-mBHI,False,1
360,A3,A3-mGAM,AA-AC/PP-mGAM,A3-e003Coalescence-Inoculumn-mGAM,True,mGAM,A3-AA-AC/PP-mGAM-mGAM,mGAM,AA-AC/PP,0,A3-e003Coalescence-Inoculumn-mGAM,AA-AC/PP-mGAM-mGAM,False,1
361,A2,A2-mBHI,AA-AA-mBHI,A2-e003Coalescence-mBHI-inoculumn-redo,True,mBHI,A2-AA-AA-mBHI-mBHI,mBHI,AA-AA,0,A2-e003Coalescence-Inoculumn-mBHI,AA-AA-mBHI-mBHI,False,1
362,D5,D5-mBHI,AF-AF-mBHI,D5-e003Coalescence-Inoculumn-mBHI,True,mBHI,D5-AF-AF-mBHI-mBHI,mBHI,AF-AF,0,D5-e003Coalescence-Inoculumn-mBHI,AF-AF-mBHI-mBHI,False,1
363,B3,B3-mBHI,AC/PP-AC/PP-mBHI,B3-e003Coalescence-Inoculumn-mBHI,True,mBHI,B3-AC/PP-AC/PP-mBHI-mBHI,mBHI,AC/PP-AC/PP,0,B3-e003Coalescence-Inoculumn-mBHI,AC/PP-AC/PP-mBHI-mBHI,False,1
364,A5,A5-mBHI,AA-AF-mBHI,A5-e003Coalescence-Inoculumn-mBHI,True,mBHI,A5-AA-AF-mBHI-mBHI,mBHI,AA-AF,0,A5-e003Coalescence-mBHI-inoculumn-redo,AA-AF-mBHI-mBHI,False,1
365,C3,C3-mGAM,AC/PP-AE-mGAM,C3-e003Coalescence-Inoculumn-mGAM,True,mGAM,C3-AC/PP-AE-mGAM-mGAM,mGAM,AC/PP-AE,0,C3-e003Coalescence-Inoculumn-mGAM,AC/PP-AE-mGAM-mGAM,False,1
366,D4,D4-mBHI,AE-AF-mBHI,D4-e003Coalescence-Inoculumn-mBHI,True,mBHI,D4-AE-AF-mBHI-mBHI,mBHI,AE-AF,0,D4-e003Coalescence-Inoculumn-mBHI,AE-AF-mBHI-mBHI,False,1
367,C2,C2-mGAM,AA-AE-mGAM,C2-e003Coalescence-Inoculumn-mGAM,True,mGAM,C2-AA-AE-mGAM-mGAM,mGAM,AA-AE,0,C2-e003Coalescence-Inoculumn-mGAM,AA-AE-mGAM-mGAM,False,1
368,B3,B3-mGAM,AC/PP-AC/PP-mGAM,B3-e003Coalescence-Inoculumn-mGAM,True,mGAM,B3-AC/PP-AC/PP-mGAM-mGAM,mGAM,AC/PP-AC/PP,0,B3-e003Coalescence-Inoculumn-mGAM,AC/PP-AC/PP-mGAM-mGAM,False,1
369,D2,D2-mBHI,AA-AF-mBHI,D2-e003Coalescence-Inoculumn-mBHI,True,mBHI,D2-AA-AF-mBHI-mBHI,mBHI,AA-AF,0,D2-e003Coalescence-Inoculumn-mBHI,AA-AF-mBHI-mBHI,False,1
370,B4,B4-mGAM,AC/PP-AE-mGAM,B4-e003Coalescence-Inoculumn-mGAM,True,mGAM,B4-AC/PP-AE-mGAM-mGAM,mGAM,AC/PP-AE,0,B4-e003Coalescence-Inoculumn-mGAM,AC/PP-AE-mGAM-mGAM,False,1
371,C4,C4-mGAM,AE-AE-mGAM,C4-e003Coalescence-Inoculumn-mGAM,True,mGAM,C4-AE-AE-mGAM-mGAM,mGAM,AE-AE,0,C4-e003Coalescence-Inoculumn-mGAM,AE-AE-mGAM-mGAM,False,1
372,C2,C2-mBHI,AA-AE-mBHI,C2-e003Coalescence-mBHI-inoculumn-redo,True,mBHI,C2-AA-AE-mBHI-mBHI,mBHI,AA-AE,0,C2-e003Coalescence-mBHI-inoculumn-redo,AA-AE-mBHI-mBHI,False,1
373,B2,B2-mBHI,AA-AC/PP-mBHI,B2-e003Coalescence-Inoculumn-mBHI,True,mBHI,B2-AA-AC/PP-mBHI-mBHI,mBHI,AA-AC/PP,0,B2-e003Coalescence-Inoculumn-mBHI,AA-AC/PP-mBHI-mBHI,False,1
374,A5,A5-mGAM,AA-AF-mGAM,A5-e003Coalescence-Inoculumn-mGAM,True,mGAM,A5-AA-AF-mGAM-mGAM,mGAM,AA-AF,0,A5-e003Coalescence-Inoculumn-mGAM,AA-AF-mGAM-mGAM,False,1
375,D4,D4-mGAM,AE-AF-mGAM,D4-e003Coalescence-Inoculumn-mGAM,True,mGAM,D4-AE-AF-mGAM-mGAM,mGAM,AE-AF,0,D4-e003Coalescence-Inoculumn-mGAM,AE-AF-mGAM-mGAM,False,1
376,C3,C3-mBHI,AC/PP-AE-mBHI,C3-e003Coalescence-mBHI-inoculumn-redo,True,mBHI,C3-AC/PP-AE-mBHI-mBHI,mBHI,AC/PP-AE,0,C3-e003Coalescence-mBHI-inoculumn-redo,AC/PP-AE-mBHI-mBHI,False,1
377,A2,A2-mBHI,AA-AA-mBHI,A2-e003Coalescence-mBHI-inoculumn-redo,True,mBHI,A2-AA-AA-mBHI-mBHI,mBHI,AA-AA,0,A2-e003Coalescence-mBHI-inoculumn-redo,AA-AA-mBHI-mBHI,False,1
378,B4,B4-mBHI,AC/PP-AE-mBHI,B4-e003Coalescence-Inoculumn-mBHI,True,mBHI,B4-AC/PP-AE-mBHI-mBHI,mBHI,AC/PP-AE,0,B4-e003Coalescence-Inoculumn-mBHI,AC/PP-AE-mBHI-mBHI,False,1
379,D2,D2-mGAM,AA-AF-mGAM,D2-e003Coalescence-Inoculumn-mGAM,True,mGAM,D2-AA-AF-mGAM-mGAM,mGAM,AA-AF,0,D2-e003Coalescence-Inoculumn-mGAM,AA-AF-mGAM-mGAM,False,1
380,D3,D3-mGAM,AC/PP-AF-mGAM,D3-e003Coalescence-Inoculumn-mGAM,True,mGAM,D3-AC/PP-AF-mGAM-mGAM,mGAM,AC/PP-AF,0,D3-e003Coalescence-Inoculumn-mGAM,AC/PP-AF-mGAM-mGAM,False,1
381,C5,C5-mGAM,AE-AF-mGAM,C5-e003Coalescence-Inoculumn-mGAM,True,mGAM,C5-AE-AF-mGAM-mGAM,mGAM,AE-AF,0,C5-e003Coalescence-Inoculumn-mGAM,AE-AF-mGAM-mGAM,False,1
382,A4,A4-mGAM,AA-AE-mGAM,A4-e003Coalescence-Inoculumn-mGAM,True,mGAM,A4-AA-AE-mGAM-mGAM,mGAM,AA-AE,0,A4-e003Coalescence-Inoculumn-mGAM,AA-AE-mGAM-mGAM,False,1
383,A5,A5-mBHI,AA-AF-mBHI,A5-e003Coalescence-Inoculumn-mBHI,True,mBHI,A5-AA-AF-mBHI-mBHI,mBHI,AA-AF,0,A5-e003Coalescence-Inoculumn-mBHI,AA-AF-mBHI-mBHI,False,1
0,B10,B10-mGAM,AC/PP-AE-mGAM,B4-e003Coalescence-Inoculumn-mGAM,False,mGAM,B10-AC/PP-AE-mGAM-mGAM,mGAM,AC/PP-AE,1,B10-e003Coalescence-mGAM-p1_S769,AC/PP-AE-mGAM-mGAM,False,1
1,C2,C2-mBHI,AA-AE-mBHI,C2-e003Coalescence-mBHI-inoculumn-redo,False,mBHI,C2-AA-AE-mBHI-mBHI,mBHI,AA-AE,1,C2-e003Coalescence-mBHI-p1_S718,AA-AE-mBHI-mBHI,False,1
4,B3,B3-mGAM,AC/PP-AC/PP-mBHI,B3-e003Coalescence-Inoculumn-mBHI,False,mGAM,B3-AC/PP-AC/PP-mBHI-mGAM,mBHI,AC/PP-AC/PP,1,B3-e003Coalescence-mGAM-p1_S729,AC/PP-AC/PP-mBHI-mGAM,False,1
5,G5,G5-mBHI,AE-AF-mBHI,C5-e003Coalescence-mBHI-inoculumn-redo,False,mBHI,G5-AE-AF-mBHI-mBHI,mBHI,AE-AF,1,G5-e003Coalescence-mBHI-p1_S806,AE-AF-mBHI-mBHI,False,1
10,G10,G10-mBHI,AE-AE-mGAM,C4-e003Coalescence-Inoculumn-mGAM,False,mBHI,G10-AE-AE-mGAM-mBHI,mGAM,AE-AE,1,G10-e003Coalescence-mBHI-p1_S830,AE-AE-mGAM-mBHI,False,1
12,D10,D10-mGAM,AE-AF-mGAM,D4-e003Coalescence-Inoculumn-mGAM,False,mGAM,D10-AE-AF-mGAM-mGAM,mGAM,AE-AF,1,D10-e003Coalescence-mGAM-p1_S771,AE-AF-mGAM-mGAM,False,1
13,G11,G11-mBHI,AE-AF-mGAM,C5-e003Coalescence-Inoculumn-mGAM,False,mBHI,G11-AE-AF-mGAM-mBHI,mGAM,AE-AF,1,G11-e003Coalescence-mBHI-p1_S838,AE-AF-mGAM-mBHI,False,1
14,G8,G8-mBHI,AA-AE-mGAM,C2-e003Coalescence-Inoculumn-mGAM,False,mBHI,G8-AA-AE-mGAM-mBHI,mGAM,AA-AE,1,G8-e003Coalescence-mBHI-p1_S814,AA-AE-mGAM-mBHI,False,1
15,B8,B8-mBHI,AA-AC/PP-mGAM,B2-e003Coalescence-Inoculumn-mGAM,False,mBHI,B8-AA-AC/PP-mGAM-mBHI,mGAM,AA-AC/PP,1,B8-e003Coalescence-mBHI-p1_S749,AA-AC/PP-mGAM-mBHI,False,1
16,B2,B2-mGAM,AA-AC/PP-mBHI,B2-e003Coalescence-Inoculumn-mBHI,False,mGAM,B2-AA-AC/PP-mBHI-mGAM,mBHI,AA-AC/PP,1,B2-e003Coalescence-mGAM-p1_S721,AA-AC/PP-mBHI-mGAM,False,1
17,E4,E4-mBHI,AA-AE-mBHI,A4-e003Coalescence-mBHI-inoculumn-redo,False,mBHI,E4-AA-AE-mBHI-mBHI,mBHI,AA-AE,1,E4-e003Coalescence-mBHI-p1_S796,AA-AE-mBHI-mBHI,False,1
18,E11,E11-mGAM,AA-AF-mGAM,A5-e003Coalescence-Inoculumn-mGAM,False,mGAM,E11-AA-AF-mGAM-mGAM,mGAM,AA-AF,1,E11-e003Coalescence-mGAM-p1_S840,AA-AF-mGAM-mGAM,False,1
20,G5,G5-mGAM,AE-AF-mBHI,C5-e003Coalescence-mBHI-inoculumn-redo,False,mGAM,G5-AE-AF-mBHI-mGAM,mBHI,AE-AF,1,G5-e003Coalescence-mGAM-p1_S810,AE-AF-mBHI-mGAM,False,1
23,B5,B5-mBHI,AC/PP-AF-mBHI,B5-e003Coalescence-Inoculumn-mBHI,False,mBHI,B5-AC/PP-AF-mBHI-mBHI,mBHI,AC/PP-AF,1,B5-e003Coalescence-mBHI-p1_S741,AC/PP-AF-mBHI-mBHI,False,1
24,E3,E3-mBHI,AA-AC/PP-mBHI,A3-e003Coalescence-mBHI-inoculumn-redo,False,mBHI,E3-AA-AC/PP-mBHI-mBHI,mBHI,AA-AC/PP,1,E3-e003Coalescence-mBHI-p1_S788,AA-AC/PP-mBHI-mBHI,False,1
26,D2,D2-mBHI,AA-AF-mBHI,D2-e003Coalescence-Inoculumn-mBHI,False,mBHI,D2-AA-AF-mBHI-mBHI,mBHI,AA-AF,1,D2-e003Coalescence-mBHI-p1_S719,AA-AF-mBHI-mBHI,False,1
28,G4,G4-mGAM,AE-AE-mBHI,C4-e003Coalescence-mBHI-inoculumn-redo,False,mGAM,G4-AE-AE-mBHI-mGAM,mBHI,AE-AE,1,G4-e003Coalescence-mGAM-p1_S802,AE-AE-mBHI-mGAM,False,1
29,B9,B9-mGAM,AC/PP-AC/PP-mGAM,B3-e003Coalescence-Inoculumn-mGAM,False,mGAM,B9-AC/PP-AC/PP-mGAM-mGAM,mGAM,AC/PP-AC/PP,1,B9-e003Coalescence-mGAM-p1_S761,AC/PP-AC/PP-mGAM-mGAM,False,1
31,H10,H10-mGAM,AE-AF-mGAM,D4-e003Coalescence-Inoculumn-mGAM,False,mGAM,H10-AE-AF-mGAM-mGAM,mGAM,AE-AF,1,H10-e003Coalescence-mGAM-p1_S835,AE-AF-mGAM-mGAM,False,1
34,E9,E9-mBHI,AA-AC/PP-mGAM,A3-e003Coalescence-Inoculumn-mGAM,False,mBHI,E9-AA-AC/PP-mGAM-mBHI,mGAM,AA-AC/PP,1,E9-e003Coalescence-mBHI-p1_S820,AA-AC/PP-mGAM-mBHI,False,1
36,F8,F8-mGAM,AA-AC/PP-mGAM,B2-e003Coalescence-Inoculumn-mGAM,False,mGAM,F8-AA-AC/PP-mGAM-mGAM,mGAM,AA-AC/PP,1,F8-e003Coalescence-mGAM-p1_S817,AA-AC/PP-mGAM-mGAM,False,1
37,A5,A5-mBHI,AA-AF-mBHI,A5-e003Coalescence-Inoculumn-mBHI,False,mBHI,A5-AA-AF-mBHI-mBHI,mBHI,AA-AF,1,A5-e003Coalescence-mBHI-p1_S740,AA-AF-mBHI-mBHI,False,1
41,H9,H9-mGAM,AC/PP-AF-mGAM,D3-e003Coalescence-Inoculumn-mGAM,False,mGAM,H9-AC/PP-AF-mGAM-mGAM,mGAM,AC/PP-AF,1,H9-e003Coalescence-mGAM-p1_S827,AC/PP-AF-mGAM-mGAM,False,1
44,E4,E4-mGAM,AA-AE-mBHI,A4-e003Coalescence-mBHI-inoculumn-redo,False,mGAM,E4-AA-AE-mBHI-mGAM,mBHI,AA-AE,1,E4-e003Coalescence-mGAM-p1_S800,AA-AE-mBHI-mGAM,False,1
46,F8,F8-mBHI,AA-AC/PP-mGAM,B2-e003Coalescence-Inoculumn-mGAM,False,mBHI,F8-AA-AC/PP-mGAM-mBHI,mGAM,AA-AC/PP,1,F8-e003Coalescence-mBHI-p1_S813,AA-AC/PP-mGAM-mBHI,False,1
47,H4,H4-mGAM,AE-AF-mBHI,D4-e003Coalescence-Inoculumn-mBHI,False,mGAM,H4-AE-AF-mBHI-mGAM,mBHI,AE-AF,1,H4-e003Coalescence-mGAM-p1_S803,AE-AF-mBHI-mGAM,False,1
48,H3,H3-mBHI,AC/PP-AF-mBHI,D3-e003Coalescence-Inoculumn-mBHI,False,mBHI,H3-AC/PP-AF-mBHI-mBHI,mBHI,AC/PP-AF,1,H3-e003Coalescence-mBHI-p1_S791,AC/PP-AF-mBHI-mBHI,False,1
50,A3,A3-mBHI,AA-AC/PP-mBHI,A3-e003Coalescence-mBHI-inoculumn-redo,False,mBHI,A3-AA-AC/PP-mBHI-mBHI,mBHI,AA-AC/PP,1,A3-e003Coalescence-mBHI-p1_S724,AA-AC/PP-mBHI-mBHI,False,1
51,C11,C11-mGAM,AE-AF-mGAM,C5-e003Coalescence-Inoculumn-mGAM,False,mGAM,C11-AE-AF-mGAM-mGAM,mGAM,AE-AF,1,C11-e003Coalescence-mGAM-p1_S778,AE-AF-mGAM-mGAM,False,1
55,A8,A8-mBHI,AA-AA-mGAM,A2-e003Coalescence-Inoculumn-mGAM,False,mBHI,A8-AA-AA-mGAM-mBHI,mGAM,AA-AA,1,A8-e003Coalescence-mBHI-p1_S748,AA-AA-mGAM-mBHI,False,1
56,B5,B5-mGAM,AC/PP-AF-mBHI,B5-e003Coalescence-Inoculumn-mBHI,False,mGAM,B5-AC/PP-AF-mBHI-mGAM,mBHI,AC/PP-AF,1,B5-e003Coalescence-mGAM-p1_S745,AC/PP-AF-mBHI-mGAM,False,1
57,C2,C2-mGAM,AA-AE-mBHI,C2-e003Coalescence-mBHI-inoculumn-redo,False,mGAM,C2-AA-AE-mBHI-mGAM,mBHI,AA-AE,1,C2-e003Coalescence-mGAM-p1_S722,AA-AE-mBHI-mGAM,False,1
58,D5,D5-mGAM,AF-AF-mBHI,D5-e003Coalescence-Inoculumn-mBHI,False,mGAM,D5-AF-AF-mBHI-mGAM,mBHI,AF-AF,1,D5-e003Coalescence-mGAM-p1_S747,AF-AF-mBHI-mGAM,False,1
60,C4,C4-mBHI,AE-AE-mBHI,C4-e003Coalescence-mBHI-inoculumn-redo,False,mBHI,C4-AE-AE-mBHI-mBHI,mBHI,AE-AE,1,C4-e003Coalescence-mBHI-p1_S734,AE-AE-mBHI-mBHI,False,1
62,F11,F11-mBHI,AC/PP-AF-mGAM,B5-e003Coalescence-Inoculumn-mGAM,False,mBHI,F11-AC/PP-AF-mGAM-mBHI,mGAM,AC/PP-AF,1,F11-e003Coalescence-mBHI-p1_S837,AC/PP-AF-mGAM-mBHI,False,1
63,D3,D3-mGAM,AC/PP-AF-mBHI,D3-e003Coalescence-Inoculumn-mBHI,False,mGAM,D3-AC/PP-AF-mBHI-mGAM,mBHI,AC/PP-AF,1,D3-e003Coalescence-mGAM-p1_S731,AC/PP-AF-mBHI-mGAM,False,1
64,D10,D10-mBHI,AE-AF-mGAM,D4-e003Coalescence-Inoculumn-mGAM,False,mBHI,D10-AE-AF-mGAM-mBHI,mGAM,AE-AF,1,D10-e003Coalescence-mBHI-p1_S767,AE-AF-mGAM-mBHI,False,1
65,C11,C11-mBHI,AE-AF-mGAM,C5-e003Coalescence-Inoculumn-mGAM,False,mBHI,C11-AE-AF-mGAM-mBHI,mGAM,AE-AF,1,C11-e003Coalescence-mBHI-p1_S774,AE-AF-mGAM-mBHI,False,1
67,H10,H10-mBHI,AE-AF-mGAM,D4-e003Coalescence-Inoculumn-mGAM,False,mBHI,H10-AE-AF-mGAM-mBHI,mGAM,AE-AF,1,H10-e003Coalescence-mBHI-p1_S831,AE-AF-mGAM-mBHI,False,1
68,G2,G2-mGAM,AA-AE-mBHI,C2-e003Coalescence-mBHI-inoculumn-redo,False,mGAM,G2-AA-AE-mBHI-mGAM,mBHI,AA-AE,1,G2-e003Coalescence-mGAM-p1_S786,AA-AE-mBHI-mGAM,False,1
71,B8,B8-mGAM,AA-AC/PP-mGAM,B2-e003Coalescence-Inoculumn-mGAM,False,mGAM,B8-AA-AC/PP-mGAM-mGAM,mGAM,AA-AC/PP,1,B8-e003Coalescence-mGAM-p1_S753,AA-AC/PP-mGAM-mGAM,False,1
72,G3,G3-mBHI,AC/PP-AE-mBHI,C3-e003Coalescence-mBHI-inoculumn-redo,False,mBHI,G3-AC/PP-AE-mBHI-mBHI,mBHI,AC/PP-AE,1,G3-e003Coalescence-mBHI-p1_S790,AC/PP-AE-mBHI-mBHI,False,1
73,B2,B2-mBHI,AA-AC/PP-mBHI,B2-e003Coalescence-Inoculumn-mBHI,False,mBHI,B2-AA-AC/PP-mBHI-mBHI,mBHI,AA-AC/PP,1,B2-e003Coalescence-mBHI-p1_S717,AA-AC/PP-mBHI-mBHI,False,1
76,A3,A3-mGAM,AA-AC/PP-mBHI,A3-e003Coalescence-mBHI-inoculumn-redo,False,mGAM,A3-AA-AC/PP-mBHI-mGAM,mBHI,AA-AC/PP,1,A3-e003Coalescence-mGAM-p1_S728,AA-AC/PP-mBHI-mGAM,False,1
80,E10,E10-mGAM,AA-AE-mGAM,A4-e003Coalescence-Inoculumn-mGAM,False,mGAM,E10-AA-AE-mGAM-mGAM,mGAM,AA-AE,1,E10-e003Coalescence-mGAM-p1_S832,AA-AE-mGAM-mGAM,False,1
81,A5,A5-mGAM,AA-AF-mBHI,A5-e003Coalescence-Inoculumn-mBHI,False,mGAM,A5-AA-AF-mBHI-mGAM,mBHI,AA-AF,1,A5-e003Coalescence-mGAM-p1_S744,AA-AF-mBHI-mGAM,False,1
82,H9,H9-mBHI,AC/PP-AF-mGAM,D3-e003Coalescence-Inoculumn-mGAM,False,mBHI,H9-AC/PP-AF-mGAM-mBHI,mGAM,AC/PP-AF,1,H9-e003Coalescence-mBHI-p1_S823,AC/PP-AF-mGAM-mBHI,False,1
83,C10,C10-mBHI,AE-AE-mGAM,C4-e003Coalescence-Inoculumn-mGAM,False,mBHI,C10-AE-AE-mGAM-mBHI,mGAM,AE-AE,1,C10-e003Coalescence-mBHI-p1_S766,AE-AE-mGAM-mBHI,False,1
86,C9,C9-mBHI,AC/PP-AE-mGAM,C3-e003Coalescence-Inoculumn-mGAM,False,mBHI,C9-AC/PP-AE-mGAM-mBHI,mGAM,AC/PP-AE,1,C9-e003Coalescence-mBHI-p1_S758,AC/PP-AE-mGAM-mBHI,False,1
88,E2,E2-mBHI,AA-AA-mBHI,A2-e003Coalescence-mBHI-inoculumn-redo,False,mBHI,E2-AA-AA-mBHI-mBHI,mBHI,AA-AA,1,E2-e003Coalescence-mBHI-p1_S780,AA-AA-mBHI-mBHI,False,1
91,A4,A4-mBHI,AA-AE-mBHI,A4-e003Coalescence-mBHI-inoculumn-redo,False,mBHI,A4-AA-AE-mBHI-mBHI,mBHI,AA-AE,1,A4-e003Coalescence-mBHI-p1_S732,AA-AE-mBHI-mBHI,False,1
95,F2,F2-mBHI,AA-AC/PP-mBHI,B2-e003Coalescence-Inoculumn-mBHI,False,mBHI,F2-AA-AC/PP-mBHI-mBHI,mBHI,AA-AC/PP,1,F2-e003Coalescence-mBHI-p1_S781,AA-AC/PP-mBHI-mBHI,False,1
97,B3,B3-mBHI,AC/PP-AC/PP-mBHI,B3-e003Coalescence-Inoculumn-mBHI,False,mBHI,B3-AC/PP-AC/PP-mBHI-mBHI,mBHI,AC/PP-AC/PP,1,B3-e003Coalescence-mBHI-p1_S725,AC/PP-AC/PP-mBHI-mBHI,False,1
99,E5,E5-mGAM,AA-AF-mBHI,A5-e003Coalescence-Inoculumn-mBHI,False,mGAM,E5-AA-AF-mBHI-mGAM,mBHI,AA-AF,1,E5-e003Coalescence-mGAM-p1_S808,AA-AF-mBHI-mGAM,False,1
100,F5,F5-mBHI,AC/PP-AF-mBHI,B5-e003Coalescence-Inoculumn-mBHI,False,mBHI,F5-AC/PP-AF-mBHI-mBHI,mBHI,AC/PP-AF,1,F5-e003Coalescence-mBHI-p1_S805,AC/PP-AF-mBHI-mBHI,False,1
104,C8,C8-mBHI,AA-AE-mGAM,C2-e003Coalescence-Inoculumn-mGAM,False,mBHI,C8-AA-AE-mGAM-mBHI,mGAM,AA-AE,1,C8-e003Coalescence-mBHI-p1_S750,AA-AE-mGAM-mBHI,False,1
106,D2,D2-mGAM,AA-AF-mBHI,D2-e003Coalescence-Inoculumn-mBHI,False,mGAM,D2-AA-AF-mBHI-mGAM,mBHI,AA-AF,1,D2-e003Coalescence-mGAM-p1_S723,AA-AF-mBHI-mGAM,False,1
109,C3,C3-mGAM,AC/PP-AE-mBHI,C3-e003Coalescence-mBHI-inoculumn-redo,False,mGAM,C3-AC/PP-AE-mBHI-mGAM,mBHI,AC/PP-AE,1,C3-e003Coalescence-mGAM-p1_S730,AC/PP-AE-mBHI-mGAM,False,1
110,C4,C4-mGAM,AE-AE-mBHI,C4-e003Coalescence-mBHI-inoculumn-redo,False,mGAM,C4-AE-AE-mBHI-mGAM,mBHI,AE-AE,1,C4-e003Coalescence-mGAM-p1_S738,AE-AE-mBHI-mGAM,False,1
111,H8,H8-mBHI,AA-AF-mGAM,D2-e003Coalescence-Inoculumn-mGAM,False,mBHI,H8-AA-AF-mGAM-mBHI,mGAM,AA-AF,1,H8-e003Coalescence-mBHI-p1_S815,AA-AF-mGAM-mBHI,False,1
113,D8,D8-mBHI,AA-AF-mGAM,D2-e003Coalescence-Inoculumn-mGAM,False,mBHI,D8-AA-AF-mGAM-mBHI,mGAM,AA-AF,1,D8-e003Coalescence-mBHI-p1_S751,AA-AF-mGAM-mBHI,False,1
114,E8,E8-mBHI,AA-AA-mGAM,A2-e003Coalescence-Inoculumn-mGAM,False,mBHI,E8-AA-AA-mGAM-mBHI,mGAM,AA-AA,1,E8-e003Coalescence-mBHI-p1_S812,AA-AA-mGAM-mBHI,False,1
115,A2,A2-mBHI,AA-AA-mBHI,A2-e003Coalescence-mBHI-inoculumn-redo,False,mBHI,A2-AA-AA-mBHI-mBHI,mBHI,AA-AA,1,A2-e003Coalescence-mBHI-p1_S716,AA-AA-mBHI-mBHI,False,1
116,E2,E2-mGAM,AA-AA-mBHI,A2-e003Coalescence-mBHI-inoculumn-redo,False,mGAM,E2-AA-AA-mBHI-mGAM,mBHI,AA-AA,1,E2-e003Coalescence-mGAM-p1_S784,AA-AA-mBHI-mGAM,False,1
117,G8,G8-mGAM,AA-AE-mGAM,C2-e003Coalescence-Inoculumn-mGAM,False,mGAM,G8-AA-AE-mGAM-mGAM,mGAM,AA-AE,1,G8-e003Coalescence-mGAM-p1_S818,AA-AE-mGAM-mGAM,False,1
119,C5,C5-mGAM,AE-AF-mBHI,C5-e003Coalescence-mBHI-inoculumn-redo,False,mGAM,C5-AE-AF-mBHI-mGAM,mBHI,AE-AF,1,C5-e003Coalescence-mGAM-p1_S746,AE-AF-mBHI-mGAM,False,1
120,D4,D4-mGAM,AE-AF-mBHI,D4-e003Coalescence-Inoculumn-mBHI,False,mGAM,D4-AE-AF-mBHI-mGAM,mBHI,AE-AF,1,D4-e003Coalescence-mGAM-p1_S739,AE-AF-mBHI-mGAM,False,1
122,A4,A4-mGAM,AA-AE-mBHI,A4-e003Coalescence-mBHI-inoculumn-redo,False,mGAM,A4-AA-AE-mBHI-mGAM,mBHI,AA-AE,1,A4-e003Coalescence-mGAM-p1_S736,AA-AE-mBHI-mGAM,False,1
124,D4,D4-mBHI,AE-AF-mBHI,D4-e003Coalescence-Inoculumn-mBHI,False,mBHI,D4-AE-AF-mBHI-mBHI,mBHI,AE-AF,1,D4-e003Coalescence-mBHI-p1_S735,AE-AF-mBHI-mBHI,False,1
125,F9,F9-mBHI,AC/PP-AC/PP-mGAM,B3-e003Coalescence-Inoculumn-mGAM,False,mBHI,F9-AC/PP-AC/PP-mGAM-mBHI,mGAM,AC/PP-AC/PP,1,F9-e003Coalescence-mBHI-p1_S821,AC/PP-AC/PP-mGAM-mBHI,False,1
126,G2,G2-mBHI,AA-AE-mBHI,C2-e003Coalescence-mBHI-inoculumn-redo,False,mBHI,G2-AA-AE-mBHI-mBHI,mBHI,AA-AE,1,G2-e003Coalescence-mBHI-p1_S782,AA-AE-mBHI-mBHI,False,1
127,F10,F10-mBHI,AC/PP-AE-mGAM,B4-e003Coalescence-Inoculumn-mGAM,False,mBHI,F10-AC/PP-AE-mGAM-mBHI,mGAM,AC/PP-AE,1,F10-e003Coalescence-mBHI-p1_S829,AC/PP-AE-mGAM-mBHI,False,1
128,H5,H5-mGAM,AF-AF-mBHI,D5-e003Coalescence-Inoculumn-mBHI,False,mGAM,H5-AF-AF-mBHI-mGAM,mBHI,AF-AF,1,H5-e003Coalescence-mGAM-p1_S811,AF-AF-mBHI-mGAM,False,1
129,F3,F3-mBHI,AC/PP-AC/PP-mBHI,B3-e003Coalescence-Inoculumn-mBHI,False,mBHI,F3-AC/PP-AC/PP-mBHI-mBHI,mBHI,AC/PP-AC/PP,1,F3-e003Coalescence-mBHI-p1_S789,AC/PP-AC/PP-mBHI-mBHI,False,1
130,F11,F11-mGAM,AC/PP-AF-mGAM,B5-e003Coalescence-Inoculumn-mGAM,False,mGAM,F11-AC/PP-AF-mGAM-mGAM,mGAM,AC/PP-AF,1,F11-e003Coalescence-mGAM-p1_S841,AC/PP-AF-mGAM-mGAM,False,1
131,D8,D8-mGAM,AA-AF-mGAM,D2-e003Coalescence-Inoculumn-mGAM,False,mGAM,D8-AA-AF-mGAM-mGAM,mGAM,AA-AF,1,D8-e003Coalescence-mGAM-p1_S755,AA-AF-mGAM-mGAM,False,1
132,E8,E8-mGAM,AA-AA-mGAM,A2-e003Coalescence-Inoculumn-mGAM,False,mGAM,E8-AA-AA-mGAM-mGAM,mGAM,AA-AA,1,E8-e003Coalescence-mGAM-p1_S816,AA-AA-mGAM-mGAM,False,1
133,D9,D9-mGAM,AC/PP-AF-mGAM,D3-e003Coalescence-Inoculumn-mGAM,False,mGAM,D9-AC/PP-AF-mGAM-mGAM,mGAM,AC/PP-AF,1,D9-e003Coalescence-mGAM-p1_S763,AC/PP-AF-mGAM-mGAM,False,1
135,C9,C9-mGAM,AC/PP-AE-mGAM,C3-e003Coalescence-Inoculumn-mGAM,False,mGAM,C9-AC/PP-AE-mGAM-mGAM,mGAM,AC/PP-AE,1,C9-e003Coalescence-mGAM-p1_S762,AC/PP-AE-mGAM-mGAM,False,1
136,B4,B4-mBHI,AC/PP-AE-mBHI,B4-e003Coalescence-Inoculumn-mBHI,False,mBHI,B4-AC/PP-AE-mBHI-mBHI,mBHI,AC/PP-AE,1,B4-e003Coalescence-mBHI-p1_S733,AC/PP-AE-mBHI-mBHI,False,1
140,A9,A9-mBHI,AA-AC/PP-mGAM,A3-e003Coalescence-Inoculumn-mGAM,False,mBHI,A9-AA-AC/PP-mGAM-mBHI,mGAM,AA-AC/PP,1,A9-e003Coalescence-mBHI-p1_S756,AA-AC/PP-mGAM-mBHI,False,1
142,F2,F2-mGAM,AA-AC/PP-mBHI,B2-e003Coalescence-Inoculumn-mBHI,False,mGAM,F2-AA-AC/PP-mBHI-mGAM,mBHI,AA-AC/PP,1,F2-e003Coalescence-mGAM-p1_S785,AA-AC/PP-mBHI-mGAM,False,1
146,G11,G11-mGAM,AE-AF-mGAM,C5-e003Coalescence-Inoculumn-mGAM,False,mGAM,G11-AE-AF-mGAM-mGAM,mGAM,AE-AF,1,G11-e003Coalescence-mGAM-p1_S842,AE-AF-mGAM-mGAM,False,1
147,C5,C5-mBHI,AE-AF-mBHI,C5-e003Coalescence-mBHI-inoculumn-redo,False,mBHI,C5-AE-AF-mBHI-mBHI,mBHI,AE-AF,1,C5-e003Coalescence-mBHI-p1_S742,AE-AF-mBHI-mBHI,False,1
149,H11,H11-mGAM,AF-AF-mGAM,D5-e003Coalescence-Inoculumn-mGAM,False,mGAM,H11-AF-AF-mGAM-mGAM,mGAM,AF-AF,1,H11-e003Coalescence-mGAM-p1_S843,AF-AF-mGAM-mGAM,False,1
150,F5,F5-mGAM,AC/PP-AF-mBHI,B5-e003Coalescence-Inoculumn-mBHI,False,mGAM,F5-AC/PP-AF-mBHI-mGAM,mBHI,AC/PP-AF,1,F5-e003Coalescence-mGAM-p1_S809,AC/PP-AF-mBHI-mGAM,False,1
151,H3,H3-mGAM,AC/PP-AF-mBHI,D3-e003Coalescence-Inoculumn-mBHI,False,mGAM,H3-AC/PP-AF-mBHI-mGAM,mBHI,AC/PP-AF,1,H3-e003Coalescence-mGAM-p1_S795,AC/PP-AF-mBHI-mGAM,False,1
152,A11,A11-mGAM,AA-AF-mGAM,A5-e003Coalescence-Inoculumn-mGAM,False,mGAM,A11-AA-AF-mGAM-mGAM,mGAM,AA-AF,1,A11-e003Coalescence-mGAM-p1_S776,AA-AF-mGAM-mGAM,False,1
154,D3,D3-mBHI,AC/PP-AF-mBHI,D3-e003Coalescence-Inoculumn-mBHI,False,mBHI,D3-AC/PP-AF-mBHI-mBHI,mBHI,AC/PP-AF,1,D3-e003Coalescence-mBHI-p1_S727,AC/PP-AF-mBHI-mBHI,False,1
157,H11,H11-mBHI,AF-AF-mGAM,D5-e003Coalescence-Inoculumn-mGAM,False,mBHI,H11-AF-AF-mGAM-mBHI,mGAM,AF-AF,1,H11-e003Coalescence-mBHI-p1_S839,AF-AF-mGAM-mBHI,False,1
159,G3,G3-mGAM,AC/PP-AE-mBHI,C3-e003Coalescence-mBHI-inoculumn-redo,False,mGAM,G3-AC/PP-AE-mBHI-mGAM,mBHI,AC/PP-AE,1,G3-e003Coalescence-mGAM-p1_S794,AC/PP-AE-mBHI-mGAM,False,1
160,G9,G9-mBHI,AC/PP-AE-mGAM,C3-e003Coalescence-Inoculumn-mGAM,False,mBHI,G9-AC/PP-AE-mGAM-mBHI,mGAM,AC/PP-AE,1,G9-e003Coalescence-mBHI-p1_S822,AC/PP-AE-mGAM-mBHI,False,1
161,B9,B9-mBHI,AC/PP-AC/PP-mGAM,B3-e003Coalescence-Inoculumn-mGAM,False,mBHI,B9-AC/PP-AC/PP-mGAM-mBHI,mGAM,AC/PP-AC/PP,1,B9-e003Coalescence-mBHI-p1_S757,AC/PP-AC/PP-mGAM-mBHI,False,1
162,F4,F4-mBHI,AC/PP-AE-mBHI,B4-e003Coalescence-Inoculumn-mBHI,False,mBHI,F4-AC/PP-AE-mBHI-mBHI,mBHI,AC/PP-AE,1,F4-e003Coalescence-mBHI-p1_S797,AC/PP-AE-mBHI-mBHI,False,1
164,G4,G4-mBHI,AE-AE-mBHI,C4-e003Coalescence-mBHI-inoculumn-redo,False,mBHI,G4-AE-AE-mBHI-mBHI,mBHI,AE-AE,1,G4-e003Coalescence-mBHI-p1_S798,AE-AE-mBHI-mBHI,False,1
167,C3,C3-mBHI,AC/PP-AE-mBHI,C3-e003Coalescence-mBHI-inoculumn-redo,False,mBHI,C3-AC/PP-AE-mBHI-mBHI,mBHI,AC/PP-AE,1,C3-e003Coalescence-mBHI-p1_S726,AC/PP-AE-mBHI-mBHI,False,1
170,G10,G10-mGAM,AE-AE-mGAM,C4-e003Coalescence-Inoculumn-mGAM,False,mGAM,G10-AE-AE-mGAM-mGAM,mGAM,AE-AE,1,G10-e003Coalescence-mGAM-p1_S834,AE-AE-mGAM-mGAM,False,1
171,D5,D5-mBHI,AF-AF-mBHI,D5-e003Coalescence-Inoculumn-mBHI,False,mBHI,D5-AF-AF-mBHI-mBHI,mBHI,AF-AF,1,D5-e003Coalescence-mBHI-p1_S743,AF-AF-mBHI-mBHI,False,1
172,H4,H4-mBHI,AE-AF-mBHI,D4-e003Coalescence-Inoculumn-mBHI,False,mBHI,H4-AE-AF-mBHI-mBHI,mBHI,AE-AF,1,H4-e003Coalescence-mBHI-p1_S799,AE-AF-mBHI-mBHI,False,1
175,F4,F4-mGAM,AC/PP-AE-mBHI,B4-e003Coalescence-Inoculumn-mBHI,False,mGAM,F4-AC/PP-AE-mBHI-mGAM,mBHI,AC/PP-AE,1,F4-e003Coalescence-mGAM-p1_S801,AC/PP-AE-mBHI-mGAM,False,1
176,E5,E5-mBHI,AA-AF-mBHI,A5-e003Coalescence-Inoculumn-mBHI,False,mBHI,E5-AA-AF-mBHI-mBHI,mBHI,AA-AF,1,E5-e003Coalescence-mBHI-p1_S804,AA-AF-mBHI-mBHI,False,1
177,H5,H5-mBHI,AF-AF-mBHI,D5-e003Coalescence-Inoculumn-mBHI,False,mBHI,H5-AF-AF-mBHI-mBHI,mBHI,AF-AF,1,H5-e003Coalescence-mBHI-p1_S807,AF-AF-mBHI-mBHI,False,1
178,F10,F10-mGAM,AC/PP-AE-mGAM,B4-e003Coalescence-Inoculumn-mGAM,False,mGAM,F10-AC/PP-AE-mGAM-mGAM,mGAM,AC/PP-AE,1,F10-e003Coalescence-mGAM-p1_S833,AC/PP-AE-mGAM-mGAM,False,1
182,H2,H2-mGAM,AA-AF-mBHI,D2-e003Coalescence-Inoculumn-mBHI,False,mGAM,H2-AA-AF-mBHI-mGAM,mBHI,AA-AF,1,H2-e003Coalescence-mGAM-p1_S787,AA-AF-mBHI-mGAM,False,1
184,B11,B11-mBHI,AC/PP-AF-mGAM,B5-e003Coalescence-Inoculumn-mGAM,False,mBHI,B11-AC/PP-AF-mGAM-mBHI,mGAM,AC/PP-AF,1,B11-e003Coalescence-mBHI-p1_S773,AC/PP-AF-mGAM-mBHI,False,1
186,E9,E9-mGAM,AA-AC/PP-mGAM,A3-e003Coalescence-Inoculumn-mGAM,False,mGAM,E9-AA-AC/PP-mGAM-mGAM,mGAM,AA-AC/PP,1,E9-e003Coalescence-mGAM-p1_S824,AA-AC/PP-mGAM-mGAM,False,1
187,F9,F9-mGAM,AC/PP-AC/PP-mGAM,B3-e003Coalescence-Inoculumn-mGAM,False,mGAM,F9-AC/PP-AC/PP-mGAM-mGAM,mGAM,AC/PP-AC/PP,1,F9-e003Coalescence-mGAM-p1_S825,AC/PP-AC/PP-mGAM-mGAM,False,1
189,A2,A2-mGAM,AA-AA-mBHI,A2-e003Coalescence-mBHI-inoculumn-redo,False,mGAM,A2-AA-AA-mBHI-mGAM,mBHI,AA-AA,1,A2-e003Coalescence-mGAM-p1_S720,AA-AA-mBHI-mGAM,False,1
190,B4,B4-mGAM,AC/PP-AE-mBHI,B4-e003Coalescence-Inoculumn-mBHI,False,mGAM,B4-AC/PP-AE-mBHI-mGAM,mBHI,AC/PP-AE,1,B4-e003Coalescence-mGAM-p1_S737,AC/PP-AE-mBHI-mGAM,False,1
191,D9,D9-mBHI,AC/PP-AF-mGAM,D3-e003Coalescence-Inoculumn-mGAM,False,mBHI,D9-AC/PP-AF-mGAM-mBHI,mGAM,AC/PP-AF,1,D9-e003Coalescence-mBHI-p1_S759,AC/PP-AF-mGAM-mBHI,False,1
192,E11,E11-mBHI,AA-AF-mGAM,A5-e003Coalescence-Inoculumn-mGAM,False,mBHI,E11-AA-AF-mGAM-mBHI,mGAM,AA-AF,1,E11-e003Coalescence-mBHI-p1_S836,AA-AF-mGAM-mBHI,False,1
193,H8,H8-mGAM,AA-AF-mGAM,D2-e003Coalescence-Inoculumn-mGAM,False,mGAM,H8-AA-AF-mGAM-mGAM,mGAM,AA-AF,1,H8-e003Coalescence-mGAM-p1_S819,AA-AF-mGAM-mGAM,False,1
195,D11,D11-mGAM,AF-AF-mGAM,D5-e003Coalescence-Inoculumn-mGAM,False,mGAM,D11-AF-AF-mGAM-mGAM,mGAM,AF-AF,1,D11-e003Coalescence-mGAM-p1_S779,AF-AF-mGAM-mGAM,False,1
196,A10,A10-mBHI,AA-AE-mGAM,A4-e003Coalescence-Inoculumn-mGAM,False,mBHI,A10-AA-AE-mGAM-mBHI,mGAM,AA-AE,1,A10-e003Coalescence-mBHI-p1_S764,AA-AE-mGAM-mBHI,False,1
197,A10,A10-mGAM,AA-AE-mGAM,A4-e003Coalescence-Inoculumn-mGAM,False,mGAM,A10-AA-AE-mGAM-mGAM,mGAM,AA-AE,1,A10-e003Coalescence-mGAM-p1_S768,AA-AE-mGAM-mGAM,False,1
198,E3,E3-mGAM,AA-AC/PP-mBHI,A3-e003Coalescence-mBHI-inoculumn-redo,False,mGAM,E3-AA-AC/PP-mBHI-mGAM,mBHI,AA-AC/PP,1,E3-e003Coalescence-mGAM-p1_S792,AA-AC/PP-mBHI-mGAM,False,1
199,A8,A8-mGAM,AA-AA-mGAM,A2-e003Coalescence-Inoculumn-mGAM,False,mGAM,A8-AA-AA-mGAM-mGAM,mGAM,AA-AA,1,A8-e003Coalescence-mGAM-p1_S752,AA-AA-mGAM-mGAM,False,1
201,A9,A9-mGAM,AA-AC/PP-mGAM,A3-e003Coalescence-Inoculumn-mGAM,False,mGAM,A9-AA-AC/PP-mGAM-mGAM,mGAM,AA-AC/PP,1,A9-e003Coalescence-mGAM-p1_S760,AA-AC/PP-mGAM-mGAM,False,1
204,H2,H2-mBHI,AA-AF-mBHI,D2-e003Coalescence-Inoculumn-mBHI,False,mBHI,H2-AA-AF-mBHI-mBHI,mBHI,AA-AF,1,H2-e003Coalescence-mBHI-p1_S783,AA-AF-mBHI-mBHI,False,1
205,B10,B10-mBHI,AC/PP-AE-mGAM,B4-e003Coalescence-Inoculumn-mGAM,False,mBHI,B10-AC/PP-AE-mGAM-mBHI,mGAM,AC/PP-AE,1,B10-e003Coalescence-mBHI-p1_S765,AC/PP-AE-mGAM-mBHI,False,1
206,C8,C8-mGAM,AA-AE-mGAM,C2-e003Coalescence-Inoculumn-mGAM,False,mGAM,C8-AA-AE-mGAM-mGAM,mGAM,AA-AE,1,C8-e003Coalescence-mGAM-p1_S754,AA-AE-mGAM-mGAM,False,1
207,D11,D11-mBHI,AF-AF-mGAM,D5-e003Coalescence-Inoculumn-mGAM,False,mBHI,D11-AF-AF-mGAM-mBHI,mGAM,AF-AF,1,D11-e003Coalescence-mBHI-p1_S775,AF-AF-mGAM-mBHI,False,1
210,C10,C10-mGAM,AE-AE-mGAM,C4-e003Coalescence-Inoculumn-mGAM,False,mGAM,C10-AE-AE-mGAM-mGAM,mGAM,AE-AE,1,C10-e003Coalescence-mGAM-p1_S770,AE-AE-mGAM-mGAM,False,1
215,A11,A11-mBHI,AA-AF-mGAM,A5-e003Coalescence-Inoculumn-mGAM,False,mBHI,A11-AA-AF-mGAM-mBHI,mGAM,AA-AF,1,A11-e003Coalescence-mBHI-p1_S772,AA-AF-mGAM-mBHI,False,1
216,F3,F3-mGAM,AC/PP-AC/PP-mBHI,B3-e003Coalescence-Inoculumn-mBHI,False,mGAM,F3-AC/PP-AC/PP-mBHI-mGAM,mBHI,AC/PP-AC/PP,1,F3-e003Coalescence-mGAM-p1_S793,AC/PP-AC/PP-mBHI-mGAM,False,1
217,G9,G9-mGAM,AC/PP-AE-mGAM,C3-e003Coalescence-Inoculumn-mGAM,False,mGAM,G9-AC/PP-AE-mGAM-mGAM,mGAM,AC/PP-AE,1,G9-e003Coalescence-mGAM-p1_S826,AC/PP-AE-mGAM-mGAM,False,1
218,E10,E10-mBHI,AA-AE-mGAM,A4-e003Coalescence-Inoculumn-mGAM,False,mBHI,E10-AA-AE-mGAM-mBHI,mGAM,AA-AE,1,E10-e003Coalescence-mBHI-p1_S828,AA-AE-mGAM-mBHI,False,1
3,B2,B2-mGAM,AA-AC/PP-mBHI,B2-e003Coalescence-Inoculumn-mBHI,False,mGAM,B2-AA-AC/PP-mBHI-mGAM,mBHI,AA-AC/PP,5,Coalescence-D1-B2-AA-ACPP-mBHI-mGAM-5_S656,AA-AC/PP-mBHI-mGAM,True,1
6,A8,A8-mGAM,AA-AA-mGAM,A2-e003Coalescence-Inoculumn-mGAM,False,mGAM,A8-AA-AA-mGAM-mGAM,mGAM,AA-AA,5,Coalescence-C9-A8-AA-AA-mGAM-mGAM-5_S652,AA-AA-mGAM-mGAM,True,1
7,E10,E10-mBHI,AA-AE-mGAM,A4-e003Coalescence-Inoculumn-mGAM,False,mBHI,E10-AA-AE-mGAM-mBHI,mGAM,AA-AE,3,Coalescence-F2-E10-AA-AE-mGAM-mBHI-3_S681,AA-AE-mGAM-mBHI,True,1
9,B4,B4-mGAM,AC/PP-AE-mBHI,C3-e003Coalescence-mBHI-inoculumn-redo,False,mGAM,B4-AC/PP-AE-mBHI-mGAM,mBHI,AC/PP-AE,7,Coalescence-A9-B4-ACPP-AE-mBHI-mGAM-7_S628,AC/PP-AE-mBHI-mGAM,True,1
11,A4,A4-mBHI,AA-AE-mBHI,A4-e003Coalescence-mBHI-inoculumn-redo,False,mBHI,A4-AA-AE-mBHI-mBHI,mBHI,AA-AE,7,Coalescence-A1-A4-AA-AE-mBHI-mBHI-7_S620,AA-AE-mBHI-mBHI,True,1
19,C4,C4-mBHI,AE-AE-mBHI,C4-e003Coalescence-mBHI-inoculumn-redo,False,mBHI,C4-AE-AE-mBHI-mBHI,mBHI,AE-AE,3,Coalescence-E5-C4-AE-AE-mBHI-mBHI-3_S672,AE-AE-mBHI-mBHI,True,1
22,F9,F9-mGAM,AC/PP-AC/PP-mGAM,B3-e003Coalescence-Inoculumn-mGAM,False,mGAM,F9-AC/PP-AC/PP-mGAM-mGAM,mGAM,AC/PP-AC/PP,3,Coalescence-F12-F9-ACPP-ACPP-mGAM-mGAM-3_S691,AC/PP-AC/PP-mGAM-mGAM,True,1
25,F10,F10-mBHI,AC/PP-AE-mGAM,C3-e003Coalescence-Inoculumn-mGAM,False,mBHI,F10-AC/PP-AE-mGAM-mBHI,mGAM,AC/PP-AE,5,Coalescence-D4-F10-ACPP-AE-mGAM-mBHI-5_S659,AC/PP-AE-mGAM-mBHI,True,1
27,C5,C5-mGAM,AE-AF-mBHI,D4-e003Coalescence-Inoculumn-mBHI,False,mGAM,C5-AE-AF-mBHI-mGAM,mBHI,AE-AF,5,Coalescence-D2-C5-AE-AF-mBHI-mGAM-5_S657,AE-AF-mBHI-mGAM,True,1
30,H2,H2-mBHI,AA-AF-mBHI,D2-e003Coalescence-Inoculumn-mBHI,False,mBHI,H2-AA-AF-mBHI-mBHI,mBHI,AA-AF,5,Coalescence-D5-H2-AA-AF-mBHI-mBHI-5_S660,AA-AF-mBHI-mBHI,True,1
32,E9,E9-mBHI,AA-AC/PP-mGAM,B2-e003Coalescence-Inoculumn-mGAM,False,mBHI,E9-AA-AC/PP-mGAM-mBHI,mGAM,AA-AC/PP,3,Coalescence-F4-E9-AA-ACPP-mGAM-mBHI-3_S683,AA-AC/PP-mGAM-mBHI,True,1
33,B8,B8-mBHI,AA-AC/PP-mGAM,B2-e003Coalescence-Inoculumn-mGAM,False,mBHI,B8-AA-AC/PP-mGAM-mBHI,mGAM,AA-AC/PP,3,Coalescence-E1-B8-AA-ACPP-mGAM-mBHI-3_S668,AA-AC/PP-mGAM-mBHI,True,1
35,A2,A2-mGAM,AA-AA-mBHI,A2-e003Coalescence-mBHI-inoculumn-redo,False,mGAM,A2-AA-AA-mBHI-mGAM,mBHI,AA-AA,3,Coalescence-D6-A2-AA-AA-mBHI-mGAM-3_S661,AA-AA-mBHI-mGAM,True,1
38,D11,D11-mBHI,AF-AF-mGAM,D5-e003Coalescence-Inoculumn-mGAM,False,mBHI,D11-AF-AF-mGAM-mBHI,mGAM,AF-AF,7,Coalescence-A12-D11-AF-AF-mGAM-mBHI-7_S631,AF-AF-mGAM-mBHI,True,1
39,B11,B11-mGAM,AC/PP-AF-mGAM,B5-e003Coalescence-Inoculumn-mGAM,False,mGAM,B11-AC/PP-AF-mGAM-mGAM,mGAM,AC/PP-AF,5,Coalescence-C12-B11-ACPP-AF-mGAM-mGAM-5_S655,AC/PP-AF-mGAM-mGAM,True,1
40,A11,A11-mGAM,AA-AF-mGAM,A5-e003Coalescence-Inoculumn-mGAM,False,mGAM,A11-AA-AF-mGAM-mGAM,mGAM,AA-AF,5,Coalescence-C3-A11-AA-AF-mGAM-mGAM-5_S646,AA-AF-mGAM-mGAM,True,1
42,A4,A4-mGAM,AA-AE-mBHI,C2-e003Coalescence-mBHI-inoculumn-redo,False,mGAM,A4-AA-AE-mBHI-mGAM,mBHI,AA-AE,5,Coalescence-C6-A4-AA-AE-mBHI-mGAM-5_S649,AA-AE-mBHI-mGAM,True,1
49,A8,A8-mGAM,AA-AA-mGAM,A2-e003Coalescence-Inoculumn-mGAM,False,mGAM,A8-AA-AA-mGAM-mGAM,mGAM,AA-AA,3,Coalescence-D9-A8-AA-AA-mGAM-mGAM-3_S664,AA-AA-mGAM-mGAM,True,1
52,H10,H10-mBHI,AE-AF-mGAM,C5-e003Coalescence-Inoculumn-mGAM,False,mBHI,H10-AE-AF-mGAM-mBHI,mGAM,AE-AF,3,Coalescence-F7-H10-AE-AF-mGAM-mBHI-3_S686,AE-AF-mGAM-mBHI,True,1
53,C8,C8-mBHI,AA-AE-mGAM,A4-e003Coalescence-Inoculumn-mGAM,False,mBHI,C8-AA-AE-mGAM-mBHI,mGAM,AA-AE,3,Coalescence-E12-C8-AA-AE-mGAM-mBHI-3_S679,AA-AE-mGAM-mBHI,True,1
54,A10,A10-mGAM,AA-AE-mGAM,C2-e003Coalescence-Inoculumn-mGAM,False,mGAM,A10-AA-AE-mGAM-mGAM,mGAM,AA-AE,5,Coalescence-C2-A10-AA-AE-mGAM-mGAM-5_S645,AA-AE-mGAM-mGAM,True,1
66,D2,D2-mGAM,AA-AF-mBHI,A5-e003Coalescence-Inoculumn-mBHI,False,mGAM,D2-AA-AF-mBHI-mGAM,mBHI,AA-AF,7,Coalescence-B2-D2-AA-AF-mBHI-mGAM-7_S633,AA-AF-mBHI-mGAM,True,1
69,D3,D3-mGAM,AC/PP-AF-mBHI,B5-e003Coalescence-Inoculumn-mBHI,False,mGAM,D3-AC/PP-AF-mBHI-mGAM,mBHI,AC/PP-AF,7,Coalescence-B4-D3-ACPP-AF-mBHI-mGAM-7_S635,AC/PP-AF-mBHI-mGAM,True,1
70,B10,B10-mGAM,AC/PP-AE-mGAM,C3-e003Coalescence-Inoculumn-mGAM,False,mGAM,B10-AC/PP-AE-mGAM-mGAM,mGAM,AC/PP-AE,5,Coalescence-C10-B10-ACPP-AE-mGAM-mGAM-5_S653,AC/PP-AE-mGAM-mGAM,True,1
74,D11,D11-mGAM,AF-AF-mGAM,D5-e003Coalescence-Inoculumn-mGAM,False,mGAM,D11-AF-AF-mGAM-mGAM,mGAM,AF-AF,3,Coalescence-E9-D11-AF-AF-mGAM-mGA-3_S676,AF-AF-mGAM-mGAM,True,1
75,A5,A5-mGAM,AA-AF-mBHI,A5-e003Coalescence-Inoculumn-mBHI,False,mGAM,A5-AA-AF-mBHI-mGAM,mBHI,AA-AF,7,Coalescence-A3-A5-AA-AF-mBHI-mGAM-7_S622,AA-AF-mBHI-mGAM,True,1
77,G9,G9-mBHI,AC/PP-AE-mGAM,C3-e003Coalescence-Inoculumn-mGAM,False,mBHI,G9-AC/PP-AE-mGAM-mBHI,mGAM,AC/PP-AE,7,Coalescence-B10-G9-ACPP-AE-mGAM-mBHI-7_S641,AC/PP-AE-mGAM-mBHI,True,1
78,B2,B2-mGAM,AA-AC/PP-mBHI,B2-e003Coalescence-Inoculumn-mBHI,False,mGAM,B2-AA-AC/PP-mBHI-mGAM,mBHI,AA-AC/PP,7,Coalescence-A6-B2-AA-ACPP-mBHI-mGAM-7_S625,AA-AC/PP-mBHI-mGAM,True,1
79,D8,D8-mGAM,AA-AF-mGAM,A5-e003Coalescence-Inoculumn-mGAM,False,mGAM,D8-AA-AF-mGAM-mGAM,mGAM,AA-AF,3,Coalescence-F1-D8-AA-AF-mGAM-mGAM-3_S680,AA-AF-mGAM-mGAM,True,1
84,A3,A3-mBHI,AA-AC/PP-mBHI,B2-e003Coalescence-Inoculumn-mBHI,False,mBHI,A3-AA-AC/PP-mBHI-mBHI,mBHI,AA-AC/PP,5,Coalescence-C4-A3-AA-ACPP-mBHI-mBHI-5_S647,AA-AC/PP-mBHI-mBHI,True,1
85,C8,C8-mGAM,AA-AE-mGAM,C2-e003Coalescence-Inoculumn-mGAM,False,mGAM,C8-AA-AE-mGAM-mGAM,mGAM,AA-AE,5,Coalescence-D3-C8-AA-AE-mGAM-mGAM-5_S658,AA-AE-mGAM-mGAM,True,1
87,B4,B4-mGAM,AC/PP-AE-mBHI,C3-e003Coalescence-mBHI-inoculumn-redo,False,mGAM,B4-AC/PP-AE-mBHI-mGAM,mBHI,AC/PP-AE,3,Coalescence-D12-B4-ACPP-AE-mBHI-mGAM-3_S667,AC/PP-AE-mBHI-mGAM,True,1
89,B4,B4-mBHI,AC/PP-AE-mBHI,C3-e003Coalescence-mBHI-inoculumn-redo,False,mBHI,B4-AC/PP-AE-mBHI-mBHI,mBHI,AC/PP-AE,7,Coalescence-A8-B4-ACPP-AE-mBHI-mBHI-7_S627,AC/PP-AE-mBHI-mBHI,True,1
90,A4,A4-mGAM,AA-AE-mBHI,C2-e003Coalescence-mBHI-inoculumn-redo,False,mGAM,A4-AA-AE-mBHI-mGAM,mBHI,AA-AE,7,Coalescence-A2-A4-AA-AE-mBHI-mGAM-7_S621,AA-AE-mBHI-mGAM,True,1
92,B9,B9-mGAM,AC/PP-AC/PP-mGAM,B3-e003Coalescence-Inoculumn-mGAM,False,mGAM,B9-AC/PP-AC/PP-mGAM-mGAM,mGAM,AC/PP-AC/PP,3,Coalescence-E3-B9-ACPP-ACPP-mGAM-mGAM-3_S670,AC/PP-AC/PP-mGAM-mGAM,True,1
93,D2,D2-mGAM,AA-AF-mBHI,A5-e003Coalescence-Inoculumn-mBHI,False,mGAM,D2-AA-AF-mBHI-mGAM,mBHI,AA-AF,3,Coalescence-E10-D2-AA-AF-mBHI-mGAM-3_S677,AA-AF-mBHI-mGAM,True,1
96,G3,G3-mBHI,AC/PP-AE-mBHI,C3-e003Coalescence-mBHI-inoculumn-redo,False,mBHI,G3-AC/PP-AE-mBHI-mBHI,mBHI,AC/PP-AE,3,Coalescence-F6-G3-ACPP-AE-mBHI-mBHI-3_S685,AC/PP-AE-mBHI-mBHI,True,1
98,H11,H11-mBHI,AF-AF-mGAM,D5-e003Coalescence-Inoculumn-mGAM,False,mBHI,H11-AF-AF-mGAM-mBHI,mGAM,AF-AF,7,Coalescence-B11-H11-AF-AF-mGAM-mBHI-7_S642,AF-AF-mGAM-mBHI,True,1
101,B8,B8-mGAM,AA-AC/PP-mGAM,A3-e003Coalescence-Inoculumn-mGAM,False,mGAM,B8-AA-AC/PP-mGAM-mGAM,mGAM,AA-AC/PP,3,Coalescence-E2-B8-AA-ACPP-mGAM-mGAM-3_S669,AA-AC/PP-mGAM-mGAM,True,1
103,H5,H5-mGAM,AF-AF-mBHI,D5-e003Coalescence-Inoculumn-mBHI,False,mGAM,H5-AF-AF-mBHI-mGAM,mBHI,AF-AF,7,Coalescence-B12-H5-AF-AF-mBHI-mGAM-7_S643,AF-AF-mBHI-mGAM,True,1
107,A9,A9-mGAM,AA-AC/PP-mGAM,A3-e003Coalescence-Inoculumn-mGAM,False,mGAM,A9-AA-AC/PP-mGAM-mGAM,mGAM,AA-AC/PP,3,Coalescence-D10-A9-AA-ACPP-mGAM-mGAM-3_S665,AA-AC/PP-mGAM-mGAM,True,1
108,A3,A3-mGAM,AA-AC/PP-mBHI,B2-e003Coalescence-Inoculumn-mBHI,False,mGAM,A3-AA-AC/PP-mBHI-mGAM,mBHI,AA-AC/PP,3,Coalescence-D7-A3-AA-ACPP-mBHI-mGAM-3_S662,AA-AC/PP-mBHI-mGAM,True,1
118,A4,A4-mGAM,AA-AE-mBHI,C2-e003Coalescence-mBHI-inoculumn-redo,False,mGAM,A4-AA-AE-mBHI-mGAM,mBHI,AA-AE,3,Coalescence-D8-A4-AA-AE-mBHI-mGAM-3_S663,AA-AE-mBHI-mGAM,True,1
121,D11,D11-mBHI,AF-AF-mGAM,D5-e003Coalescence-Inoculumn-mGAM,False,mBHI,D11-AF-AF-mGAM-mBHI,mGAM,AF-AF,3,Coalescence-E8-D11-AF-AF-mGAM-mBHI-3_S675,AF-AF-mGAM-mBHI,True,1
123,D2,D2-mBHI,AA-AF-mBHI,D2-e003Coalescence-Inoculumn-mBHI,False,mBHI,D2-AA-AF-mBHI-mBHI,mBHI,AA-AF,7,Coalescence-B1-D2-AA-AF-mBHI-mBHI-7_S632,AA-AF-mBHI-mBHI,True,1
137,F10,F10-mBHI,AC/PP-AE-mGAM,C3-e003Coalescence-Inoculumn-mGAM,False,mBHI,F10-AC/PP-AE-mGAM-mBHI,mGAM,AC/PP-AE,3,Coalescence-F5-F10-ACPP-AE-mGAM-mBHI-3_S684,AC/PP-AE-mGAM-mBHI,True,1
138,H9,H9-mBHI,AC/PP-AF-mGAM,D3-e003Coalescence-Inoculumn-mGAM,False,mBHI,H9-AC/PP-AF-mGAM-mBHI,mGAM,AC/PP-AF,3,Coalescence-F11-H9-ACPP-AF-mGAM-mBHI-3_S690,AC/PP-AF-mGAM-mBHI,True,1
139,D8,D8-mGAM,AA-AF-mGAM,A5-e003Coalescence-Inoculumn-mGAM,False,mGAM,D8-AA-AF-mGAM-mGAM,mGAM,AA-AF,7,Coalescence-B5-D8-AA-AF-mGAM-mGAM-7_S636,AA-AF-mGAM-mGAM,True,1
141,D8,D8-mBHI,AA-AF-mGAM,D2-e003Coalescence-Inoculumn-mGAM,False,mBHI,D8-AA-AF-mGAM-mBHI,mGAM,AA-AF,3,Coalescence-E6-D8-AA-AF-mGAM-mBHI-3_S673,AA-AF-mGAM-mBHI,True,1
144,A5,A5-mBHI,AA-AF-mBHI,D2-e003Coalescence-Inoculumn-mBHI,False,mBHI,A5-AA-AF-mBHI-mBHI,mBHI,AA-AF,5,Coalescence-C7-A5-AA-AF-mBHI-mBHI-5_S650,AA-AF-mBHI-mBHI,True,1
148,H8,H8-mGAM,AA-AF-mGAM,A5-e003Coalescence-Inoculumn-mGAM,False,mGAM,H8-AA-AF-mGAM-mGAM,mGAM,AA-AF,3,Coalescence-F10-H8-AA-AF-mGAM-mGAM-3_S689,AA-AF-mGAM-mGAM,True,1
153,C4,C4-mBHI,AE-AE-mBHI,C4-e003Coalescence-mBHI-inoculumn-redo,False,mBHI,C4-AE-AE-mBHI-mBHI,mBHI,AE-AE,7,Coalescence-A11-C4-AE-AE-mBHI-mBHI-7_S630,AE-AE-mBHI-mBHI,True,1
155,H10,H10-mGAM,AE-AF-mGAM,D4-e003Coalescence-Inoculumn-mGAM,False,mGAM,H10-AE-AF-mGAM-mGAM,mGAM,AE-AF,3,Coalescence-F8-H10-AE-AF-mGAM-mGAM-3_S687,AE-AF-mGAM-mGAM,True,1
156,A5,A5-mGAM,AA-AF-mBHI,A5-e003Coalescence-Inoculumn-mBHI,False,mGAM,A5-AA-AF-mBHI-mGAM,mBHI,AA-AF,5,Coalescence-C8-A5-AA-AF-mBHI-mGAM-5_S651,AA-AF-mBHI-mGAM,True,1
158,C11,C11-mBHI,AE-AF-mGAM,C5-e003Coalescence-Inoculumn-mGAM,False,mBHI,C11-AE-AF-mGAM-mBHI,mGAM,AE-AF,7,Coalescence-A10-C11-AE-AF-mGAM-mBHI-7_S629,AE-AF-mGAM-mBHI,True,1
166,H5,H5-mBHI,AF-AF-mBHI,D5-e003Coalescence-Inoculumn-mBHI,False,mBHI,H5-AF-AF-mBHI-mBHI,mBHI,AF-AF,3,Coalescence-G1-H5-AF-AF-mBHI-mBHI-3_S692,AF-AF-mBHI-mBHI,True,1
168,E11,E11-mGAM,AA-AF-mGAM,A5-e003Coalescence-Inoculumn-mGAM,False,mGAM,E11-AA-AF-mGAM-mGAM,mGAM,AA-AF,7,Coalescence-B6-E11-AA-AF-mGAM-mGAM-7_S637,AA-AF-mGAM-mGAM,True,1
169,G3,G3-mGAM,AC/PP-AE-mBHI,C3-e003Coalescence-mBHI-inoculumn-redo,False,mGAM,G3-AC/PP-AE-mBHI-mGAM,mBHI,AC/PP-AE,7,Coalescence-B9-G3-ACPP-AE-mBHI-mGAM-7_S640,AC/PP-AE-mBHI-mGAM,True,1
173,B3,B3-mGAM,AC/PP-AC/PP-mBHI,B3-e003Coalescence-Inoculumn-mBHI,False,mGAM,B3-AC/PP-AC/PP-mBHI-mGAM,mBHI,AC/PP-AC/PP,3,Coalescence-D11-B3-ACPP-ACPP-mBHI-mGAM-3_S666,AC/PP-AC/PP-mBHI-mGAM,True,1
179,C8,C8-mGAM,AA-AE-mGAM,C2-e003Coalescence-Inoculumn-mGAM,False,mGAM,C8-AA-AE-mGAM-mGAM,mGAM,AA-AE,3,Coalescence-E7-C8-AA-AE-mGAM-mGAM-3_S674,AA-AE-mGAM-mGAM,True,1
181,B11,B11-mBHI,AC/PP-AF-mGAM,D3-e003Coalescence-Inoculumn-mGAM,False,mBHI,B11-AC/PP-AF-mGAM-mBHI,mGAM,AC/PP-AF,5,Coalescence-C11-B11-ACPP-AF-mGAM-mBHI-5_S654,AC/PP-AF-mGAM-mBHI,True,1
185,B3,B3-mGAM,AC/PP-AC/PP-mBHI,B3-e003Coalescence-Inoculumn-mBHI,False,mGAM,B3-AC/PP-AC/PP-mBHI-mGAM,mBHI,AC/PP-AC/PP,7,Coalescence-A7-B3-ACPP-ACPP-mBHI-mGAM-7_S626,AC/PP-AC/PP-mBHI-mGAM,True,1
188,B10,B10-mBHI,AC/PP-AE-mGAM,C3-e003Coalescence-Inoculumn-mGAM,False,mBHI,B10-AC/PP-AE-mGAM-mBHI,mGAM,AC/PP-AE,7,Coalescence-A4-B10-ACPP-AE-mGAM-mBHI-7_S623,AC/PP-AE-mGAM-mBHI,True,1
200,C3,C3-mBHI,AC/PP-AE-mBHI,C3-e003Coalescence-mBHI-inoculumn-redo,False,mBHI,C3-AC/PP-AE-mBHI-mBHI,mBHI,AC/PP-AE,3,Coalescence-E4-C3-ACPP-AE-mBHI-mBHI-3_S671,AC/PP-AE-mBHI-mBHI,True,1
202,E11,E11-mGAM,AA-AF-mGAM,A5-e003Coalescence-Inoculumn-mGAM,False,mGAM,E11-AA-AF-mGAM-mGAM,mGAM,AA-AF,3,Coalescence-F3-E11-AA-AF-mGAM-mGAM-3_S682,AA-AF-mGAM-mGAM,True,1
209,E3,E3-mBHI,AA-AC/PP-mBHI,B2-e003Coalescence-Inoculumn-mBHI,False,mBHI,E3-AA-AC/PP-mBHI-mBHI,mBHI,AA-AC/PP,7,Coalescence-B7-E3-AA-ACPP-mBHI-mBHI-7_S638,AA-AC/PP-mBHI-mBHI,True,1
211,B11,B11-mBHI,AC/PP-AF-mGAM,D3-e003Coalescence-Inoculumn-mGAM,False,mBHI,B11-AC/PP-AF-mGAM-mBHI,mGAM,AC/PP-AF,7,Coalescence-A5-B11-ACPP-AF-mGAM-mBHI-7_S624,AC/PP-AF-mGAM-mBHI,True,1
213,A3,A3-mGAM,AA-AC/PP-mBHI,B2-e003Coalescence-Inoculumn-mBHI,False,mGAM,A3-AA-AC/PP-mBHI-mGAM,mBHI,AA-AC/PP,5,Coalescence-C5-A3-AA-ACPP-mBHI-mGAM-5_S648,AA-AC/PP-mBHI-mGAM,True,1
214,C8,C8-mGAM,AA-AE-mGAM,C2-e003Coalescence-Inoculumn-mGAM,False,mGAM,C8-AA-AE-mGAM-mGAM,mGAM,AA-AE,3,Coalescence-F9-C8-AA-AE-mGAM-mGAM-3_S688,AA-AE-mGAM-mGAM,True,1
220,D3,D3-mBHI,AC/PP-AF-mBHI,D3-e003Coalescence-Inoculumn-mBHI,False,mBHI,D3-AC/PP-AF-mBHI-mBHI,mBHI,AC/PP-AF,3,Coalescence-E11-D3-ACPP-AF-mBHI-mBHI-3_S678,AC/PP-AF-mBHI-mBHI,True,1
