,sample,experiment,sub_experiment,comm,parent_subjects,is_inoculumn,parent_media,media,passage,mesocosm,single-subject,inoculumn,type_meso
0,A10-e003Coalescence-mBHI-p5,e003,e003Coalescence,A10,AA-AE,False,mGAM,mBHI,5,A10-AA-AE-mGAM-mBHI,False,AA-AE-mGAM,AA-AE-mGAM-mBHI
1,A10-e003Coalescence-mBHI-p7,e003,e003Coalescence,A10,AA-AE,False,mGAM,mBHI,7,A10-AA-AE-mGAM-mBHI,False,AA-AE-mGAM,AA-AE-mGAM-mBHI
2,A10-e003Coalescence-mGAM-p7,e003,e003Coalescence,A10,AA-AE,False,mGAM,mGAM,7,A10-AA-AE-mGAM-mGAM,False,AA-AE-mGAM,AA-AE-mGAM-mGAM
3,A11-e003Coalescence-mBHI-p5,e003,e003Coalescence,A11,AA-AF,False,mGAM,mBHI,5,A11-AA-AF-mGAM-mBHI,False,AA-AF-mGAM,AA-AF-mGAM-mBHI
4,A11-e003Coalescence-mBHI-p7,e003,e003Coalescence,A11,AA-AF,False,mGAM,mBHI,7,A11-AA-AF-mGAM-mBHI,False,AA-AF-mGAM,AA-AF-mGAM-mBHI
5,A11-e003Coalescence-mGAM-p7,e003,e003Coalescence,A11,AA-AF,False,mGAM,mGAM,7,A11-AA-AF-mGAM-mGAM,False,AA-AF-mGAM,AA-AF-mGAM-mGAM
6,A2-e003Coalescence-Inoculumn-mBHI,e003,e003Coalescence,A2,AA-AA,True,mBHI,mBHI,0,A2-AA-AA-mBHI-mBHI,True,AA-AA-mBHI,AA-AA-mBHI-mBHI
7,A2-e003Coalescence-Inoculumn-mGAM,e003,e003Coalescence,A2,AA-AA,True,mGAM,mGAM,0,A2-AA-AA-mGAM-mGAM,True,AA-AA-mGAM,AA-AA-mGAM-mGAM
8,A2-e003Coalescence-mBHI-inoculumn-redo,e003,e003Coalescence,A2,AA-AA,True,mBHI,mBHI,0,A2-AA-AA-mBHI-mBHI,True,AA-AA-mBHI,AA-AA-mBHI-mBHI
9,A2-e003Coalescence-mBHI-p3,e003,e003Coalescence,A2,AA-AA,False,mBHI,mBHI,3,A2-AA-AA-mBHI-mBHI,True,AA-AA-mBHI,AA-AA-mBHI-mBHI
10,A2-e003Coalescence-mBHI-p5,e003,e003Coalescence,A2,AA-AA,False,mBHI,mBHI,5,A2-AA-AA-mBHI-mBHI,True,AA-AA-mBHI,AA-AA-mBHI-mBHI
11,A2-e003Coalescence-mBHI-p7,e003,e003Coalescence,A2,AA-AA,False,mBHI,mBHI,7,A2-AA-AA-mBHI-mBHI,True,AA-AA-mBHI,AA-AA-mBHI-mBHI
12,A2-e003Coalescence-mGAM-p5,e003,e003Coalescence,A2,AA-AA,False,mBHI,mGAM,5,A2-AA-AA-mBHI-mGAM,True,AA-AA-mBHI,AA-AA-mBHI-mGAM
13,A2-e003Coalescence-mGAM-p7,e003,e003Coalescence,A2,AA-AA,False,mBHI,mGAM,7,A2-AA-AA-mBHI-mGAM,True,AA-AA-mBHI,AA-AA-mBHI-mGAM
14,A3-e003Coalescence-Inoculumn-mGAM,e003,e003Coalescence,A3,AA-AC/PP,True,mGAM,mGAM,0,A3-AA-AC/PP-mGAM-mGAM,False,AA-AC/PP-mGAM,AA-AC/PP-mGAM-mGAM
15,A3-e003Coalescence-mBHI-inoculumn-redo,e003,e003Coalescence,A3,AA-AC/PP,True,mBHI,mBHI,0,A3-AA-AC/PP-mBHI-mBHI,False,AA-AC/PP-mBHI,AA-AC/PP-mBHI-mBHI
16,A3-e003Coalescence-mBHI-p3,e003,e003Coalescence,A3,AA-AC/PP,False,mBHI,mBHI,3,A3-AA-AC/PP-mBHI-mBHI,False,AA-AC/PP-mBHI,AA-AC/PP-mBHI-mBHI
17,A3-e003Coalescence-mBHI-p5,e003,e003Coalescence,A3,AA-AC/PP,False,mBHI,mBHI,5,A3-AA-AC/PP-mBHI-mBHI,False,AA-AC/PP-mBHI,AA-AC/PP-mBHI-mBHI
18,A3-e003Coalescence-mBHI-p7,e003,e003Coalescence,A3,AA-AC/PP,False,mBHI,mBHI,7,A3-AA-AC/PP-mBHI-mBHI,False,AA-AC/PP-mBHI,AA-AC/PP-mBHI-mBHI
19,A3-e003Coalescence-mGAM-p3,e003,e003Coalescence,A3,AA-AC/PP,False,mBHI,mGAM,3,A3-AA-AC/PP-mBHI-mGAM,False,AA-AC/PP-mBHI,AA-AC/PP-mBHI-mGAM
20,A3-e003Coalescence-mGAM-p5,e003,e003Coalescence,A3,AA-AC/PP,False,mBHI,mGAM,5,A3-AA-AC/PP-mBHI-mGAM,False,AA-AC/PP-mBHI,AA-AC/PP-mBHI-mGAM
21,A3-e003Coalescence-mGAM-p7,e003,e003Coalescence,A3,AA-AC/PP,False,mBHI,mGAM,7,A3-AA-AC/PP-mBHI-mGAM,False,AA-AC/PP-mBHI,AA-AC/PP-mBHI-mGAM
22,A4-e003Coalescence-Inoculumn-mGAM,e003,e003Coalescence,A4,AA-AE,True,mGAM,mGAM,0,A4-AA-AE-mGAM-mGAM,False,AA-AE-mGAM,AA-AE-mGAM-mGAM
23,A4-e003Coalescence-mBHI-inoculumn-redo,e003,e003Coalescence,A4,AA-AE,True,mBHI,mBHI,0,A4-AA-AE-mBHI-mBHI,False,AA-AE-mBHI,AA-AE-mBHI-mBHI
24,A4-e003Coalescence-mBHI-p3,e003,e003Coalescence,A4,AA-AE,False,mBHI,mBHI,3,A4-AA-AE-mBHI-mBHI,False,AA-AE-mBHI,AA-AE-mBHI-mBHI
25,A4-e003Coalescence-mBHI-p5,e003,e003Coalescence,A4,AA-AE,False,mBHI,mBHI,5,A4-AA-AE-mBHI-mBHI,False,AA-AE-mBHI,AA-AE-mBHI-mBHI
26,A4-e003Coalescence-mBHI-p7,e003,e003Coalescence,A4,AA-AE,False,mBHI,mBHI,7,A4-AA-AE-mBHI-mBHI,False,AA-AE-mBHI,AA-AE-mBHI-mBHI
27,A4-e003Coalescence-mGAM-p3,e003,e003Coalescence,A4,AA-AE,False,mBHI,mGAM,3,A4-AA-AE-mBHI-mGAM,False,AA-AE-mBHI,AA-AE-mBHI-mGAM
28,A4-e003Coalescence-mGAM-p5,e003,e003Coalescence,A4,AA-AE,False,mBHI,mGAM,5,A4-AA-AE-mBHI-mGAM,False,AA-AE-mBHI,AA-AE-mBHI-mGAM
29,A5-e003Coalescence-Inoculumn-mBHI,e003,e003Coalescence,A5,AA-AF,True,mBHI,mBHI,0,A5-AA-AF-mBHI-mBHI,False,AA-AF-mBHI,AA-AF-mBHI-mBHI
30,A5-e003Coalescence-Inoculumn-mGAM,e003,e003Coalescence,A5,AA-AF,True,mGAM,mGAM,0,A5-AA-AF-mGAM-mGAM,False,AA-AF-mGAM,AA-AF-mGAM-mGAM
31,A5-e003Coalescence-mBHI-inoculumn-redo,e003,e003Coalescence,A5,AA-AF,True,mBHI,mBHI,0,A5-AA-AF-mBHI-mBHI,False,AA-AF-mBHI,AA-AF-mBHI-mBHI
32,A5-e003Coalescence-mBHI-p3,e003,e003Coalescence,A5,AA-AF,False,mBHI,mBHI,3,A5-AA-AF-mBHI-mBHI,False,AA-AF-mBHI,AA-AF-mBHI-mBHI
33,A5-e003Coalescence-mBHI-p5,e003,e003Coalescence,A5,AA-AF,False,mBHI,mBHI,5,A5-AA-AF-mBHI-mBHI,False,AA-AF-mBHI,AA-AF-mBHI-mBHI
34,A5-e003Coalescence-mBHI-p7,e003,e003Coalescence,A5,AA-AF,False,mBHI,mBHI,7,A5-AA-AF-mBHI-mBHI,False,AA-AF-mBHI,AA-AF-mBHI-mBHI
35,A5-e003Coalescence-mGAM-p3,e003,e003Coalescence,A5,AA-AF,False,mBHI,mGAM,3,A5-AA-AF-mBHI-mGAM,False,AA-AF-mBHI,AA-AF-mBHI-mGAM
36,A5-e003Coalescence-mGAM-p5,e003,e003Coalescence,A5,AA-AF,False,mBHI,mGAM,5,A5-AA-AF-mBHI-mGAM,False,AA-AF-mBHI,AA-AF-mBHI-mGAM
37,A8-e003Coalescence-mBHI-p3,e003,e003Coalescence,A8,AA-AA,False,mGAM,mBHI,3,A8-AA-AA-mGAM-mBHI,True,AA-AA-mGAM,AA-AA-mGAM-mBHI
38,A8-e003Coalescence-mBHI-p5,e003,e003Coalescence,A8,AA-AA,False,mGAM,mBHI,5,A8-AA-AA-mGAM-mBHI,True,AA-AA-mGAM,AA-AA-mGAM-mBHI
39,A8-e003Coalescence-mBHI-p7,e003,e003Coalescence,A8,AA-AA,False,mGAM,mBHI,7,A8-AA-AA-mGAM-mBHI,True,AA-AA-mGAM,AA-AA-mGAM-mBHI
40,A8-e003Coalescence-mGAM-p3,e003,e003Coalescence,A8,AA-AA,False,mGAM,mGAM,3,A8-AA-AA-mGAM-mGAM,True,AA-AA-mGAM,AA-AA-mGAM-mGAM
41,A8-e003Coalescence-mGAM-p7,e003,e003Coalescence,A8,AA-AA,False,mGAM,mGAM,7,A8-AA-AA-mGAM-mGAM,True,AA-AA-mGAM,AA-AA-mGAM-mGAM
42,A9-e003Coalescence-mBHI-p5,e003,e003Coalescence,A9,AA-AC/PP,False,mGAM,mBHI,5,A9-AA-AC/PP-mGAM-mBHI,False,AA-AC/PP-mGAM,AA-AC/PP-mGAM-mBHI
43,A9-e003Coalescence-mBHI-p7,e003,e003Coalescence,A9,AA-AC/PP,False,mGAM,mBHI,7,A9-AA-AC/PP-mGAM-mBHI,False,AA-AC/PP-mGAM,AA-AC/PP-mGAM-mBHI
44,A9-e003Coalescence-mGAM-p3,e003,e003Coalescence,A9,AA-AC/PP,False,mGAM,mGAM,3,A9-AA-AC/PP-mGAM-mGAM,False,AA-AC/PP-mGAM,AA-AC/PP-mGAM-mGAM
45,A9-e003Coalescence-mGAM-p5,e003,e003Coalescence,A9,AA-AC/PP,False,mGAM,mGAM,5,A9-AA-AC/PP-mGAM-mGAM,False,AA-AC/PP-mGAM,AA-AC/PP-mGAM-mGAM
46,A9-e003Coalescence-mGAM-p7,e003,e003Coalescence,A9,AA-AC/PP,False,mGAM,mGAM,7,A9-AA-AC/PP-mGAM-mGAM,False,AA-AC/PP-mGAM,AA-AC/PP-mGAM-mGAM
47,B10-e003Coalescence-mBHI-p5,e003,e003Coalescence,B10,AC/PP-AE,False,mGAM,mBHI,5,B10-AC/PP-AE-mGAM-mBHI,False,AC/PP-AE-mGAM,AC/PP-AE-mGAM-mBHI
48,B10-e003Coalescence-mGAM-p7,e003,e003Coalescence,B10,AC/PP-AE,False,mGAM,mGAM,7,B10-AC/PP-AE-mGAM-mGAM,False,AC/PP-AE-mGAM,AC/PP-AE-mGAM-mGAM
49,B11-e003Coalescence-mGAM-p7,e003,e003Coalescence,B11,AC/PP-AF,False,mGAM,mGAM,7,B11-AC/PP-AF-mGAM-mGAM,False,AC/PP-AF-mGAM,AC/PP-AF-mGAM-mGAM
50,B2-e003Coalescence-Inoculumn-mBHI,e003,e003Coalescence,B2,AC/PP-AA,True,mBHI,mBHI,0,B2-AC/PP-AA-mBHI-mBHI,False,AA-AC/PP-mBHI,AA-AC/PP-mBHI-mBHI
51,B2-e003Coalescence-Inoculumn-mGAM,e003,e003Coalescence,B2,AC/PP-AA,True,mGAM,mGAM,0,B2-AC/PP-AA-mGAM-mGAM,False,AA-AC/PP-mGAM,AA-AC/PP-mGAM-mGAM
52,B2-e003Coalescence-mBHI-p3,e003,e003Coalescence,B2,AC/PP-AA,False,mBHI,mBHI,3,B2-AC/PP-AA-mBHI-mBHI,False,AA-AC/PP-mBHI,AA-AC/PP-mBHI-mBHI
53,B2-e003Coalescence-mBHI-p5,e003,e003Coalescence,B2,AC/PP-AA,False,mBHI,mBHI,5,B2-AC/PP-AA-mBHI-mBHI,False,AA-AC/PP-mBHI,AA-AC/PP-mBHI-mBHI
54,B2-e003Coalescence-mBHI-p7,e003,e003Coalescence,B2,AC/PP-AA,False,mBHI,mBHI,7,B2-AC/PP-AA-mBHI-mBHI,False,AA-AC/PP-mBHI,AA-AC/PP-mBHI-mBHI
55,B2-e003Coalescence-mGAM-p3,e003,e003Coalescence,B2,AC/PP-AA,False,mBHI,mGAM,3,B2-AC/PP-AA-mBHI-mGAM,False,AA-AC/PP-mBHI,AA-AC/PP-mBHI-mGAM
56,B2-e003Coalescence-mGAM-p7,e003,e003Coalescence,B2,AC/PP-AA,False,mBHI,mGAM,7,B2-AC/PP-AA-mBHI-mGAM,False,AA-AC/PP-mBHI,AA-AC/PP-mBHI-mGAM
57,B3-e003Coalescence-Inoculumn-mBHI,e003,e003Coalescence,B3,AC/PP-AC/PP,True,mBHI,mBHI,0,B3-AC/PP-AC/PP-mBHI-mBHI,True,AC/PP-AC/PP-mBHI,AC/PP-AC/PP-mBHI-mBHI
58,B3-e003Coalescence-Inoculumn-mGAM,e003,e003Coalescence,B3,AC/PP-AC/PP,True,mGAM,mGAM,0,B3-AC/PP-AC/PP-mGAM-mGAM,True,AC/PP-AC/PP-mGAM,AC/PP-AC/PP-mGAM-mGAM
59,B3-e003Coalescence-mBHI-p3,e003,e003Coalescence,B3,AC/PP-AC/PP,False,mBHI,mBHI,3,B3-AC/PP-AC/PP-mBHI-mBHI,True,AC/PP-AC/PP-mBHI,AC/PP-AC/PP-mBHI-mBHI
60,B3-e003Coalescence-mBHI-p5,e003,e003Coalescence,B3,AC/PP-AC/PP,False,mBHI,mBHI,5,B3-AC/PP-AC/PP-mBHI-mBHI,True,AC/PP-AC/PP-mBHI,AC/PP-AC/PP-mBHI-mBHI
61,B3-e003Coalescence-mBHI-p7,e003,e003Coalescence,B3,AC/PP-AC/PP,False,mBHI,mBHI,7,B3-AC/PP-AC/PP-mBHI-mBHI,True,AC/PP-AC/PP-mBHI,AC/PP-AC/PP-mBHI-mBHI
62,B3-e003Coalescence-mGAM-p5,e003,e003Coalescence,B3,AC/PP-AC/PP,False,mBHI,mGAM,5,B3-AC/PP-AC/PP-mBHI-mGAM,True,AC/PP-AC/PP-mBHI,AC/PP-AC/PP-mBHI-mGAM
63,B4-e003Coalescence-Inoculumn-mBHI,e003,e003Coalescence,B4,AC/PP-AE,True,mBHI,mBHI,0,B4-AC/PP-AE-mBHI-mBHI,False,AC/PP-AE-mBHI,AC/PP-AE-mBHI-mBHI
64,B4-e003Coalescence-Inoculumn-mGAM,e003,e003Coalescence,B4,AC/PP-AE,True,mGAM,mGAM,0,B4-AC/PP-AE-mGAM-mGAM,False,AC/PP-AE-mGAM,AC/PP-AE-mGAM-mGAM
65,B4-e003Coalescence-mBHI-p3,e003,e003Coalescence,B4,AC/PP-AE,False,mBHI,mBHI,3,B4-AC/PP-AE-mBHI-mBHI,False,AC/PP-AE-mBHI,AC/PP-AE-mBHI-mBHI
66,B4-e003Coalescence-mBHI-p5,e003,e003Coalescence,B4,AC/PP-AE,False,mBHI,mBHI,5,B4-AC/PP-AE-mBHI-mBHI,False,AC/PP-AE-mBHI,AC/PP-AE-mBHI-mBHI
67,B4-e003Coalescence-mBHI-p7,e003,e003Coalescence,B4,AC/PP-AE,False,mBHI,mBHI,7,B4-AC/PP-AE-mBHI-mBHI,False,AC/PP-AE-mBHI,AC/PP-AE-mBHI-mBHI
68,B4-e003Coalescence-mGAM-p5,e003,e003Coalescence,B4,AC/PP-AE,False,mBHI,mGAM,5,B4-AC/PP-AE-mBHI-mGAM,False,AC/PP-AE-mBHI,AC/PP-AE-mBHI-mGAM
69,B5-e003Coalescence-Inoculumn-mBHI,e003,e003Coalescence,B5,AC/PP-AF,True,mBHI,mBHI,0,B5-AC/PP-AF-mBHI-mBHI,False,AC/PP-AF-mBHI,AC/PP-AF-mBHI-mBHI
70,B5-e003Coalescence-Inoculumn-mGAM,e003,e003Coalescence,B5,AC/PP-AF,True,mGAM,mGAM,0,B5-AC/PP-AF-mGAM-mGAM,False,AC/PP-AF-mGAM,AC/PP-AF-mGAM-mGAM
71,B5-e003Coalescence-mBHI-p3,e003,e003Coalescence,B5,AC/PP-AF,False,mBHI,mBHI,3,B5-AC/PP-AF-mBHI-mBHI,False,AC/PP-AF-mBHI,AC/PP-AF-mBHI-mBHI
72,B5-e003Coalescence-mBHI-p5,e003,e003Coalescence,B5,AC/PP-AF,False,mBHI,mBHI,5,B5-AC/PP-AF-mBHI-mBHI,False,AC/PP-AF-mBHI,AC/PP-AF-mBHI-mBHI
73,B5-e003Coalescence-mBHI-p7,e003,e003Coalescence,B5,AC/PP-AF,False,mBHI,mBHI,7,B5-AC/PP-AF-mBHI-mBHI,False,AC/PP-AF-mBHI,AC/PP-AF-mBHI-mBHI
74,B5-e003Coalescence-mGAM-p3,e003,e003Coalescence,B5,AC/PP-AF,False,mBHI,mGAM,3,B5-AC/PP-AF-mBHI-mGAM,False,AC/PP-AF-mBHI,AC/PP-AF-mBHI-mGAM
75,B5-e003Coalescence-mGAM-p5,e003,e003Coalescence,B5,AC/PP-AF,False,mBHI,mGAM,5,B5-AC/PP-AF-mBHI-mGAM,False,AC/PP-AF-mBHI,AC/PP-AF-mBHI-mGAM
76,B5-e003Coalescence-mGAM-p7,e003,e003Coalescence,B5,AC/PP-AF,False,mBHI,mGAM,7,B5-AC/PP-AF-mBHI-mGAM,False,AC/PP-AF-mBHI,AC/PP-AF-mBHI-mGAM
77,B8-e003Coalescence-mBHI-p3,e003,e003Coalescence,B8,AC/PP-AA,False,mGAM,mBHI,3,B8-AC/PP-AA-mGAM-mBHI,False,AA-AC/PP-mGAM,AA-AC/PP-mGAM-mBHI
78,B8-e003Coalescence-mBHI-p5,e003,e003Coalescence,B8,AC/PP-AA,False,mGAM,mBHI,5,B8-AC/PP-AA-mGAM-mBHI,False,AA-AC/PP-mGAM,AA-AC/PP-mGAM-mBHI
79,B8-e003Coalescence-mBHI-p7,e003,e003Coalescence,B8,AC/PP-AA,False,mGAM,mBHI,7,B8-AC/PP-AA-mGAM-mBHI,False,AA-AC/PP-mGAM,AA-AC/PP-mGAM-mBHI
80,B8-e003Coalescence-mGAM-p3,e003,e003Coalescence,B8,AC/PP-AA,False,mGAM,mGAM,3,B8-AC/PP-AA-mGAM-mGAM,False,AA-AC/PP-mGAM,AA-AC/PP-mGAM-mGAM
81,B8-e003Coalescence-mGAM-p5,e003,e003Coalescence,B8,AC/PP-AA,False,mGAM,mGAM,5,B8-AC/PP-AA-mGAM-mGAM,False,AA-AC/PP-mGAM,AA-AC/PP-mGAM-mGAM
82,B8-e003Coalescence-mGAM-p7,e003,e003Coalescence,B8,AC/PP-AA,False,mGAM,mGAM,7,B8-AC/PP-AA-mGAM-mGAM,False,AA-AC/PP-mGAM,AA-AC/PP-mGAM-mGAM
83,B9-e003Coalescence-mBHI-p3,e003,e003Coalescence,B9,AC/PP-AC/PP,False,mGAM,mBHI,3,B9-AC/PP-AC/PP-mGAM-mBHI,True,AC/PP-AC/PP-mGAM,AC/PP-AC/PP-mGAM-mBHI
84,B9-e003Coalescence-mBHI-p5,e003,e003Coalescence,B9,AC/PP-AC/PP,False,mGAM,mBHI,5,B9-AC/PP-AC/PP-mGAM-mBHI,True,AC/PP-AC/PP-mGAM,AC/PP-AC/PP-mGAM-mBHI
85,B9-e003Coalescence-mBHI-p7,e003,e003Coalescence,B9,AC/PP-AC/PP,False,mGAM,mBHI,7,B9-AC/PP-AC/PP-mGAM-mBHI,True,AC/PP-AC/PP-mGAM,AC/PP-AC/PP-mGAM-mBHI
86,B9-e003Coalescence-mGAM-p3,e003,e003Coalescence,B9,AC/PP-AC/PP,False,mGAM,mGAM,3,B9-AC/PP-AC/PP-mGAM-mGAM,True,AC/PP-AC/PP-mGAM,AC/PP-AC/PP-mGAM-mGAM
87,B9-e003Coalescence-mGAM-p5,e003,e003Coalescence,B9,AC/PP-AC/PP,False,mGAM,mGAM,5,B9-AC/PP-AC/PP-mGAM-mGAM,True,AC/PP-AC/PP-mGAM,AC/PP-AC/PP-mGAM-mGAM
88,B9-e003Coalescence-mGAM-p7,e003,e003Coalescence,B9,AC/PP-AC/PP,False,mGAM,mGAM,7,B9-AC/PP-AC/PP-mGAM-mGAM,True,AC/PP-AC/PP-mGAM,AC/PP-AC/PP-mGAM-mGAM
89,C10-e003Coalescence-mBHI-p5,e003,e003Coalescence,C10,AE-AE,False,mGAM,mBHI,5,C10-AE-AE-mGAM-mBHI,True,AE-AE-mGAM,AE-AE-mGAM-mBHI
90,C10-e003Coalescence-mBHI-p7,e003,e003Coalescence,C10,AE-AE,False,mGAM,mBHI,7,C10-AE-AE-mGAM-mBHI,True,AE-AE-mGAM,AE-AE-mGAM-mBHI
91,C10-e003Coalescence-mGAM-p5,e003,e003Coalescence,C10,AE-AE,False,mGAM,mGAM,5,C10-AE-AE-mGAM-mGAM,True,AE-AE-mGAM,AE-AE-mGAM-mGAM
92,C10-e003Coalescence-mGAM-p7,e003,e003Coalescence,C10,AE-AE,False,mGAM,mGAM,7,C10-AE-AE-mGAM-mGAM,True,AE-AE-mGAM,AE-AE-mGAM-mGAM
93,C11-e003Coalescence-mBHI-p5,e003,e003Coalescence,C11,AE-AF,False,mGAM,mBHI,5,C11-AE-AF-mGAM-mBHI,False,AE-AF-mGAM,AE-AF-mGAM-mBHI
94,C11-e003Coalescence-mGAM-p5,e003,e003Coalescence,C11,AE-AF,False,mGAM,mGAM,5,C11-AE-AF-mGAM-mGAM,False,AE-AF-mGAM,AE-AF-mGAM-mGAM
95,C11-e003Coalescence-mGAM-p7,e003,e003Coalescence,C11,AE-AF,False,mGAM,mGAM,7,C11-AE-AF-mGAM-mGAM,False,AE-AF-mGAM,AE-AF-mGAM-mGAM
96,C2-e003Coalescence-Inoculumn-mGAM,e003,e003Coalescence,C2,AE-AA,True,mGAM,mGAM,0,C2-AE-AA-mGAM-mGAM,False,AA-AE-mGAM,AA-AE-mGAM-mGAM
97,C2-e003Coalescence-mBHI-inoculumn-redo,e003,e003Coalescence,C2,AE-AA,True,mBHI,mBHI,0,C2-AE-AA-mBHI-mBHI,False,AA-AE-mBHI,AA-AE-mBHI-mBHI
98,C2-e003Coalescence-mBHI-p3,e003,e003Coalescence,C2,AE-AA,False,mBHI,mBHI,3,C2-AE-AA-mBHI-mBHI,False,AA-AE-mBHI,AA-AE-mBHI-mBHI
99,C2-e003Coalescence-mBHI-p5,e003,e003Coalescence,C2,AE-AA,False,mBHI,mBHI,5,C2-AE-AA-mBHI-mBHI,False,AA-AE-mBHI,AA-AE-mBHI-mBHI
100,C2-e003Coalescence-mBHI-p7,e003,e003Coalescence,C2,AE-AA,False,mBHI,mBHI,7,C2-AE-AA-mBHI-mBHI,False,AA-AE-mBHI,AA-AE-mBHI-mBHI
101,C2-e003Coalescence-mGAM-p3,e003,e003Coalescence,C2,AE-AA,False,mBHI,mGAM,3,C2-AE-AA-mBHI-mGAM,False,AA-AE-mBHI,AA-AE-mBHI-mGAM
102,C2-e003Coalescence-mGAM-p5,e003,e003Coalescence,C2,AE-AA,False,mBHI,mGAM,5,C2-AE-AA-mBHI-mGAM,False,AA-AE-mBHI,AA-AE-mBHI-mGAM
103,C2-e003Coalescence-mGAM-p7,e003,e003Coalescence,C2,AE-AA,False,mBHI,mGAM,7,C2-AE-AA-mBHI-mGAM,False,AA-AE-mBHI,AA-AE-mBHI-mGAM
104,C3-e003Coalescence-Inoculumn-mGAM,e003,e003Coalescence,C3,AE-AC/PP,True,mGAM,mGAM,0,C3-AE-AC/PP-mGAM-mGAM,False,AC/PP-AE-mGAM,AC/PP-AE-mGAM-mGAM
105,C3-e003Coalescence-mBHI-inoculumn-redo,e003,e003Coalescence,C3,AE-AC/PP,True,mBHI,mBHI,0,C3-AE-AC/PP-mBHI-mBHI,False,AC/PP-AE-mBHI,AC/PP-AE-mBHI-mBHI
106,C3-e003Coalescence-mBHI-p3,e003,e003Coalescence,C3,AE-AC/PP,False,mBHI,mBHI,3,C3-AE-AC/PP-mBHI-mBHI,False,AC/PP-AE-mBHI,AC/PP-AE-mBHI-mBHI
107,C3-e003Coalescence-mBHI-p5,e003,e003Coalescence,C3,AE-AC/PP,False,mBHI,mBHI,5,C3-AE-AC/PP-mBHI-mBHI,False,AC/PP-AE-mBHI,AC/PP-AE-mBHI-mBHI
108,C3-e003Coalescence-mBHI-p7,e003,e003Coalescence,C3,AE-AC/PP,False,mBHI,mBHI,7,C3-AE-AC/PP-mBHI-mBHI,False,AC/PP-AE-mBHI,AC/PP-AE-mBHI-mBHI
109,C3-e003Coalescence-mGAM-p3,e003,e003Coalescence,C3,AE-AC/PP,False,mBHI,mGAM,3,C3-AE-AC/PP-mBHI-mGAM,False,AC/PP-AE-mBHI,AC/PP-AE-mBHI-mGAM
110,C3-e003Coalescence-mGAM-p5,e003,e003Coalescence,C3,AE-AC/PP,False,mBHI,mGAM,5,C3-AE-AC/PP-mBHI-mGAM,False,AC/PP-AE-mBHI,AC/PP-AE-mBHI-mGAM
111,C3-e003Coalescence-mGAM-p7,e003,e003Coalescence,C3,AE-AC/PP,False,mBHI,mGAM,7,C3-AE-AC/PP-mBHI-mGAM,False,AC/PP-AE-mBHI,AC/PP-AE-mBHI-mGAM
112,C4-e003Coalescence-Inoculumn-mGAM,e003,e003Coalescence,C4,AE-AE,True,mGAM,mGAM,0,C4-AE-AE-mGAM-mGAM,True,AE-AE-mGAM,AE-AE-mGAM-mGAM
113,C4-e003Coalescence-mBHI-inoculumn-redo,e003,e003Coalescence,C4,AE-AE,True,mBHI,mBHI,0,C4-AE-AE-mBHI-mBHI,True,AE-AE-mBHI,AE-AE-mBHI-mBHI
114,C4-e003Coalescence-mBHI-p3,e003,e003Coalescence,C4,AE-AE,False,mBHI,mBHI,3,C4-AE-AE-mBHI-mBHI,True,AE-AE-mBHI,AE-AE-mBHI-mBHI
115,C4-e003Coalescence-mBHI-p5,e003,e003Coalescence,C4,AE-AE,False,mBHI,mBHI,5,C4-AE-AE-mBHI-mBHI,True,AE-AE-mBHI,AE-AE-mBHI-mBHI
116,C4-e003Coalescence-mBHI-p7,e003,e003Coalescence,C4,AE-AE,False,mBHI,mBHI,7,C4-AE-AE-mBHI-mBHI,True,AE-AE-mBHI,AE-AE-mBHI-mBHI
117,C4-e003Coalescence-mGAM-p3,e003,e003Coalescence,C4,AE-AE,False,mBHI,mGAM,3,C4-AE-AE-mBHI-mGAM,True,AE-AE-mBHI,AE-AE-mBHI-mGAM
118,C4-e003Coalescence-mGAM-p5,e003,e003Coalescence,C4,AE-AE,False,mBHI,mGAM,5,C4-AE-AE-mBHI-mGAM,True,AE-AE-mBHI,AE-AE-mBHI-mGAM
119,C4-e003Coalescence-mGAM-p7,e003,e003Coalescence,C4,AE-AE,False,mBHI,mGAM,7,C4-AE-AE-mBHI-mGAM,True,AE-AE-mBHI,AE-AE-mBHI-mGAM
120,C5-e003Coalescence-Inoculumn-mGAM,e003,e003Coalescence,C5,AE-AF,True,mGAM,mGAM,0,C5-AE-AF-mGAM-mGAM,False,AE-AF-mGAM,AE-AF-mGAM-mGAM
121,C5-e003Coalescence-mBHI-inoculumn-redo,e003,e003Coalescence,C5,AE-AF,True,mBHI,mBHI,0,C5-AE-AF-mBHI-mBHI,False,AE-AF-mBHI,AE-AF-mBHI-mBHI
122,C5-e003Coalescence-mBHI-p3,e003,e003Coalescence,C5,AE-AF,False,mBHI,mBHI,3,C5-AE-AF-mBHI-mBHI,False,AE-AF-mBHI,AE-AF-mBHI-mBHI
123,C5-e003Coalescence-mBHI-p5,e003,e003Coalescence,C5,AE-AF,False,mBHI,mBHI,5,C5-AE-AF-mBHI-mBHI,False,AE-AF-mBHI,AE-AF-mBHI-mBHI
124,C5-e003Coalescence-mBHI-p7,e003,e003Coalescence,C5,AE-AF,False,mBHI,mBHI,7,C5-AE-AF-mBHI-mBHI,False,AE-AF-mBHI,AE-AF-mBHI-mBHI
125,C5-e003Coalescence-mGAM-p3,e003,e003Coalescence,C5,AE-AF,False,mBHI,mGAM,3,C5-AE-AF-mBHI-mGAM,False,AE-AF-mBHI,AE-AF-mBHI-mGAM
126,C5-e003Coalescence-mGAM-p5,e003,e003Coalescence,C5,AE-AF,False,mBHI,mGAM,5,C5-AE-AF-mBHI-mGAM,False,AE-AF-mBHI,AE-AF-mBHI-mGAM
127,C5-e003Coalescence-mGAM-p7,e003,e003Coalescence,C5,AE-AF,False,mBHI,mGAM,7,C5-AE-AF-mBHI-mGAM,False,AE-AF-mBHI,AE-AF-mBHI-mGAM
128,C8-e003Coalescence-mBHI-p3,e003,e003Coalescence,C8,AE-AA,False,mGAM,mBHI,3,C8-AE-AA-mGAM-mBHI,False,AA-AE-mGAM,AA-AE-mGAM-mBHI
129,C8-e003Coalescence-mBHI-p5,e003,e003Coalescence,C8,AE-AA,False,mGAM,mBHI,5,C8-AE-AA-mGAM-mBHI,False,AA-AE-mGAM,AA-AE-mGAM-mBHI
130,C8-e003Coalescence-mBHI-p7,e003,e003Coalescence,C8,AE-AA,False,mGAM,mBHI,7,C8-AE-AA-mGAM-mBHI,False,AA-AE-mGAM,AA-AE-mGAM-mBHI
131,C8-e003Coalescence-mGAM-p3,e003,e003Coalescence,C8,AE-AA,False,mGAM,mGAM,3,C8-AE-AA-mGAM-mGAM,False,AA-AE-mGAM,AA-AE-mGAM-mGAM
132,C8-e003Coalescence-mGAM-p5,e003,e003Coalescence,C8,AE-AA,False,mGAM,mGAM,5,C8-AE-AA-mGAM-mGAM,False,AA-AE-mGAM,AA-AE-mGAM-mGAM
133,C8-e003Coalescence-mGAM-p7,e003,e003Coalescence,C8,AE-AA,False,mGAM,mGAM,7,C8-AE-AA-mGAM-mGAM,False,AA-AE-mGAM,AA-AE-mGAM-mGAM
134,C9-e003Coalescence-mBHI-p3,e003,e003Coalescence,C9,AE-AC/PP,False,mGAM,mBHI,3,C9-AE-AC/PP-mGAM-mBHI,False,AC/PP-AE-mGAM,AC/PP-AE-mGAM-mBHI
135,C9-e003Coalescence-mBHI-p5,e003,e003Coalescence,C9,AE-AC/PP,False,mGAM,mBHI,5,C9-AE-AC/PP-mGAM-mBHI,False,AC/PP-AE-mGAM,AC/PP-AE-mGAM-mBHI
136,C9-e003Coalescence-mBHI-p7,e003,e003Coalescence,C9,AE-AC/PP,False,mGAM,mBHI,7,C9-AE-AC/PP-mGAM-mBHI,False,AC/PP-AE-mGAM,AC/PP-AE-mGAM-mBHI
137,C9-e003Coalescence-mGAM-p3,e003,e003Coalescence,C9,AE-AC/PP,False,mGAM,mGAM,3,C9-AE-AC/PP-mGAM-mGAM,False,AC/PP-AE-mGAM,AC/PP-AE-mGAM-mGAM
138,C9-e003Coalescence-mGAM-p5,e003,e003Coalescence,C9,AE-AC/PP,False,mGAM,mGAM,5,C9-AE-AC/PP-mGAM-mGAM,False,AC/PP-AE-mGAM,AC/PP-AE-mGAM-mGAM
139,C9-e003Coalescence-mGAM-p7,e003,e003Coalescence,C9,AE-AC/PP,False,mGAM,mGAM,7,C9-AE-AC/PP-mGAM-mGAM,False,AC/PP-AE-mGAM,AC/PP-AE-mGAM-mGAM
140,D10-e003Coalescence-mBHI-p5,e003,e003Coalescence,D10,AF-AE,False,mGAM,mBHI,5,D10-AF-AE-mGAM-mBHI,False,AE-AF-mGAM,AE-AF-mGAM-mBHI
141,D10-e003Coalescence-mBHI-p7,e003,e003Coalescence,D10,AF-AE,False,mGAM,mBHI,7,D10-AF-AE-mGAM-mBHI,False,AE-AF-mGAM,AE-AF-mGAM-mBHI
142,D10-e003Coalescence-mGAM-p5,e003,e003Coalescence,D10,AF-AE,False,mGAM,mGAM,5,D10-AF-AE-mGAM-mGAM,False,AE-AF-mGAM,AE-AF-mGAM-mGAM
143,D10-e003Coalescence-mGAM-p7,e003,e003Coalescence,D10,AF-AE,False,mGAM,mGAM,7,D10-AF-AE-mGAM-mGAM,False,AE-AF-mGAM,AE-AF-mGAM-mGAM
144,D11-e003Coalescence-mBHI-p5,e003,e003Coalescence,D11,AF-AF,False,mGAM,mBHI,5,D11-AF-AF-mGAM-mBHI,True,AF-AF-mGAM,AF-AF-mGAM-mBHI
145,D11-e003Coalescence-mGAM-p5,e003,e003Coalescence,D11,AF-AF,False,mGAM,mGAM,5,D11-AF-AF-mGAM-mGAM,True,AF-AF-mGAM,AF-AF-mGAM-mGAM
146,D11-e003Coalescence-mGAM-p7,e003,e003Coalescence,D11,AF-AF,False,mGAM,mGAM,7,D11-AF-AF-mGAM-mGAM,True,AF-AF-mGAM,AF-AF-mGAM-mGAM
147,D2-e003Coalescence-Inoculumn-mBHI,e003,e003Coalescence,D2,AF-AA,True,mBHI,mBHI,0,D2-AF-AA-mBHI-mBHI,False,AA-AF-mBHI,AA-AF-mBHI-mBHI
148,D2-e003Coalescence-Inoculumn-mGAM,e003,e003Coalescence,D2,AF-AA,True,mGAM,mGAM,0,D2-AF-AA-mGAM-mGAM,False,AA-AF-mGAM,AA-AF-mGAM-mGAM
149,D2-e003Coalescence-mBHI-p3,e003,e003Coalescence,D2,AF-AA,False,mBHI,mBHI,3,D2-AF-AA-mBHI-mBHI,False,AA-AF-mBHI,AA-AF-mBHI-mBHI
150,D2-e003Coalescence-mBHI-p5,e003,e003Coalescence,D2,AF-AA,False,mBHI,mBHI,5,D2-AF-AA-mBHI-mBHI,False,AA-AF-mBHI,AA-AF-mBHI-mBHI
151,D2-e003Coalescence-mBHI-p7,e003,e003Coalescence,D2,AF-AA,False,mBHI,mBHI,7,D2-AF-AA-mBHI-mBHI,False,AA-AF-mBHI,AA-AF-mBHI-mBHI
152,D2-e003Coalescence-mGAM-p5,e003,e003Coalescence,D2,AF-AA,False,mBHI,mGAM,5,D2-AF-AA-mBHI-mGAM,False,AA-AF-mBHI,AA-AF-mBHI-mGAM
153,D3-e003Coalescence-Inoculumn-mBHI,e003,e003Coalescence,D3,AF-AC/PP,True,mBHI,mBHI,0,D3-AF-AC/PP-mBHI-mBHI,False,AC/PP-AF-mBHI,AC/PP-AF-mBHI-mBHI
154,D3-e003Coalescence-Inoculumn-mGAM,e003,e003Coalescence,D3,AF-AC/PP,True,mGAM,mGAM,0,D3-AF-AC/PP-mGAM-mGAM,False,AC/PP-AF-mGAM,AC/PP-AF-mGAM-mGAM
155,D3-e003Coalescence-mBHI-p5,e003,e003Coalescence,D3,AF-AC/PP,False,mBHI,mBHI,5,D3-AF-AC/PP-mBHI-mBHI,False,AC/PP-AF-mBHI,AC/PP-AF-mBHI-mBHI
156,D3-e003Coalescence-mBHI-p7,e003,e003Coalescence,D3,AF-AC/PP,False,mBHI,mBHI,7,D3-AF-AC/PP-mBHI-mBHI,False,AC/PP-AF-mBHI,AC/PP-AF-mBHI-mBHI
157,D3-e003Coalescence-mGAM-p3,e003,e003Coalescence,D3,AF-AC/PP,False,mBHI,mGAM,3,D3-AF-AC/PP-mBHI-mGAM,False,AC/PP-AF-mBHI,AC/PP-AF-mBHI-mGAM
158,D3-e003Coalescence-mGAM-p5,e003,e003Coalescence,D3,AF-AC/PP,False,mBHI,mGAM,5,D3-AF-AC/PP-mBHI-mGAM,False,AC/PP-AF-mBHI,AC/PP-AF-mBHI-mGAM
159,D4-e003Coalescence-Inoculumn-mBHI,e003,e003Coalescence,D4,AF-AE,True,mBHI,mBHI,0,D4-AF-AE-mBHI-mBHI,False,AE-AF-mBHI,AE-AF-mBHI-mBHI
160,D4-e003Coalescence-Inoculumn-mGAM,e003,e003Coalescence,D4,AF-AE,True,mGAM,mGAM,0,D4-AF-AE-mGAM-mGAM,False,AE-AF-mGAM,AE-AF-mGAM-mGAM
161,D4-e003Coalescence-mBHI-p3,e003,e003Coalescence,D4,AF-AE,False,mBHI,mBHI,3,D4-AF-AE-mBHI-mBHI,False,AE-AF-mBHI,AE-AF-mBHI-mBHI
162,D4-e003Coalescence-mBHI-p5,e003,e003Coalescence,D4,AF-AE,False,mBHI,mBHI,5,D4-AF-AE-mBHI-mBHI,False,AE-AF-mBHI,AE-AF-mBHI-mBHI
163,D4-e003Coalescence-mBHI-p7,e003,e003Coalescence,D4,AF-AE,False,mBHI,mBHI,7,D4-AF-AE-mBHI-mBHI,False,AE-AF-mBHI,AE-AF-mBHI-mBHI
164,D4-e003Coalescence-mGAM-p3,e003,e003Coalescence,D4,AF-AE,False,mBHI,mGAM,3,D4-AF-AE-mBHI-mGAM,False,AE-AF-mBHI,AE-AF-mBHI-mGAM
165,D4-e003Coalescence-mGAM-p5,e003,e003Coalescence,D4,AF-AE,False,mBHI,mGAM,5,D4-AF-AE-mBHI-mGAM,False,AE-AF-mBHI,AE-AF-mBHI-mGAM
166,D4-e003Coalescence-mGAM-p7,e003,e003Coalescence,D4,AF-AE,False,mBHI,mGAM,7,D4-AF-AE-mBHI-mGAM,False,AE-AF-mBHI,AE-AF-mBHI-mGAM
167,D5-e003Coalescence-Inoculumn-mBHI,e003,e003Coalescence,D5,AF-AF,True,mBHI,mBHI,0,D5-AF-AF-mBHI-mBHI,True,AF-AF-mBHI,AF-AF-mBHI-mBHI
168,D5-e003Coalescence-Inoculumn-mGAM,e003,e003Coalescence,D5,AF-AF,True,mGAM,mGAM,0,D5-AF-AF-mGAM-mGAM,True,AF-AF-mGAM,AF-AF-mGAM-mGAM
169,D5-e003Coalescence-mBHI-p3,e003,e003Coalescence,D5,AF-AF,False,mBHI,mBHI,3,D5-AF-AF-mBHI-mBHI,True,AF-AF-mBHI,AF-AF-mBHI-mBHI
170,D5-e003Coalescence-mBHI-p5,e003,e003Coalescence,D5,AF-AF,False,mBHI,mBHI,5,D5-AF-AF-mBHI-mBHI,True,AF-AF-mBHI,AF-AF-mBHI-mBHI
171,D5-e003Coalescence-mBHI-p7,e003,e003Coalescence,D5,AF-AF,False,mBHI,mBHI,7,D5-AF-AF-mBHI-mBHI,True,AF-AF-mBHI,AF-AF-mBHI-mBHI
172,D5-e003Coalescence-mGAM-p3,e003,e003Coalescence,D5,AF-AF,False,mBHI,mGAM,3,D5-AF-AF-mBHI-mGAM,True,AF-AF-mBHI,AF-AF-mBHI-mGAM
173,D5-e003Coalescence-mGAM-p5,e003,e003Coalescence,D5,AF-AF,False,mBHI,mGAM,5,D5-AF-AF-mBHI-mGAM,True,AF-AF-mBHI,AF-AF-mBHI-mGAM
174,D5-e003Coalescence-mGAM-p7,e003,e003Coalescence,D5,AF-AF,False,mBHI,mGAM,7,D5-AF-AF-mBHI-mGAM,True,AF-AF-mBHI,AF-AF-mBHI-mGAM
175,D8-e003Coalescence-mBHI-p3,e003,e003Coalescence,D8,AF-AA,False,mGAM,mBHI,3,D8-AF-AA-mGAM-mBHI,False,AA-AF-mGAM,AA-AF-mGAM-mBHI
176,D8-e003Coalescence-mBHI-p5,e003,e003Coalescence,D8,AF-AA,False,mGAM,mBHI,5,D8-AF-AA-mGAM-mBHI,False,AA-AF-mGAM,AA-AF-mGAM-mBHI
177,D8-e003Coalescence-mGAM-p3,e003,e003Coalescence,D8,AF-AA,False,mGAM,mGAM,3,D8-AF-AA-mGAM-mGAM,False,AA-AF-mGAM,AA-AF-mGAM-mGAM
178,D8-e003Coalescence-mGAM-p5,e003,e003Coalescence,D8,AF-AA,False,mGAM,mGAM,5,D8-AF-AA-mGAM-mGAM,False,AA-AF-mGAM,AA-AF-mGAM-mGAM
179,D9-e003Coalescence-mBHI-p3,e003,e003Coalescence,D9,AF-AC/PP,False,mGAM,mBHI,3,D9-AF-AC/PP-mGAM-mBHI,False,AC/PP-AF-mGAM,AC/PP-AF-mGAM-mBHI
180,D9-e003Coalescence-mBHI-p5,e003,e003Coalescence,D9,AF-AC/PP,False,mGAM,mBHI,5,D9-AF-AC/PP-mGAM-mBHI,False,AC/PP-AF-mGAM,AC/PP-AF-mGAM-mBHI
181,D9-e003Coalescence-mBHI-p7,e003,e003Coalescence,D9,AF-AC/PP,False,mGAM,mBHI,7,D9-AF-AC/PP-mGAM-mBHI,False,AC/PP-AF-mGAM,AC/PP-AF-mGAM-mBHI
182,D9-e003Coalescence-mGAM-p5,e003,e003Coalescence,D9,AF-AC/PP,False,mGAM,mGAM,5,D9-AF-AC/PP-mGAM-mGAM,False,AC/PP-AF-mGAM,AC/PP-AF-mGAM-mGAM
183,D9-e003Coalescence-mGAM-p7,e003,e003Coalescence,D9,AF-AC/PP,False,mGAM,mGAM,7,D9-AF-AC/PP-mGAM-mGAM,False,AC/PP-AF-mGAM,AC/PP-AF-mGAM-mGAM
