,sample_name,round2,sample,ise003,comm,is_inoculumn,passage,media,parent_media,parent_subjects,mesocosm,type_mesocosm,inoculumn,inoculumn_sample,sample2,sample_name2
1,C9-e003Coalescence-mGAM-p3,False,C9-e003Coalescence-mGAM-p3,True,C9,False,3,mGAM,mGAM,AC/PP-AE,C9-AC/PP-AE-mGAM-mGAM,AC/PP-AE-mGAM-mGAM,AC/PP-AE-mGAM,C3-e003Coalescence-Inoculumn-mGAM,C9-e003Coalescence-mGAM-p3,C9-e003Coalescence-mGAM-p3
3,C3-e003Coalescence-mBHI-p3,False,C3-e003Coalescence-mBHI-p3,True,C3,False,3,mBHI,mBHI,AC/PP-AE,C3-AC/PP-AE-mBHI-mBHI,AC/PP-AE-mBHI-mBHI,AC/PP-AE-mBHI,C3-e003Coalescence-mBHI-inoculumn-redo,C3-e003Coalescence-mBHI-p3,C3-e003Coalescence-mBHI-p3
5,C11-e003Coalescence-mBHI-p3,False,C11-e003Coalescence-mBHI-p3,True,C11,False,3,mBHI,mGAM,AE-AF,C11-AE-AF-mGAM-mBHI,AE-AF-mGAM-mBHI,AE-AF-mGAM,C5-e003Coalescence-Inoculumn-mGAM,C11-e003Coalescence-mBHI-p3,C11-e003Coalescence-mBHI-p3
6,D11-e003Coalescence-mBHI-p5,False,D11-e003Coalescence-mBHI-p5,True,D11,False,5,mBHI,mGAM,AF-AF,D11-AF-AF-mGAM-mBHI,AF-AF-mGAM-mBHI,AF-AF-mGAM,D5-e003Coalescence-Inoculumn-mGAM,D11-e003Coalescence-mBHI-p5,D11-e003Coalescence-mBHI-p5
7,C9-e003Coalescence-mGAM-p7,False,C9-e003Coalescence-mGAM-p7,True,C9,False,7,mGAM,mGAM,AC/PP-AE,C9-AC/PP-AE-mGAM-mGAM,AC/PP-AE-mGAM-mGAM,AC/PP-AE-mGAM,C3-e003Coalescence-Inoculumn-mGAM,C9-e003Coalescence-mGAM-p7,C9-e003Coalescence-mGAM-p7
8,C8-e003Coalescence-mGAM-p7,False,C8-e003Coalescence-mGAM-p7,True,C8,False,7,mGAM,mGAM,AA-AE,C8-AA-AE-mGAM-mGAM,AA-AE-mGAM-mGAM,AA-AE-mGAM,C2-e003Coalescence-Inoculumn-mGAM,C8-e003Coalescence-mGAM-p7,C8-e003Coalescence-mGAM-p7
9,D10-e003Coalescence-mBHI-p3,False,D10-e003Coalescence-mBHI-p3,True,D10,False,3,mBHI,mGAM,AE-AF,D10-AE-AF-mGAM-mBHI,AE-AF-mGAM-mBHI,AE-AF-mGAM,D4-e003Coalescence-Inoculumn-mGAM,D10-e003Coalescence-mBHI-p3,D10-e003Coalescence-mBHI-p3
11,B2-e003Coalescence-mBHI-p3,False,B2-e003Coalescence-mBHI-p3,True,B2,False,3,mBHI,mBHI,AA-AC/PP,B2-AA-AC/PP-mBHI-mBHI,AA-AC/PP-mBHI-mBHI,AA-AC/PP-mBHI,B2-e003Coalescence-Inoculumn-mBHI,B2-e003Coalescence-mBHI-p3,B2-e003Coalescence-mBHI-p3
12,A8-e003Coalescence-mBHI-p3,False,A8-e003Coalescence-mBHI-p3,True,A8,False,3,mBHI,mGAM,AA-AA,A8-AA-AA-mGAM-mBHI,AA-AA-mGAM-mBHI,AA-AA-mGAM,A2-e003Coalescence-Inoculumn-mGAM,A8-e003Coalescence-mBHI-p3,A8-e003Coalescence-mBHI-p3
14,A4-e003Coalescence-mBHI-p7,False,A4-e003Coalescence-mBHI-p7,True,A4,False,7,mBHI,mBHI,AA-AE,A4-AA-AE-mBHI-mBHI,AA-AE-mBHI-mBHI,AA-AE-mBHI,A4-e003Coalescence-mBHI-inoculumn-redo,A4-e003Coalescence-mBHI-p7,A4-e003Coalescence-mBHI-p7
15,A5-e003Coalescence-mGAM-p5,False,A5-e003Coalescence-mGAM-p5,True,A5,False,5,mGAM,mBHI,AA-AF,A5-AA-AF-mBHI-mGAM,AA-AF-mBHI-mGAM,AA-AF-mBHI,A5-e003Coalescence-Inoculumn-mBHI,A5-e003Coalescence-mGAM-p5,A5-e003Coalescence-mGAM-p5
16,B4-e003Coalescence-mBHI-p5,False,B4-e003Coalescence-mBHI-p5,True,B4,False,5,mBHI,mBHI,AC/PP-AE,B4-AC/PP-AE-mBHI-mBHI,AC/PP-AE-mBHI-mBHI,AC/PP-AE-mBHI,B4-e003Coalescence-Inoculumn-mBHI,B4-e003Coalescence-mBHI-p5,B4-e003Coalescence-mBHI-p5
17,A3-e003Coalescence-mBHI-p7,False,A3-e003Coalescence-mBHI-p7,True,A3,False,7,mBHI,mBHI,AA-AC/PP,A3-AA-AC/PP-mBHI-mBHI,AA-AC/PP-mBHI-mBHI,AA-AC/PP-mBHI,A3-e003Coalescence-mBHI-inoculumn-redo,A3-e003Coalescence-mBHI-p7,A3-e003Coalescence-mBHI-p7
18,B9-e003Coalescence-mGAM-p5,False,B9-e003Coalescence-mGAM-p5,True,B9,False,5,mGAM,mGAM,AC/PP-AC/PP,B9-AC/PP-AC/PP-mGAM-mGAM,AC/PP-AC/PP-mGAM-mGAM,AC/PP-AC/PP-mGAM,B3-e003Coalescence-Inoculumn-mGAM,B9-e003Coalescence-mGAM-p5,B9-e003Coalescence-mGAM-p5
20,B3-e003Coalescence-mBHI-p3,False,B3-e003Coalescence-mBHI-p3,True,B3,False,3,mBHI,mBHI,AC/PP-AC/PP,B3-AC/PP-AC/PP-mBHI-mBHI,AC/PP-AC/PP-mBHI-mBHI,AC/PP-AC/PP-mBHI,B3-e003Coalescence-Inoculumn-mBHI,B3-e003Coalescence-mBHI-p3,B3-e003Coalescence-mBHI-p3
21,D4-e003Coalescence-mBHI-p5,False,D4-e003Coalescence-mBHI-p5,True,D4,False,5,mBHI,mBHI,AE-AF,D4-AE-AF-mBHI-mBHI,AE-AF-mBHI-mBHI,AE-AF-mBHI,D4-e003Coalescence-Inoculumn-mBHI,D4-e003Coalescence-mBHI-p5,D4-e003Coalescence-mBHI-p5
22,C2-e003Coalescence-mBHI-p5,False,C2-e003Coalescence-mBHI-p5,True,C2,False,5,mBHI,mBHI,AA-AE,C2-AA-AE-mBHI-mBHI,AA-AE-mBHI-mBHI,AA-AE-mBHI,C2-e003Coalescence-mBHI-inoculumn-redo,C2-e003Coalescence-mBHI-p5,C2-e003Coalescence-mBHI-p5
25,D4-e003Coalescence-mBHI-p3,False,D4-e003Coalescence-mBHI-p3,True,D4,False,3,mBHI,mBHI,AE-AF,D4-AE-AF-mBHI-mBHI,AE-AF-mBHI-mBHI,AE-AF-mBHI,D4-e003Coalescence-Inoculumn-mBHI,D4-e003Coalescence-mBHI-p3,D4-e003Coalescence-mBHI-p3
32,B2-e003Coalescence-mBHI-p5,False,B2-e003Coalescence-mBHI-p5,True,B2,False,5,mBHI,mBHI,AA-AC/PP,B2-AA-AC/PP-mBHI-mBHI,AA-AC/PP-mBHI-mBHI,AA-AC/PP-mBHI,B2-e003Coalescence-Inoculumn-mBHI,B2-e003Coalescence-mBHI-p5,B2-e003Coalescence-mBHI-p5
36,C4-e003Coalescence-mGAM-p7,False,C4-e003Coalescence-mGAM-p7,True,C4,False,7,mGAM,mBHI,AE-AE,C4-AE-AE-mBHI-mGAM,AE-AE-mBHI-mGAM,AE-AE-mBHI,C4-e003Coalescence-mBHI-inoculumn-redo,C4-e003Coalescence-mGAM-p7,C4-e003Coalescence-mGAM-p7
39,B2-e003Coalescence-mGAM-p7,False,B2-e003Coalescence-mGAM-p7,True,B2,False,7,mGAM,mBHI,AA-AC/PP,B2-AA-AC/PP-mBHI-mGAM,AA-AC/PP-mBHI-mGAM,AA-AC/PP-mBHI,B2-e003Coalescence-Inoculumn-mBHI,B2-e003Coalescence-mGAM-p7,B2-e003Coalescence-mGAM-p7
42,C3-e003Coalescence-mGAM-p3,False,C3-e003Coalescence-mGAM-p3,True,C3,False,3,mGAM,mBHI,AC/PP-AE,C3-AC/PP-AE-mBHI-mGAM,AC/PP-AE-mBHI-mGAM,AC/PP-AE-mBHI,C3-e003Coalescence-mBHI-inoculumn-redo,C3-e003Coalescence-mGAM-p3,C3-e003Coalescence-mGAM-p3
48,C3-e003Coalescence-mBHI-p7,False,C3-e003Coalescence-mBHI-p7,True,C3,False,7,mBHI,mBHI,AC/PP-AE,C3-AC/PP-AE-mBHI-mBHI,AC/PP-AE-mBHI-mBHI,AC/PP-AE-mBHI,C3-e003Coalescence-mBHI-inoculumn-redo,C3-e003Coalescence-mBHI-p7,C3-e003Coalescence-mBHI-p7
49,D11-e003Coalescence-mGAM-p5,False,D11-e003Coalescence-mGAM-p5,True,D11,False,5,mGAM,mGAM,AF-AF,D11-AF-AF-mGAM-mGAM,AF-AF-mGAM-mGAM,AF-AF-mGAM,D5-e003Coalescence-Inoculumn-mGAM,D11-e003Coalescence-mGAM-p5,D11-e003Coalescence-mGAM-p5
50,A11-e003Coalescence-mGAM-p7,False,A11-e003Coalescence-mGAM-p7,True,A11,False,7,mGAM,mGAM,AA-AF,A11-AA-AF-mGAM-mGAM,AA-AF-mGAM-mGAM,AA-AF-mGAM,A5-e003Coalescence-Inoculumn-mGAM,A11-e003Coalescence-mGAM-p7,A11-e003Coalescence-mGAM-p7
51,A3-e003Coalescence-mGAM-p3,False,A3-e003Coalescence-mGAM-p3,True,A3,False,3,mGAM,mBHI,AA-AC/PP,A3-AA-AC/PP-mBHI-mGAM,AA-AC/PP-mBHI-mGAM,AA-AC/PP-mBHI,A3-e003Coalescence-mBHI-inoculumn-redo,A3-e003Coalescence-mGAM-p3,A3-e003Coalescence-mGAM-p3
52,B8-e003Coalescence-mBHI-p5,False,B8-e003Coalescence-mBHI-p5,True,B8,False,5,mBHI,mGAM,AA-AC/PP,B8-AA-AC/PP-mGAM-mBHI,AA-AC/PP-mGAM-mBHI,AA-AC/PP-mGAM,B2-e003Coalescence-Inoculumn-mGAM,B8-e003Coalescence-mBHI-p5,B8-e003Coalescence-mBHI-p5
54,C2-e003Coalescence-mGAM-p7,False,C2-e003Coalescence-mGAM-p7,True,C2,False,7,mGAM,mBHI,AA-AE,C2-AA-AE-mBHI-mGAM,AA-AE-mBHI-mGAM,AA-AE-mBHI,C2-e003Coalescence-mBHI-inoculumn-redo,C2-e003Coalescence-mGAM-p7,C2-e003Coalescence-mGAM-p7
55,D3-e003Coalescence-mBHI-p5,False,D3-e003Coalescence-mBHI-p5,True,D3,False,5,mBHI,mBHI,AC/PP-AF,D3-AC/PP-AF-mBHI-mBHI,AC/PP-AF-mBHI-mBHI,AC/PP-AF-mBHI,D3-e003Coalescence-Inoculumn-mBHI,D3-e003Coalescence-mBHI-p5,D3-e003Coalescence-mBHI-p5
56,B11-e003Coalescence-mGAM-p3,False,B11-e003Coalescence-mGAM-p3,True,B11,False,3,mGAM,mGAM,AC/PP-AF,B11-AC/PP-AF-mGAM-mGAM,AC/PP-AF-mGAM-mGAM,AC/PP-AF-mGAM,B5-e003Coalescence-Inoculumn-mGAM,B11-e003Coalescence-mGAM-p3,B11-e003Coalescence-mGAM-p3
59,D2-e003Coalescence-mBHI-p5,False,D2-e003Coalescence-mBHI-p5,True,D2,False,5,mBHI,mBHI,AA-AF,D2-AA-AF-mBHI-mBHI,AA-AF-mBHI-mBHI,AA-AF-mBHI,D2-e003Coalescence-Inoculumn-mBHI,D2-e003Coalescence-mBHI-p5,D2-e003Coalescence-mBHI-p5
61,C8-e003Coalescence-mGAM-p5,False,C8-e003Coalescence-mGAM-p5,True,C8,False,5,mGAM,mGAM,AA-AE,C8-AA-AE-mGAM-mGAM,AA-AE-mGAM-mGAM,AA-AE-mGAM,C2-e003Coalescence-Inoculumn-mGAM,C8-e003Coalescence-mGAM-p5,C8-e003Coalescence-mGAM-p5
62,D5-e003Coalescence-mGAM-p5,False,D5-e003Coalescence-mGAM-p5,True,D5,False,5,mGAM,mBHI,AF-AF,D5-AF-AF-mBHI-mGAM,AF-AF-mBHI-mGAM,AF-AF-mBHI,D5-e003Coalescence-Inoculumn-mBHI,D5-e003Coalescence-mGAM-p5,D5-e003Coalescence-mGAM-p5
63,B5-e003Coalescence-mBHI-p5,False,B5-e003Coalescence-mBHI-p5,True,B5,False,5,mBHI,mBHI,AC/PP-AF,B5-AC/PP-AF-mBHI-mBHI,AC/PP-AF-mBHI-mBHI,AC/PP-AF-mBHI,B5-e003Coalescence-Inoculumn-mBHI,B5-e003Coalescence-mBHI-p5,B5-e003Coalescence-mBHI-p5
64,D5-e003Coalescence-mBHI-p7,False,D5-e003Coalescence-mBHI-p7,True,D5,False,7,mBHI,mBHI,AF-AF,D5-AF-AF-mBHI-mBHI,AF-AF-mBHI-mBHI,AF-AF-mBHI,D5-e003Coalescence-Inoculumn-mBHI,D5-e003Coalescence-mBHI-p7,D5-e003Coalescence-mBHI-p7
65,C9-e003Coalescence-mBHI-p5,False,C9-e003Coalescence-mBHI-p5,True,C9,False,5,mBHI,mGAM,AC/PP-AE,C9-AC/PP-AE-mGAM-mBHI,AC/PP-AE-mGAM-mBHI,AC/PP-AE-mGAM,C3-e003Coalescence-Inoculumn-mGAM,C9-e003Coalescence-mBHI-p5,C9-e003Coalescence-mBHI-p5
66,A10-e003Coalescence-mBHI-p3,False,A10-e003Coalescence-mBHI-p3,True,A10,False,3,mBHI,mGAM,AA-AE,A10-AA-AE-mGAM-mBHI,AA-AE-mGAM-mBHI,AA-AE-mGAM,A4-e003Coalescence-Inoculumn-mGAM,A10-e003Coalescence-mBHI-p3,A10-e003Coalescence-mBHI-p3
67,A5-e003Coalescence-mGAM-p3,False,A5-e003Coalescence-mGAM-p3,True,A5,False,3,mGAM,mBHI,AA-AF,A5-AA-AF-mBHI-mGAM,AA-AF-mBHI-mGAM,AA-AF-mBHI,A5-e003Coalescence-Inoculumn-mBHI,A5-e003Coalescence-mGAM-p3,A5-e003Coalescence-mGAM-p3
71,D8-e003Coalescence-mGAM-p5,False,D8-e003Coalescence-mGAM-p5,True,D8,False,5,mGAM,mGAM,AA-AF,D8-AA-AF-mGAM-mGAM,AA-AF-mGAM-mGAM,AA-AF-mGAM,D2-e003Coalescence-Inoculumn-mGAM,D8-e003Coalescence-mGAM-p5,D8-e003Coalescence-mGAM-p5
74,C2-e003Coalescence-mBHI-p3,False,C2-e003Coalescence-mBHI-p3,True,C2,False,3,mBHI,mBHI,AA-AE,C2-AA-AE-mBHI-mBHI,AA-AE-mBHI-mBHI,AA-AE-mBHI,C2-e003Coalescence-mBHI-inoculumn-redo,C2-e003Coalescence-mBHI-p3,C2-e003Coalescence-mBHI-p3
76,D9-e003Coalescence-mGAM-p7,False,D9-e003Coalescence-mGAM-p7,True,D9,False,7,mGAM,mGAM,AC/PP-AF,D9-AC/PP-AF-mGAM-mGAM,AC/PP-AF-mGAM-mGAM,AC/PP-AF-mGAM,D3-e003Coalescence-Inoculumn-mGAM,D9-e003Coalescence-mGAM-p7,D9-e003Coalescence-mGAM-p7
77,D4-e003Coalescence-mBHI-p7,False,D4-e003Coalescence-mBHI-p7,True,D4,False,7,mBHI,mBHI,AE-AF,D4-AE-AF-mBHI-mBHI,AE-AF-mBHI-mBHI,AE-AF-mBHI,D4-e003Coalescence-Inoculumn-mBHI,D4-e003Coalescence-mBHI-p7,D4-e003Coalescence-mBHI-p7
82,B10-e003Coalescence-mGAM-p3,False,B10-e003Coalescence-mGAM-p3,True,B10,False,3,mGAM,mGAM,AC/PP-AE,B10-AC/PP-AE-mGAM-mGAM,AC/PP-AE-mGAM-mGAM,AC/PP-AE-mGAM,B4-e003Coalescence-Inoculumn-mGAM,B10-e003Coalescence-mGAM-p3,B10-e003Coalescence-mGAM-p3
83,A9-e003Coalescence-mGAM-p7,False,A9-e003Coalescence-mGAM-p7,True,A9,False,7,mGAM,mGAM,AA-AC/PP,A9-AA-AC/PP-mGAM-mGAM,AA-AC/PP-mGAM-mGAM,AA-AC/PP-mGAM,A3-e003Coalescence-Inoculumn-mGAM,A9-e003Coalescence-mGAM-p7,A9-e003Coalescence-mGAM-p7
86,D10-e003Coalescence-mBHI-p5,False,D10-e003Coalescence-mBHI-p5,True,D10,False,5,mBHI,mGAM,AE-AF,D10-AE-AF-mGAM-mBHI,AE-AF-mGAM-mBHI,AE-AF-mGAM,D4-e003Coalescence-Inoculumn-mGAM,D10-e003Coalescence-mBHI-p5,D10-e003Coalescence-mBHI-p5
87,D5-e003Coalescence-mBHI-p3,False,D5-e003Coalescence-mBHI-p3,True,D5,False,3,mBHI,mBHI,AF-AF,D5-AF-AF-mBHI-mBHI,AF-AF-mBHI-mBHI,AF-AF-mBHI,D5-e003Coalescence-Inoculumn-mBHI,D5-e003Coalescence-mBHI-p3,D5-e003Coalescence-mBHI-p3
88,A5-e003Coalescence-mBHI-p5,False,A5-e003Coalescence-mBHI-p5,True,A5,False,5,mBHI,mBHI,AA-AF,A5-AA-AF-mBHI-mBHI,AA-AF-mBHI-mBHI,AA-AF-mBHI,A5-e003Coalescence-Inoculumn-mBHI,A5-e003Coalescence-mBHI-p5,A5-e003Coalescence-mBHI-p5
89,C5-e003Coalescence-mBHI-p3,False,C5-e003Coalescence-mBHI-p3,True,C5,False,3,mBHI,mBHI,AE-AF,C5-AE-AF-mBHI-mBHI,AE-AF-mBHI-mBHI,AE-AF-mBHI,C5-e003Coalescence-mBHI-inoculumn-redo,C5-e003Coalescence-mBHI-p3,C5-e003Coalescence-mBHI-p3
90,D9-e003Coalescence-mGAM-p5,False,D9-e003Coalescence-mGAM-p5,True,D9,False,5,mGAM,mGAM,AC/PP-AF,D9-AC/PP-AF-mGAM-mGAM,AC/PP-AF-mGAM-mGAM,AC/PP-AF-mGAM,D3-e003Coalescence-Inoculumn-mGAM,D9-e003Coalescence-mGAM-p5,D9-e003Coalescence-mGAM-p5
91,C9-e003Coalescence-mBHI-p3,False,C9-e003Coalescence-mBHI-p3,True,C9,False,3,mBHI,mGAM,AC/PP-AE,C9-AC/PP-AE-mGAM-mBHI,AC/PP-AE-mGAM-mBHI,AC/PP-AE-mGAM,C3-e003Coalescence-Inoculumn-mGAM,C9-e003Coalescence-mBHI-p3,C9-e003Coalescence-mBHI-p3
92,D10-e003Coalescence-mGAM-p5,False,D10-e003Coalescence-mGAM-p5,True,D10,False,5,mGAM,mGAM,AE-AF,D10-AE-AF-mGAM-mGAM,AE-AF-mGAM-mGAM,AE-AF-mGAM,D4-e003Coalescence-Inoculumn-mGAM,D10-e003Coalescence-mGAM-p5,D10-e003Coalescence-mGAM-p5
93,C8-e003Coalescence-mBHI-p7,False,C8-e003Coalescence-mBHI-p7,True,C8,False,7,mBHI,mGAM,AA-AE,C8-AA-AE-mGAM-mBHI,AA-AE-mGAM-mBHI,AA-AE-mGAM,C2-e003Coalescence-Inoculumn-mGAM,C8-e003Coalescence-mBHI-p7,C8-e003Coalescence-mBHI-p7
94,C4-e003Coalescence-mBHI-p3,False,C4-e003Coalescence-mBHI-p3,True,C4,False,3,mBHI,mBHI,AE-AE,C4-AE-AE-mBHI-mBHI,AE-AE-mBHI-mBHI,AE-AE-mBHI,C4-e003Coalescence-mBHI-inoculumn-redo,C4-e003Coalescence-mBHI-p3,C4-e003Coalescence-mBHI-p3
97,B4-e003Coalescence-mGAM-p5,False,B4-e003Coalescence-mGAM-p5,True,B4,False,5,mGAM,mBHI,AC/PP-AE,B4-AC/PP-AE-mBHI-mGAM,AC/PP-AE-mBHI-mGAM,AC/PP-AE-mBHI,B4-e003Coalescence-Inoculumn-mBHI,B4-e003Coalescence-mGAM-p5,B4-e003Coalescence-mGAM-p5
98,D4-e003Coalescence-mGAM-p5,False,D4-e003Coalescence-mGAM-p5,True,D4,False,5,mGAM,mBHI,AE-AF,D4-AE-AF-mBHI-mGAM,AE-AF-mBHI-mGAM,AE-AF-mBHI,D4-e003Coalescence-Inoculumn-mBHI,D4-e003Coalescence-mGAM-p5,D4-e003Coalescence-mGAM-p5
100,B5-e003Coalescence-mGAM-p5,False,B5-e003Coalescence-mGAM-p5,True,B5,False,5,mGAM,mBHI,AC/PP-AF,B5-AC/PP-AF-mBHI-mGAM,AC/PP-AF-mBHI-mGAM,AC/PP-AF-mBHI,B5-e003Coalescence-Inoculumn-mBHI,B5-e003Coalescence-mGAM-p5,B5-e003Coalescence-mGAM-p5
104,C2-e003Coalescence-mGAM-p3,False,C2-e003Coalescence-mGAM-p3,True,C2,False,3,mGAM,mBHI,AA-AE,C2-AA-AE-mBHI-mGAM,AA-AE-mBHI-mGAM,AA-AE-mBHI,C2-e003Coalescence-mBHI-inoculumn-redo,C2-e003Coalescence-mGAM-p3,C2-e003Coalescence-mGAM-p3
105,B5-e003Coalescence-mGAM-p7,False,B5-e003Coalescence-mGAM-p7,True,B5,False,7,mGAM,mBHI,AC/PP-AF,B5-AC/PP-AF-mBHI-mGAM,AC/PP-AF-mBHI-mGAM,AC/PP-AF-mBHI,B5-e003Coalescence-Inoculumn-mBHI,B5-e003Coalescence-mGAM-p7,B5-e003Coalescence-mGAM-p7
106,D8-e003Coalescence-mBHI-p5,False,D8-e003Coalescence-mBHI-p5,True,D8,False,5,mBHI,mGAM,AA-AF,D8-AA-AF-mGAM-mBHI,AA-AF-mGAM-mBHI,AA-AF-mGAM,D2-e003Coalescence-Inoculumn-mGAM,D8-e003Coalescence-mBHI-p5,D8-e003Coalescence-mBHI-p5
109,C4-e003Coalescence-mBHI-p7,False,C4-e003Coalescence-mBHI-p7,True,C4,False,7,mBHI,mBHI,AE-AE,C4-AE-AE-mBHI-mBHI,AE-AE-mBHI-mBHI,AE-AE-mBHI,C4-e003Coalescence-mBHI-inoculumn-redo,C4-e003Coalescence-mBHI-p7,C4-e003Coalescence-mBHI-p7
111,B10-e003Coalescence-mBHI-p5,False,B10-e003Coalescence-mBHI-p5,True,B10,False,5,mBHI,mGAM,AC/PP-AE,B10-AC/PP-AE-mGAM-mBHI,AC/PP-AE-mGAM-mBHI,AC/PP-AE-mGAM,B4-e003Coalescence-Inoculumn-mGAM,B10-e003Coalescence-mBHI-p5,B10-e003Coalescence-mBHI-p5
113,D11-e003Coalescence-mBHI-p3,False,D11-e003Coalescence-mBHI-p3,True,D11,False,3,mBHI,mGAM,AF-AF,D11-AF-AF-mGAM-mBHI,AF-AF-mGAM-mBHI,AF-AF-mGAM,D5-e003Coalescence-Inoculumn-mGAM,D11-e003Coalescence-mBHI-p3,D11-e003Coalescence-mBHI-p3
116,B5-e003Coalescence-mBHI-p3,False,B5-e003Coalescence-mBHI-p3,True,B5,False,3,mBHI,mBHI,AC/PP-AF,B5-AC/PP-AF-mBHI-mBHI,AC/PP-AF-mBHI-mBHI,AC/PP-AF-mBHI,B5-e003Coalescence-Inoculumn-mBHI,B5-e003Coalescence-mBHI-p3,B5-e003Coalescence-mBHI-p3
118,C4-e003Coalescence-mGAM-p5,False,C4-e003Coalescence-mGAM-p5,True,C4,False,5,mGAM,mBHI,AE-AE,C4-AE-AE-mBHI-mGAM,AE-AE-mBHI-mGAM,AE-AE-mBHI,C4-e003Coalescence-mBHI-inoculumn-redo,C4-e003Coalescence-mGAM-p5,C4-e003Coalescence-mGAM-p5
119,C5-e003Coalescence-mGAM-p7,False,C5-e003Coalescence-mGAM-p7,True,C5,False,7,mGAM,mBHI,AE-AF,C5-AE-AF-mBHI-mGAM,AE-AF-mBHI-mGAM,AE-AF-mBHI,C5-e003Coalescence-mBHI-inoculumn-redo,C5-e003Coalescence-mGAM-p7,C5-e003Coalescence-mGAM-p7
121,A2-e003Coalescence-mBHI-p7,False,A2-e003Coalescence-mBHI-p7,True,A2,False,7,mBHI,mBHI,AA-AA,A2-AA-AA-mBHI-mBHI,AA-AA-mBHI-mBHI,AA-AA-mBHI,A2-e003Coalescence-Inoculumn-mBHI,A2-e003Coalescence-mBHI-p7,A2-e003Coalescence-mBHI-p7
122,A10-e003Coalescence-mBHI-p5,False,A10-e003Coalescence-mBHI-p5,True,A10,False,5,mBHI,mGAM,AA-AE,A10-AA-AE-mGAM-mBHI,AA-AE-mGAM-mBHI,AA-AE-mGAM,A4-e003Coalescence-Inoculumn-mGAM,A10-e003Coalescence-mBHI-p5,A10-e003Coalescence-mBHI-p5
124,D2-e003Coalescence-mBHI-p7,False,D2-e003Coalescence-mBHI-p7,True,D2,False,7,mBHI,mBHI,AA-AF,D2-AA-AF-mBHI-mBHI,AA-AF-mBHI-mBHI,AA-AF-mBHI,D2-e003Coalescence-Inoculumn-mBHI,D2-e003Coalescence-mBHI-p7,D2-e003Coalescence-mBHI-p7
127,A4-e003Coalescence-mGAM-p5,False,A4-e003Coalescence-mGAM-p5,True,A4,False,5,mGAM,mBHI,AA-AE,A4-AA-AE-mBHI-mGAM,AA-AE-mBHI-mGAM,AA-AE-mBHI,A4-e003Coalescence-mBHI-inoculumn-redo,A4-e003Coalescence-mGAM-p5,A4-e003Coalescence-mGAM-p5
128,D5-e003Coalescence-mBHI-p5,False,D5-e003Coalescence-mBHI-p5,True,D5,False,5,mBHI,mBHI,AF-AF,D5-AF-AF-mBHI-mBHI,AF-AF-mBHI-mBHI,AF-AF-mBHI,D5-e003Coalescence-Inoculumn-mBHI,D5-e003Coalescence-mBHI-p5,D5-e003Coalescence-mBHI-p5
131,D4-e003Coalescence-mGAM-p7,False,D4-e003Coalescence-mGAM-p7,True,D4,False,7,mGAM,mBHI,AE-AF,D4-AE-AF-mBHI-mGAM,AE-AF-mBHI-mGAM,AE-AF-mBHI,D4-e003Coalescence-Inoculumn-mBHI,D4-e003Coalescence-mGAM-p7,D4-e003Coalescence-mGAM-p7
133,A8-e003Coalescence-mBHI-p7,False,A8-e003Coalescence-mBHI-p7,True,A8,False,7,mBHI,mGAM,AA-AA,A8-AA-AA-mGAM-mBHI,AA-AA-mGAM-mBHI,AA-AA-mGAM,A2-e003Coalescence-Inoculumn-mGAM,A8-e003Coalescence-mBHI-p7,A8-e003Coalescence-mBHI-p7
137,C4-e003Coalescence-mGAM-p3,False,C4-e003Coalescence-mGAM-p3,True,C4,False,3,mGAM,mBHI,AE-AE,C4-AE-AE-mBHI-mGAM,AE-AE-mBHI-mGAM,AE-AE-mBHI,C4-e003Coalescence-mBHI-inoculumn-redo,C4-e003Coalescence-mGAM-p3,C4-e003Coalescence-mGAM-p3
139,D5-e003Coalescence-mGAM-p7,False,D5-e003Coalescence-mGAM-p7,True,D5,False,7,mGAM,mBHI,AF-AF,D5-AF-AF-mBHI-mGAM,AF-AF-mBHI-mGAM,AF-AF-mBHI,D5-e003Coalescence-Inoculumn-mBHI,D5-e003Coalescence-mGAM-p7,D5-e003Coalescence-mGAM-p7
140,C5-e003Coalescence-mBHI-p5,False,C5-e003Coalescence-mBHI-p5,True,C5,False,5,mBHI,mBHI,AE-AF,C5-AE-AF-mBHI-mBHI,AE-AF-mBHI-mBHI,AE-AF-mBHI,C5-e003Coalescence-mBHI-inoculumn-redo,C5-e003Coalescence-mBHI-p5,C5-e003Coalescence-mBHI-p5
141,C5-e003Coalescence-mGAM-p3,False,C5-e003Coalescence-mGAM-p3,True,C5,False,3,mGAM,mBHI,AE-AF,C5-AE-AF-mBHI-mGAM,AE-AF-mBHI-mGAM,AE-AF-mBHI,C5-e003Coalescence-mBHI-inoculumn-redo,C5-e003Coalescence-mGAM-p3,C5-e003Coalescence-mGAM-p3
145,A11-e003Coalescence-mBHI-p7,False,A11-e003Coalescence-mBHI-p7,True,A11,False,7,mBHI,mGAM,AA-AF,A11-AA-AF-mGAM-mBHI,AA-AF-mGAM-mBHI,AA-AF-mGAM,A5-e003Coalescence-Inoculumn-mGAM,A11-e003Coalescence-mBHI-p7,A11-e003Coalescence-mBHI-p7
147,A4-e003Coalescence-mGAM-p3,False,A4-e003Coalescence-mGAM-p3,True,A4,False,3,mGAM,mBHI,AA-AE,A4-AA-AE-mBHI-mGAM,AA-AE-mBHI-mGAM,AA-AE-mBHI,A4-e003Coalescence-mBHI-inoculumn-redo,A4-e003Coalescence-mGAM-p3,A4-e003Coalescence-mGAM-p3
149,C3-e003Coalescence-mGAM-p5,False,C3-e003Coalescence-mGAM-p5,True,C3,False,5,mGAM,mBHI,AC/PP-AE,C3-AC/PP-AE-mBHI-mGAM,AC/PP-AE-mBHI-mGAM,AC/PP-AE-mBHI,C3-e003Coalescence-mBHI-inoculumn-redo,C3-e003Coalescence-mGAM-p5,C3-e003Coalescence-mGAM-p5
153,A10-e003Coalescence-mGAM-p3,False,A10-e003Coalescence-mGAM-p3,True,A10,False,3,mGAM,mGAM,AA-AE,A10-AA-AE-mGAM-mGAM,AA-AE-mGAM-mGAM,AA-AE-mGAM,A4-e003Coalescence-Inoculumn-mGAM,A10-e003Coalescence-mGAM-p3,A10-e003Coalescence-mGAM-p3
154,A9-e003Coalescence-mBHI-p3,False,A9-e003Coalescence-mBHI-p3,True,A9,False,3,mBHI,mGAM,AA-AC/PP,A9-AA-AC/PP-mGAM-mBHI,AA-AC/PP-mGAM-mBHI,AA-AC/PP-mGAM,A3-e003Coalescence-Inoculumn-mGAM,A9-e003Coalescence-mBHI-p3,A9-e003Coalescence-mBHI-p3
156,D3-e003Coalescence-mBHI-p7,False,D3-e003Coalescence-mBHI-p7,True,D3,False,7,mBHI,mBHI,AC/PP-AF,D3-AC/PP-AF-mBHI-mBHI,AC/PP-AF-mBHI-mBHI,AC/PP-AF-mBHI,D3-e003Coalescence-Inoculumn-mBHI,D3-e003Coalescence-mBHI-p7,D3-e003Coalescence-mBHI-p7
157,D11-e003Coalescence-mGAM-p3,False,D11-e003Coalescence-mGAM-p3,True,D11,False,3,mGAM,mGAM,AF-AF,D11-AF-AF-mGAM-mGAM,AF-AF-mGAM-mGAM,AF-AF-mGAM,D5-e003Coalescence-Inoculumn-mGAM,D11-e003Coalescence-mGAM-p3,D11-e003Coalescence-mGAM-p3
158,C3-e003Coalescence-mBHI-p5,False,C3-e003Coalescence-mBHI-p5,True,C3,False,5,mBHI,mBHI,AC/PP-AE,C3-AC/PP-AE-mBHI-mBHI,AC/PP-AE-mBHI-mBHI,AC/PP-AE-mBHI,C3-e003Coalescence-mBHI-inoculumn-redo,C3-e003Coalescence-mBHI-p5,C3-e003Coalescence-mBHI-p5
162,A9-e003Coalescence-mBHI-p5,False,A9-e003Coalescence-mBHI-p5,True,A9,False,5,mBHI,mGAM,AA-AC/PP,A9-AA-AC/PP-mGAM-mBHI,AA-AC/PP-mGAM-mBHI,AA-AC/PP-mGAM,A3-e003Coalescence-Inoculumn-mGAM,A9-e003Coalescence-mBHI-p5,A9-e003Coalescence-mBHI-p5
164,B2-e003Coalescence-mGAM-p3,False,B2-e003Coalescence-mGAM-p3,True,B2,False,3,mGAM,mBHI,AA-AC/PP,B2-AA-AC/PP-mBHI-mGAM,AA-AC/PP-mBHI-mGAM,AA-AC/PP-mBHI,B2-e003Coalescence-Inoculumn-mBHI,B2-e003Coalescence-mGAM-p3,B2-e003Coalescence-mGAM-p3
166,C11-e003Coalescence-mGAM-p5,False,C11-e003Coalescence-mGAM-p5,True,C11,False,5,mGAM,mGAM,AE-AF,C11-AE-AF-mGAM-mGAM,AE-AF-mGAM-mGAM,AE-AF-mGAM,C5-e003Coalescence-Inoculumn-mGAM,C11-e003Coalescence-mGAM-p5,C11-e003Coalescence-mGAM-p5
169,A8-e003Coalescence-mBHI-p5,False,A8-e003Coalescence-mBHI-p5,True,A8,False,5,mBHI,mGAM,AA-AA,A8-AA-AA-mGAM-mBHI,AA-AA-mGAM-mBHI,AA-AA-mGAM,A2-e003Coalescence-Inoculumn-mGAM,A8-e003Coalescence-mBHI-p5,A8-e003Coalescence-mBHI-p5
172,D9-e003Coalescence-mBHI-p3,False,D9-e003Coalescence-mBHI-p3,True,D9,False,3,mBHI,mGAM,AC/PP-AF,D9-AC/PP-AF-mGAM-mBHI,AC/PP-AF-mGAM-mBHI,AC/PP-AF-mGAM,D3-e003Coalescence-Inoculumn-mGAM,D9-e003Coalescence-mBHI-p3,D9-e003Coalescence-mBHI-p3
173,C5-e003Coalescence-mGAM-p5,False,C5-e003Coalescence-mGAM-p5,True,C5,False,5,mGAM,mBHI,AE-AF,C5-AE-AF-mBHI-mGAM,AE-AF-mBHI-mGAM,AE-AF-mBHI,C5-e003Coalescence-mBHI-inoculumn-redo,C5-e003Coalescence-mGAM-p5,C5-e003Coalescence-mGAM-p5
175,A5-e003Coalescence-mBHI-p7,False,A5-e003Coalescence-mBHI-p7,True,A5,False,7,mBHI,mBHI,AA-AF,A5-AA-AF-mBHI-mBHI,AA-AF-mBHI-mBHI,AA-AF-mBHI,A5-e003Coalescence-Inoculumn-mBHI,A5-e003Coalescence-mBHI-p7,A5-e003Coalescence-mBHI-p7
178,D2-e003Coalescence-mGAM-p5,False,D2-e003Coalescence-mGAM-p5,True,D2,False,5,mGAM,mBHI,AA-AF,D2-AA-AF-mBHI-mGAM,AA-AF-mBHI-mGAM,AA-AF-mBHI,D2-e003Coalescence-Inoculumn-mBHI,D2-e003Coalescence-mGAM-p5,D2-e003Coalescence-mGAM-p5
180,D3-e003Coalescence-mGAM-p3,False,D3-e003Coalescence-mGAM-p3,True,D3,False,3,mGAM,mBHI,AC/PP-AF,D3-AC/PP-AF-mBHI-mGAM,AC/PP-AF-mBHI-mGAM,AC/PP-AF-mBHI,D3-e003Coalescence-Inoculumn-mBHI,D3-e003Coalescence-mGAM-p3,D3-e003Coalescence-mGAM-p3
182,D9-e003Coalescence-mGAM-p3,False,D9-e003Coalescence-mGAM-p3,True,D9,False,3,mGAM,mGAM,AC/PP-AF,D9-AC/PP-AF-mGAM-mGAM,AC/PP-AF-mGAM-mGAM,AC/PP-AF-mGAM,D3-e003Coalescence-Inoculumn-mGAM,D9-e003Coalescence-mGAM-p3,D9-e003Coalescence-mGAM-p3
184,D3-e003Coalescence-mGAM-p5,False,D3-e003Coalescence-mGAM-p5,True,D3,False,5,mGAM,mBHI,AC/PP-AF,D3-AC/PP-AF-mBHI-mGAM,AC/PP-AF-mBHI-mGAM,AC/PP-AF-mBHI,D3-e003Coalescence-Inoculumn-mBHI,D3-e003Coalescence-mGAM-p5,D3-e003Coalescence-mGAM-p5
185,C10-e003Coalescence-mGAM-p3,False,C10-e003Coalescence-mGAM-p3,True,C10,False,3,mGAM,mGAM,AE-AE,C10-AE-AE-mGAM-mGAM,AE-AE-mGAM-mGAM,AE-AE-mGAM,C4-e003Coalescence-Inoculumn-mGAM,C10-e003Coalescence-mGAM-p3,C10-e003Coalescence-mGAM-p3
189,B9-e003Coalescence-mGAM-p7,False,B9-e003Coalescence-mGAM-p7,True,B9,False,7,mGAM,mGAM,AC/PP-AC/PP,B9-AC/PP-AC/PP-mGAM-mGAM,AC/PP-AC/PP-mGAM-mGAM,AC/PP-AC/PP-mGAM,B3-e003Coalescence-Inoculumn-mGAM,B9-e003Coalescence-mGAM-p7,B9-e003Coalescence-mGAM-p7
190,B11-e003Coalescence-mGAM-p7,False,B11-e003Coalescence-mGAM-p7,True,B11,False,7,mGAM,mGAM,AC/PP-AF,B11-AC/PP-AF-mGAM-mGAM,AC/PP-AF-mGAM-mGAM,AC/PP-AF-mGAM,B5-e003Coalescence-Inoculumn-mGAM,B11-e003Coalescence-mGAM-p7,B11-e003Coalescence-mGAM-p7
192,B5-e003Coalescence-mBHI-p7,False,B5-e003Coalescence-mBHI-p7,True,B5,False,7,mBHI,mBHI,AC/PP-AF,B5-AC/PP-AF-mBHI-mBHI,AC/PP-AF-mBHI-mBHI,AC/PP-AF-mBHI,B5-e003Coalescence-Inoculumn-mBHI,B5-e003Coalescence-mBHI-p7,B5-e003Coalescence-mBHI-p7
193,A3-e003Coalescence-mGAM-p7,False,A3-e003Coalescence-mGAM-p7,True,A3,False,7,mGAM,mBHI,AA-AC/PP,A3-AA-AC/PP-mBHI-mGAM,AA-AC/PP-mBHI-mGAM,AA-AC/PP-mBHI,A3-e003Coalescence-mBHI-inoculumn-redo,A3-e003Coalescence-mGAM-p7,A3-e003Coalescence-mGAM-p7
195,A4-e003Coalescence-mBHI-p5,False,A4-e003Coalescence-mBHI-p5,True,A4,False,5,mBHI,mBHI,AA-AE,A4-AA-AE-mBHI-mBHI,AA-AE-mBHI-mBHI,AA-AE-mBHI,A4-e003Coalescence-mBHI-inoculumn-redo,A4-e003Coalescence-mBHI-p5,A4-e003Coalescence-mBHI-p5
196,B3-e003Coalescence-mBHI-p7,False,B3-e003Coalescence-mBHI-p7,True,B3,False,7,mBHI,mBHI,AC/PP-AC/PP,B3-AC/PP-AC/PP-mBHI-mBHI,AC/PP-AC/PP-mBHI-mBHI,AC/PP-AC/PP-mBHI,B3-e003Coalescence-Inoculumn-mBHI,B3-e003Coalescence-mBHI-p7,B3-e003Coalescence-mBHI-p7
198,D10-e003Coalescence-mGAM-p7,False,D10-e003Coalescence-mGAM-p7,True,D10,False,7,mGAM,mGAM,AE-AF,D10-AE-AF-mGAM-mGAM,AE-AF-mGAM-mGAM,AE-AF-mGAM,D4-e003Coalescence-Inoculumn-mGAM,D10-e003Coalescence-mGAM-p7,D10-e003Coalescence-mGAM-p7
200,C11-e003Coalescence-mGAM-p3,False,C11-e003Coalescence-mGAM-p3,True,C11,False,3,mGAM,mGAM,AE-AF,C11-AE-AF-mGAM-mGAM,AE-AF-mGAM-mGAM,AE-AF-mGAM,C5-e003Coalescence-Inoculumn-mGAM,C11-e003Coalescence-mGAM-p3,C11-e003Coalescence-mGAM-p3
202,A10-e003Coalescence-mBHI-p7,False,A10-e003Coalescence-mBHI-p7,True,A10,False,7,mBHI,mGAM,AA-AE,A10-AA-AE-mGAM-mBHI,AA-AE-mGAM-mBHI,AA-AE-mGAM,A4-e003Coalescence-Inoculumn-mGAM,A10-e003Coalescence-mBHI-p7,A10-e003Coalescence-mBHI-p7
203,C10-e003Coalescence-mBHI-p7,False,C10-e003Coalescence-mBHI-p7,True,C10,False,7,mBHI,mGAM,AE-AE,C10-AE-AE-mGAM-mBHI,AE-AE-mGAM-mBHI,AE-AE-mGAM,C4-e003Coalescence-Inoculumn-mGAM,C10-e003Coalescence-mBHI-p7,C10-e003Coalescence-mBHI-p7
204,B9-e003Coalescence-mBHI-p5,False,B9-e003Coalescence-mBHI-p5,True,B9,False,5,mBHI,mGAM,AC/PP-AC/PP,B9-AC/PP-AC/PP-mGAM-mBHI,AC/PP-AC/PP-mGAM-mBHI,AC/PP-AC/PP-mGAM,B3-e003Coalescence-Inoculumn-mGAM,B9-e003Coalescence-mBHI-p5,B9-e003Coalescence-mBHI-p5
206,B10-e003Coalescence-mBHI-p3,False,B10-e003Coalescence-mBHI-p3,True,B10,False,3,mBHI,mGAM,AC/PP-AE,B10-AC/PP-AE-mGAM-mBHI,AC/PP-AE-mGAM-mBHI,AC/PP-AE-mGAM,B4-e003Coalescence-Inoculumn-mGAM,B10-e003Coalescence-mBHI-p3,B10-e003Coalescence-mBHI-p3
207,C11-e003Coalescence-mBHI-p5,False,C11-e003Coalescence-mBHI-p5,True,C11,False,5,mBHI,mGAM,AE-AF,C11-AE-AF-mGAM-mBHI,AE-AF-mGAM-mBHI,AE-AF-mGAM,C5-e003Coalescence-Inoculumn-mGAM,C11-e003Coalescence-mBHI-p5,C11-e003Coalescence-mBHI-p5
208,A2-e003Coalescence-mGAM-p7,False,A2-e003Coalescence-mGAM-p7,True,A2,False,7,mGAM,mBHI,AA-AA,A2-AA-AA-mBHI-mGAM,AA-AA-mBHI-mGAM,AA-AA-mBHI,A2-e003Coalescence-Inoculumn-mBHI,A2-e003Coalescence-mGAM-p7,A2-e003Coalescence-mGAM-p7
214,D10-e003Coalescence-mGAM-p3,False,D10-e003Coalescence-mGAM-p3,True,D10,False,3,mGAM,mGAM,AE-AF,D10-AE-AF-mGAM-mGAM,AE-AF-mGAM-mGAM,AE-AF-mGAM,D4-e003Coalescence-Inoculumn-mGAM,D10-e003Coalescence-mGAM-p3,D10-e003Coalescence-mGAM-p3
215,B10-e003Coalescence-mGAM-p7,False,B10-e003Coalescence-mGAM-p7,True,B10,False,7,mGAM,mGAM,AC/PP-AE,B10-AC/PP-AE-mGAM-mGAM,AC/PP-AE-mGAM-mGAM,AC/PP-AE-mGAM,B4-e003Coalescence-Inoculumn-mGAM,B10-e003Coalescence-mGAM-p7,B10-e003Coalescence-mGAM-p7
217,B4-e003Coalescence-mBHI-p7,False,B4-e003Coalescence-mBHI-p7,True,B4,False,7,mBHI,mBHI,AC/PP-AE,B4-AC/PP-AE-mBHI-mBHI,AC/PP-AE-mBHI-mBHI,AC/PP-AE-mBHI,B4-e003Coalescence-Inoculumn-mBHI,B4-e003Coalescence-mBHI-p7,B4-e003Coalescence-mBHI-p7
218,A9-e003Coalescence-mBHI-p7,False,A9-e003Coalescence-mBHI-p7,True,A9,False,7,mBHI,mGAM,AA-AC/PP,A9-AA-AC/PP-mGAM-mBHI,AA-AC/PP-mGAM-mBHI,AA-AC/PP-mGAM,A3-e003Coalescence-Inoculumn-mGAM,A9-e003Coalescence-mBHI-p7,A9-e003Coalescence-mBHI-p7
221,D11-e003Coalescence-mGAM-p7,False,D11-e003Coalescence-mGAM-p7,True,D11,False,7,mGAM,mGAM,AF-AF,D11-AF-AF-mGAM-mGAM,AF-AF-mGAM-mGAM,AF-AF-mGAM,D5-e003Coalescence-Inoculumn-mGAM,D11-e003Coalescence-mGAM-p7,D11-e003Coalescence-mGAM-p7
222,D5-e003Coalescence-mGAM-p3,False,D5-e003Coalescence-mGAM-p3,True,D5,False,3,mGAM,mBHI,AF-AF,D5-AF-AF-mBHI-mGAM,AF-AF-mBHI-mGAM,AF-AF-mBHI,D5-e003Coalescence-Inoculumn-mBHI,D5-e003Coalescence-mGAM-p3,D5-e003Coalescence-mGAM-p3
229,A10-e003Coalescence-mGAM-p7,False,A10-e003Coalescence-mGAM-p7,True,A10,False,7,mGAM,mGAM,AA-AE,A10-AA-AE-mGAM-mGAM,AA-AE-mGAM-mGAM,AA-AE-mGAM,A4-e003Coalescence-Inoculumn-mGAM,A10-e003Coalescence-mGAM-p7,A10-e003Coalescence-mGAM-p7
232,D9-e003Coalescence-mBHI-p5,False,D9-e003Coalescence-mBHI-p5,True,D9,False,5,mBHI,mGAM,AC/PP-AF,D9-AC/PP-AF-mGAM-mBHI,AC/PP-AF-mGAM-mBHI,AC/PP-AF-mGAM,D3-e003Coalescence-Inoculumn-mGAM,D9-e003Coalescence-mBHI-p5,D9-e003Coalescence-mBHI-p5
234,D4-e003Coalescence-mGAM-p3,False,D4-e003Coalescence-mGAM-p3,True,D4,False,3,mGAM,mBHI,AE-AF,D4-AE-AF-mBHI-mGAM,AE-AF-mBHI-mGAM,AE-AF-mBHI,D4-e003Coalescence-Inoculumn-mBHI,D4-e003Coalescence-mGAM-p3,D4-e003Coalescence-mGAM-p3
235,B9-e003Coalescence-mBHI-p7,False,B9-e003Coalescence-mBHI-p7,True,B9,False,7,mBHI,mGAM,AC/PP-AC/PP,B9-AC/PP-AC/PP-mGAM-mBHI,AC/PP-AC/PP-mGAM-mBHI,AC/PP-AC/PP-mGAM,B3-e003Coalescence-Inoculumn-mGAM,B9-e003Coalescence-mBHI-p7,B9-e003Coalescence-mBHI-p7
236,A2-e003Coalescence-mGAM-p5,False,A2-e003Coalescence-mGAM-p5,True,A2,False,5,mGAM,mBHI,AA-AA,A2-AA-AA-mBHI-mGAM,AA-AA-mBHI-mGAM,AA-AA-mBHI,A2-e003Coalescence-Inoculumn-mBHI,A2-e003Coalescence-mGAM-p5,A2-e003Coalescence-mGAM-p5
238,C3-e003Coalescence-mGAM-p7,False,C3-e003Coalescence-mGAM-p7,True,C3,False,7,mGAM,mBHI,AC/PP-AE,C3-AC/PP-AE-mBHI-mGAM,AC/PP-AE-mBHI-mGAM,AC/PP-AE-mBHI,C3-e003Coalescence-mBHI-inoculumn-redo,C3-e003Coalescence-mGAM-p7,C3-e003Coalescence-mGAM-p7
239,A3-e003Coalescence-mGAM-p5,False,A3-e003Coalescence-mGAM-p5,True,A3,False,5,mGAM,mBHI,AA-AC/PP,A3-AA-AC/PP-mBHI-mGAM,AA-AC/PP-mBHI-mGAM,AA-AC/PP-mBHI,A3-e003Coalescence-mBHI-inoculumn-redo,A3-e003Coalescence-mGAM-p5,A3-e003Coalescence-mGAM-p5
242,B3-e003Coalescence-mGAM-p5,False,B3-e003Coalescence-mGAM-p5,True,B3,False,5,mGAM,mBHI,AC/PP-AC/PP,B3-AC/PP-AC/PP-mBHI-mGAM,AC/PP-AC/PP-mBHI-mGAM,AC/PP-AC/PP-mBHI,B3-e003Coalescence-Inoculumn-mBHI,B3-e003Coalescence-mGAM-p5,B3-e003Coalescence-mGAM-p5
243,D9-e003Coalescence-mBHI-p7,False,D9-e003Coalescence-mBHI-p7,True,D9,False,7,mBHI,mGAM,AC/PP-AF,D9-AC/PP-AF-mGAM-mBHI,AC/PP-AF-mGAM-mBHI,AC/PP-AF-mGAM,D3-e003Coalescence-Inoculumn-mGAM,D9-e003Coalescence-mBHI-p7,D9-e003Coalescence-mBHI-p7
247,C5-e003Coalescence-mBHI-p7,False,C5-e003Coalescence-mBHI-p7,True,C5,False,7,mBHI,mBHI,AE-AF,C5-AE-AF-mBHI-mBHI,AE-AF-mBHI-mBHI,AE-AF-mBHI,C5-e003Coalescence-mBHI-inoculumn-redo,C5-e003Coalescence-mBHI-p7,C5-e003Coalescence-mBHI-p7
251,C11-e003Coalescence-mGAM-p7,False,C11-e003Coalescence-mGAM-p7,True,C11,False,7,mGAM,mGAM,AE-AF,C11-AE-AF-mGAM-mGAM,AE-AF-mGAM-mGAM,AE-AF-mGAM,C5-e003Coalescence-Inoculumn-mGAM,C11-e003Coalescence-mGAM-p7,C11-e003Coalescence-mGAM-p7
253,D10-e003Coalescence-mBHI-p7,False,D10-e003Coalescence-mBHI-p7,True,D10,False,7,mBHI,mGAM,AE-AF,D10-AE-AF-mGAM-mBHI,AE-AF-mGAM-mBHI,AE-AF-mGAM,D4-e003Coalescence-Inoculumn-mGAM,D10-e003Coalescence-mBHI-p7,D10-e003Coalescence-mBHI-p7
254,C9-e003Coalescence-mBHI-p7,False,C9-e003Coalescence-mBHI-p7,True,C9,False,7,mBHI,mGAM,AC/PP-AE,C9-AC/PP-AE-mGAM-mBHI,AC/PP-AE-mGAM-mBHI,AC/PP-AE-mGAM,C3-e003Coalescence-Inoculumn-mGAM,C9-e003Coalescence-mBHI-p7,C9-e003Coalescence-mBHI-p7
255,A2-e003Coalescence-mBHI-p3,False,A2-e003Coalescence-mBHI-p3,True,A2,False,3,mBHI,mBHI,AA-AA,A2-AA-AA-mBHI-mBHI,AA-AA-mBHI-mBHI,AA-AA-mBHI,A2-e003Coalescence-Inoculumn-mBHI,A2-e003Coalescence-mBHI-p3,A2-e003Coalescence-mBHI-p3
256,B8-e003Coalescence-mGAM-p5,False,B8-e003Coalescence-mGAM-p5,True,B8,False,5,mGAM,mGAM,AA-AC/PP,B8-AA-AC/PP-mGAM-mGAM,AA-AC/PP-mGAM-mGAM,AA-AC/PP-mGAM,B2-e003Coalescence-Inoculumn-mGAM,B8-e003Coalescence-mGAM-p5,B8-e003Coalescence-mGAM-p5
260,B3-e003Coalescence-mBHI-p5,False,B3-e003Coalescence-mBHI-p5,True,B3,False,5,mBHI,mBHI,AC/PP-AC/PP,B3-AC/PP-AC/PP-mBHI-mBHI,AC/PP-AC/PP-mBHI-mBHI,AC/PP-AC/PP-mBHI,B3-e003Coalescence-Inoculumn-mBHI,B3-e003Coalescence-mBHI-p5,B3-e003Coalescence-mBHI-p5
262,A8-e003Coalescence-mGAM-p7,False,A8-e003Coalescence-mGAM-p7,True,A8,False,7,mGAM,mGAM,AA-AA,A8-AA-AA-mGAM-mGAM,AA-AA-mGAM-mGAM,AA-AA-mGAM,A2-e003Coalescence-Inoculumn-mGAM,A8-e003Coalescence-mGAM-p7,A8-e003Coalescence-mGAM-p7
265,A11-e003Coalescence-mBHI-p5,False,A11-e003Coalescence-mBHI-p5,True,A11,False,5,mBHI,mGAM,AA-AF,A11-AA-AF-mGAM-mBHI,AA-AF-mGAM-mBHI,AA-AF-mGAM,A5-e003Coalescence-Inoculumn-mGAM,A11-e003Coalescence-mBHI-p5,A11-e003Coalescence-mBHI-p5
266,C10-e003Coalescence-mGAM-p5,False,C10-e003Coalescence-mGAM-p5,True,C10,False,5,mGAM,mGAM,AE-AE,C10-AE-AE-mGAM-mGAM,AE-AE-mGAM-mGAM,AE-AE-mGAM,C4-e003Coalescence-Inoculumn-mGAM,C10-e003Coalescence-mGAM-p5,C10-e003Coalescence-mGAM-p5
270,A3-e003Coalescence-mBHI-p3,False,A3-e003Coalescence-mBHI-p3,True,A3,False,3,mBHI,mBHI,AA-AC/PP,A3-AA-AC/PP-mBHI-mBHI,AA-AC/PP-mBHI-mBHI,AA-AC/PP-mBHI,A3-e003Coalescence-mBHI-inoculumn-redo,A3-e003Coalescence-mBHI-p3,A3-e003Coalescence-mBHI-p3
273,A2-e003Coalescence-mBHI-p5,False,A2-e003Coalescence-mBHI-p5,True,A2,False,5,mBHI,mBHI,AA-AA,A2-AA-AA-mBHI-mBHI,AA-AA-mBHI-mBHI,AA-AA-mBHI,A2-e003Coalescence-Inoculumn-mBHI,A2-e003Coalescence-mBHI-p5,A2-e003Coalescence-mBHI-p5
277,C10-e003Coalescence-mBHI-p5,False,C10-e003Coalescence-mBHI-p5,True,C10,False,5,mBHI,mGAM,AE-AE,C10-AE-AE-mGAM-mBHI,AE-AE-mGAM-mBHI,AE-AE-mGAM,C4-e003Coalescence-Inoculumn-mGAM,C10-e003Coalescence-mBHI-p5,C10-e003Coalescence-mBHI-p5
278,B9-e003Coalescence-mBHI-p3,False,B9-e003Coalescence-mBHI-p3,True,B9,False,3,mBHI,mGAM,AC/PP-AC/PP,B9-AC/PP-AC/PP-mGAM-mBHI,AC/PP-AC/PP-mGAM-mBHI,AC/PP-AC/PP-mGAM,B3-e003Coalescence-Inoculumn-mGAM,B9-e003Coalescence-mBHI-p3,B9-e003Coalescence-mBHI-p3
281,B5-e003Coalescence-mGAM-p3,False,B5-e003Coalescence-mGAM-p3,True,B5,False,3,mGAM,mBHI,AC/PP-AF,B5-AC/PP-AF-mBHI-mGAM,AC/PP-AF-mBHI-mGAM,AC/PP-AF-mBHI,B5-e003Coalescence-Inoculumn-mBHI,B5-e003Coalescence-mGAM-p3,B5-e003Coalescence-mGAM-p3
282,A3-e003Coalescence-mBHI-p5,False,A3-e003Coalescence-mBHI-p5,True,A3,False,5,mBHI,mBHI,AA-AC/PP,A3-AA-AC/PP-mBHI-mBHI,AA-AC/PP-mBHI-mBHI,AA-AC/PP-mBHI,A3-e003Coalescence-mBHI-inoculumn-redo,A3-e003Coalescence-mBHI-p5,A3-e003Coalescence-mBHI-p5
287,A5-e003Coalescence-mBHI-p3,False,A5-e003Coalescence-mBHI-p3,True,A5,False,3,mBHI,mBHI,AA-AF,A5-AA-AF-mBHI-mBHI,AA-AF-mBHI-mBHI,AA-AF-mBHI,A5-e003Coalescence-Inoculumn-mBHI,A5-e003Coalescence-mBHI-p3,A5-e003Coalescence-mBHI-p3
289,A4-e003Coalescence-mBHI-p3,False,A4-e003Coalescence-mBHI-p3,True,A4,False,3,mBHI,mBHI,AA-AE,A4-AA-AE-mBHI-mBHI,AA-AE-mBHI-mBHI,AA-AE-mBHI,A4-e003Coalescence-mBHI-inoculumn-redo,A4-e003Coalescence-mBHI-p3,A4-e003Coalescence-mBHI-p3
294,C9-e003Coalescence-mGAM-p5,False,C9-e003Coalescence-mGAM-p5,True,C9,False,5,mGAM,mGAM,AC/PP-AE,C9-AC/PP-AE-mGAM-mGAM,AC/PP-AE-mGAM-mGAM,AC/PP-AE-mGAM,C3-e003Coalescence-Inoculumn-mGAM,C9-e003Coalescence-mGAM-p5,C9-e003Coalescence-mGAM-p5
296,C2-e003Coalescence-mGAM-p5,False,C2-e003Coalescence-mGAM-p5,True,C2,False,5,mGAM,mBHI,AA-AE,C2-AA-AE-mBHI-mGAM,AA-AE-mBHI-mGAM,AA-AE-mBHI,C2-e003Coalescence-mBHI-inoculumn-redo,C2-e003Coalescence-mGAM-p5,C2-e003Coalescence-mGAM-p5
298,C8-e003Coalescence-mBHI-p5,False,C8-e003Coalescence-mBHI-p5,True,C8,False,5,mBHI,mGAM,AA-AE,C8-AA-AE-mGAM-mBHI,AA-AE-mGAM-mBHI,AA-AE-mGAM,C2-e003Coalescence-Inoculumn-mGAM,C8-e003Coalescence-mBHI-p5,C8-e003Coalescence-mBHI-p5
299,B8-e003Coalescence-mGAM-p7,False,B8-e003Coalescence-mGAM-p7,True,B8,False,7,mGAM,mGAM,AA-AC/PP,B8-AA-AC/PP-mGAM-mGAM,AA-AC/PP-mGAM-mGAM,AA-AC/PP-mGAM,B2-e003Coalescence-Inoculumn-mGAM,B8-e003Coalescence-mGAM-p7,B8-e003Coalescence-mGAM-p7
303,B8-e003Coalescence-mBHI-p7,False,B8-e003Coalescence-mBHI-p7,True,B8,False,7,mBHI,mGAM,AA-AC/PP,B8-AA-AC/PP-mGAM-mBHI,AA-AC/PP-mGAM-mBHI,AA-AC/PP-mGAM,B2-e003Coalescence-Inoculumn-mGAM,B8-e003Coalescence-mBHI-p7,B8-e003Coalescence-mBHI-p7
307,B11-e003Coalescence-mBHI-p3,False,B11-e003Coalescence-mBHI-p3,True,B11,False,3,mBHI,mGAM,AC/PP-AF,B11-AC/PP-AF-mGAM-mBHI,AC/PP-AF-mGAM-mBHI,AC/PP-AF-mGAM,B5-e003Coalescence-Inoculumn-mGAM,B11-e003Coalescence-mBHI-p3,B11-e003Coalescence-mBHI-p3
309,C4-e003Coalescence-mBHI-p5,False,C4-e003Coalescence-mBHI-p5,True,C4,False,5,mBHI,mBHI,AE-AE,C4-AE-AE-mBHI-mBHI,AE-AE-mBHI-mBHI,AE-AE-mBHI,C4-e003Coalescence-mBHI-inoculumn-redo,C4-e003Coalescence-mBHI-p5,C4-e003Coalescence-mBHI-p5
316,A11-e003Coalescence-mBHI-p3,False,A11-e003Coalescence-mBHI-p3,True,A11,False,3,mBHI,mGAM,AA-AF,A11-AA-AF-mGAM-mBHI,AA-AF-mGAM-mBHI,AA-AF-mGAM,A5-e003Coalescence-Inoculumn-mGAM,A11-e003Coalescence-mBHI-p3,A11-e003Coalescence-mBHI-p3
319,B2-e003Coalescence-mBHI-p7,False,B2-e003Coalescence-mBHI-p7,True,B2,False,7,mBHI,mBHI,AA-AC/PP,B2-AA-AC/PP-mBHI-mBHI,AA-AC/PP-mBHI-mBHI,AA-AC/PP-mBHI,B2-e003Coalescence-Inoculumn-mBHI,B2-e003Coalescence-mBHI-p7,B2-e003Coalescence-mBHI-p7
321,B4-e003Coalescence-mBHI-p3,False,B4-e003Coalescence-mBHI-p3,True,B4,False,3,mBHI,mBHI,AC/PP-AE,B4-AC/PP-AE-mBHI-mBHI,AC/PP-AE-mBHI-mBHI,AC/PP-AE-mBHI,B4-e003Coalescence-Inoculumn-mBHI,B4-e003Coalescence-mBHI-p3,B4-e003Coalescence-mBHI-p3
323,C2-e003Coalescence-mBHI-p7,False,C2-e003Coalescence-mBHI-p7,True,C2,False,7,mBHI,mBHI,AA-AE,C2-AA-AE-mBHI-mBHI,AA-AE-mBHI-mBHI,AA-AE-mBHI,C2-e003Coalescence-mBHI-inoculumn-redo,C2-e003Coalescence-mBHI-p7,C2-e003Coalescence-mBHI-p7
324,A9-e003Coalescence-mGAM-p5,False,A9-e003Coalescence-mGAM-p5,True,A9,False,5,mGAM,mGAM,AA-AC/PP,A9-AA-AC/PP-mGAM-mGAM,AA-AC/PP-mGAM-mGAM,AA-AC/PP-mGAM,A3-e003Coalescence-Inoculumn-mGAM,A9-e003Coalescence-mGAM-p5,A9-e003Coalescence-mGAM-p5
325,C10-e003Coalescence-mGAM-p7,False,C10-e003Coalescence-mGAM-p7,True,C10,False,7,mGAM,mGAM,AE-AE,C10-AE-AE-mGAM-mGAM,AE-AE-mGAM-mGAM,AE-AE-mGAM,C4-e003Coalescence-Inoculumn-mGAM,C10-e003Coalescence-mGAM-p7,C10-e003Coalescence-mGAM-p7
327,A11-e003Coalescence-mGAM-p3,False,A11-e003Coalescence-mGAM-p3,True,A11,False,3,mGAM,mGAM,AA-AF,A11-AA-AF-mGAM-mGAM,AA-AF-mGAM-mGAM,AA-AF-mGAM,A5-e003Coalescence-Inoculumn-mGAM,A11-e003Coalescence-mGAM-p3,A11-e003Coalescence-mGAM-p3
328,C10-e003Coalescence-mBHI-p3,False,C10-e003Coalescence-mBHI-p3,True,C10,False,3,mBHI,mGAM,AE-AE,C10-AE-AE-mGAM-mBHI,AE-AE-mGAM-mBHI,AE-AE-mGAM,C4-e003Coalescence-Inoculumn-mGAM,C10-e003Coalescence-mBHI-p3,C10-e003Coalescence-mBHI-p3
329,D2-e003Coalescence-mBHI-p3,False,D2-e003Coalescence-mBHI-p3,True,D2,False,3,mBHI,mBHI,AA-AF,D2-AA-AF-mBHI-mBHI,AA-AF-mBHI-mBHI,AA-AF-mBHI,D2-e003Coalescence-Inoculumn-mBHI,D2-e003Coalescence-mBHI-p3,D2-e003Coalescence-mBHI-p3
331,H5-e003Coalescence-mBHI-p5,True,H5-e003Coalescence-mBHI-p5_S40,True,H5,False,5,mBHI,mBHI,AF-AF,H5-AF-AF-mBHI-mBHI,AF-AF-mBHI-mBHI,AF-AF-mBHI,D5-e003Coalescence-Inoculumn-mBHI,H5-e003Coalescence-mBHI-p5_S40,H5-e003Coalescence-mBHI-p5
332,E2-e003Coalescence-mGAM-p7,True,E2-e003Coalescence-mGAM-p7_S145,True,E2,False,7,mGAM,mBHI,AA-AA,E2-AA-AA-mBHI-mGAM,AA-AA-mBHI-mGAM,AA-AA-mBHI,A2-e003Coalescence-Inoculumn-mBHI,E2-e003Coalescence-mGAM-p7_S145,E2-e003Coalescence-mGAM-p7
333,G5-e003Coalescence-mBHI-p7,True,G5-e003Coalescence-mBHI-p7_S124,True,G5,False,7,mBHI,mBHI,AE-AF,G5-AE-AF-mBHI-mBHI,AE-AF-mBHI-mBHI,AE-AF-mBHI,C5-e003Coalescence-mBHI-inoculumn-redo,G5-e003Coalescence-mBHI-p7_S124,G5-e003Coalescence-mBHI-p7
334,H11-e003Coalescence-mGAM-p7,True,H111-e003Coalescence-mGAM-p7_S188,True,H11,False,7,mGAM,mGAM,AF-AF,H11-AF-AF-mGAM-mGAM,AF-AF-mGAM-mGAM,AF-AF-mGAM,D5-e003Coalescence-Inoculumn-mGAM,H111-e003Coalescence-mGAM-p7_S188,H11-e003Coalescence-mGAM-p7
335,H4-e003Coalescence-mGAM-p7,True,H4-e003Coalescence-mGAM-p7_S183,True,H4,False,7,mGAM,mBHI,AE-AF,H4-AE-AF-mBHI-mGAM,AE-AF-mBHI-mGAM,AE-AF-mBHI,D4-e003Coalescence-Inoculumn-mBHI,H4-e003Coalescence-mGAM-p7_S183,H4-e003Coalescence-mGAM-p7
336,F5-e003Coalescence-mGAM-p5,True,F5-e003Coalescence-mGAM-p5_S64,True,F5,False,5,mGAM,mBHI,AC/PP-AF,F5-AC/PP-AF-mBHI-mGAM,AC/PP-AF-mBHI-mGAM,AC/PP-AF-mBHI,B5-e003Coalescence-Inoculumn-mBHI,F5-e003Coalescence-mGAM-p5_S64,F5-e003Coalescence-mGAM-p5
337,F5-e003Coalescence-mGAM-p7,True,F5-e003Coalescence-mGAM-p7_S160,True,F5,False,7,mGAM,mBHI,AC/PP-AF,F5-AC/PP-AF-mBHI-mGAM,AC/PP-AF-mBHI-mGAM,AC/PP-AF-mBHI,B5-e003Coalescence-Inoculumn-mBHI,F5-e003Coalescence-mGAM-p7_S160,F5-e003Coalescence-mGAM-p7
338,F8-e003Coalescence-mBHI-p3,True,F8-e003Coalescence-mBHI-p3_S117,True,F8,False,3,mBHI,mGAM,AA-AC/PP,F8-AA-AC/PP-mGAM-mBHI,AA-AC/PP-mGAM-mBHI,AA-AC/PP-mGAM,B2-e003Coalescence-Inoculumn-mGAM,F8-e003Coalescence-mBHI-p3_S117,F8-e003Coalescence-mBHI-p3
339,H3-e003Coalescence-mBHI-p3,True,H3-e003Coalescence-mBHI-p3_S46,True,H3,False,3,mBHI,mBHI,AC/PP-AF,H3-AC/PP-AF-mBHI-mBHI,AC/PP-AF-mBHI-mBHI,AC/PP-AF-mBHI,D3-e003Coalescence-Inoculumn-mBHI,H3-e003Coalescence-mBHI-p3_S46,H3-e003Coalescence-mBHI-p3
340,H2-e003Coalescence-mBHI-p7,True,H2-e003Coalescence-mBHI-p7_S133,True,H2,False,7,mBHI,mBHI,AA-AF,H2-AA-AF-mBHI-mBHI,AA-AF-mBHI-mBHI,AA-AF-mBHI,D2-e003Coalescence-Inoculumn-mBHI,H2-e003Coalescence-mBHI-p7_S133,H2-e003Coalescence-mBHI-p7
341,E3-e003Coalescence-mBHI-p7,True,E3-e003Coalescence-mBHI-p7_S98,True,E3,False,7,mBHI,mBHI,AA-AC/PP,E3-AA-AC/PP-mBHI-mBHI,AA-AC/PP-mBHI-mBHI,AA-AC/PP-mBHI,A3-e003Coalescence-mBHI-inoculumn-redo,E3-e003Coalescence-mBHI-p7_S98,E3-e003Coalescence-mBHI-p7
342,E5-e003Coalescence-mBHI-p3,True,E5-e003Coalescence-mBHI-p3_S12,True,E5,False,3,mBHI,mBHI,AA-AF,E5-AA-AF-mBHI-mBHI,AA-AF-mBHI-mBHI,AA-AF-mBHI,A5-e003Coalescence-Inoculumn-mBHI,E5-e003Coalescence-mBHI-p3_S12,E5-e003Coalescence-mBHI-p3
343,F10-e003Coalescence-mGAM-p7,True,F100-e003Coalescence-mGAM-p7_S163,True,F10,False,7,mGAM,mGAM,AC/PP-AE,F10-AC/PP-AE-mGAM-mGAM,AC/PP-AE-mGAM-mGAM,AC/PP-AE-mGAM,B4-e003Coalescence-Inoculumn-mGAM,F100-e003Coalescence-mGAM-p7_S163,F10-e003Coalescence-mGAM-p7
344,E11-e003Coalescence-mGAM-p7,True,E111-e003Coalescence-mGAM-p7_S152,True,E11,False,7,mGAM,mGAM,AA-AF,E11-AA-AF-mGAM-mGAM,AA-AF-mGAM-mGAM,AA-AF-mGAM,A5-e003Coalescence-Inoculumn-mGAM,E111-e003Coalescence-mGAM-p7_S152,E11-e003Coalescence-mGAM-p7
345,F9-e003Coalescence-mBHI-p5,True,F9-e003Coalescence-mBHI-p5_S18,True,F9,False,5,mBHI,mGAM,AC/PP-AC/PP,F9-AC/PP-AC/PP-mGAM-mBHI,AC/PP-AC/PP-mGAM-mBHI,AC/PP-AC/PP-mGAM,B3-e003Coalescence-Inoculumn-mGAM,F9-e003Coalescence-mBHI-p5_S18,F9-e003Coalescence-mBHI-p5
346,H3-e003Coalescence-mBHI-p7,True,H3-e003Coalescence-mBHI-p7_S134,True,H3,False,7,mBHI,mBHI,AC/PP-AF,H3-AC/PP-AF-mBHI-mBHI,AC/PP-AF-mBHI-mBHI,AC/PP-AF-mBHI,D3-e003Coalescence-Inoculumn-mBHI,H3-e003Coalescence-mBHI-p7_S134,H3-e003Coalescence-mBHI-p7
347,E3-e003Coalescence-mGAM-p3,True,E3-e003Coalescence-mGAM-p3_S58,True,E3,False,3,mGAM,mBHI,AA-AC/PP,E3-AA-AC/PP-mBHI-mGAM,AA-AC/PP-mBHI-mGAM,AA-AC/PP-mBHI,A3-e003Coalescence-mBHI-inoculumn-redo,E3-e003Coalescence-mGAM-p3_S58,E3-e003Coalescence-mGAM-p3
348,H8-e003Coalescence-mBHI-p3,True,H8-e003Coalescence-mBHI-p3_S141,True,H8,False,3,mBHI,mGAM,AA-AF,H8-AA-AF-mGAM-mBHI,AA-AF-mGAM-mBHI,AA-AF-mGAM,D2-e003Coalescence-Inoculumn-mGAM,H8-e003Coalescence-mBHI-p3_S141,H8-e003Coalescence-mBHI-p3
349,G4-e003Coalescence-mBHI-p5,True,G4-e003Coalescence-mBHI-p5_S27,True,G4,False,5,mBHI,mBHI,AE-AE,G4-AE-AE-mBHI-mBHI,AE-AE-mBHI-mBHI,AE-AE-mBHI,C4-e003Coalescence-mBHI-inoculumn-redo,G4-e003Coalescence-mBHI-p5_S27,G4-e003Coalescence-mBHI-p5
350,E8-e003Coalescence-mBHI-p5,True,E8-e003Coalescence-mBHI-p5_S5,True,E8,False,5,mBHI,mGAM,AA-AA,E8-AA-AA-mGAM-mBHI,AA-AA-mGAM-mBHI,AA-AA-mGAM,A2-e003Coalescence-Inoculumn-mGAM,E8-e003Coalescence-mBHI-p5_S5,E8-e003Coalescence-mBHI-p5
351,G2-e003Coalescence-mBHI-p3,True,G2-e003Coalescence-mBHI-p3_S33,True,G2,False,3,mBHI,mBHI,AA-AE,G2-AA-AE-mBHI-mBHI,AA-AE-mBHI-mBHI,AA-AE-mBHI,C2-e003Coalescence-mBHI-inoculumn-redo,G2-e003Coalescence-mBHI-p3_S33,G2-e003Coalescence-mBHI-p3
352,F10-e003Coalescence-mBHI-p3,True,F100-e003Coalescence-mBHI-p3_S119,True,F10,False,3,mBHI,mGAM,AC/PP-AE,F10-AC/PP-AE-mGAM-mBHI,AC/PP-AE-mGAM-mBHI,AC/PP-AE-mGAM,B4-e003Coalescence-Inoculumn-mGAM,F100-e003Coalescence-mBHI-p3_S119,F10-e003Coalescence-mBHI-p3
353,E9-e003Coalescence-mBHI-p5,True,E9-e003Coalescence-mBHI-p5_S6,True,E9,False,5,mBHI,mGAM,AA-AC/PP,E9-AA-AC/PP-mGAM-mBHI,AA-AC/PP-mGAM-mBHI,AA-AC/PP-mGAM,A3-e003Coalescence-Inoculumn-mGAM,E9-e003Coalescence-mBHI-p5_S6,E9-e003Coalescence-mBHI-p5
354,G3-e003Coalescence-mGAM-p7,True,G3-e003Coalescence-mGAM-p7_S170,True,G3,False,7,mGAM,mBHI,AC/PP-AE,G3-AC/PP-AE-mBHI-mGAM,AC/PP-AE-mBHI-mGAM,AC/PP-AE-mBHI,C3-e003Coalescence-mBHI-inoculumn-redo,G3-e003Coalescence-mGAM-p7_S170,G3-e003Coalescence-mGAM-p7
355,H11-e003Coalescence-mBHI-p3,True,H111-e003Coalescence-mBHI-p3_S144,True,H11,False,3,mBHI,mGAM,AF-AF,H11-AF-AF-mGAM-mBHI,AF-AF-mGAM-mBHI,AF-AF-mGAM,D5-e003Coalescence-Inoculumn-mGAM,H111-e003Coalescence-mBHI-p3_S144,H11-e003Coalescence-mBHI-p3
356,G11-e003Coalescence-mGAM-p5,True,G111-e003Coalescence-mGAM-p5_S80,True,G11,False,5,mGAM,mGAM,AE-AF,G11-AE-AF-mGAM-mGAM,AE-AF-mGAM-mGAM,AE-AF-mGAM,C5-e003Coalescence-Inoculumn-mGAM,G111-e003Coalescence-mGAM-p5_S80,G11-e003Coalescence-mGAM-p5
357,G10-e003Coalescence-mGAM-p3,True,G100-e003Coalescence-mGAM-p3_S179,True,G10,False,3,mGAM,mGAM,AE-AE,G10-AE-AE-mGAM-mGAM,AE-AE-mGAM-mGAM,AE-AE-mGAM,C4-e003Coalescence-Inoculumn-mGAM,G100-e003Coalescence-mGAM-p3_S179,G10-e003Coalescence-mGAM-p3
358,F11-e003Coalescence-mGAM-p5,True,F111-e003Coalescence-mGAM-p5_S68,True,F11,False,5,mGAM,mGAM,AC/PP-AF,F11-AC/PP-AF-mGAM-mGAM,AC/PP-AF-mGAM-mGAM,AC/PP-AF-mGAM,B5-e003Coalescence-Inoculumn-mGAM,F111-e003Coalescence-mGAM-p5_S68,F11-e003Coalescence-mGAM-p5
359,G11-e003Coalescence-mBHI-p5,True,G111-e003Coalescence-mBHI-p5_S32,True,G11,False,5,mBHI,mGAM,AE-AF,G11-AE-AF-mGAM-mBHI,AE-AF-mGAM-mBHI,AE-AF-mGAM,C5-e003Coalescence-Inoculumn-mGAM,G111-e003Coalescence-mBHI-p5_S32,G11-e003Coalescence-mBHI-p5
360,G5-e003Coalescence-mBHI-p3,True,G5-e003Coalescence-mBHI-p3_S36,True,G5,False,3,mBHI,mBHI,AE-AF,G5-AE-AF-mBHI-mBHI,AE-AF-mBHI-mBHI,AE-AF-mBHI,C5-e003Coalescence-mBHI-inoculumn-redo,G5-e003Coalescence-mBHI-p3_S36,G5-e003Coalescence-mBHI-p3
361,H2-e003Coalescence-mGAM-p7,True,H2-e003Coalescence-mGAM-p7_S181,True,H2,False,7,mGAM,mBHI,AA-AF,H2-AA-AF-mBHI-mGAM,AA-AF-mBHI-mGAM,AA-AF-mBHI,D2-e003Coalescence-Inoculumn-mBHI,H2-e003Coalescence-mGAM-p7_S181,H2-e003Coalescence-mGAM-p7
362,H9-e003Coalescence-mGAM-p3,True,H9-e003Coalescence-mGAM-p3_S190,True,H9,False,3,mGAM,mGAM,AC/PP-AF,H9-AC/PP-AF-mGAM-mGAM,AC/PP-AF-mGAM-mGAM,AC/PP-AF-mGAM,D3-e003Coalescence-Inoculumn-mGAM,H9-e003Coalescence-mGAM-p3_S190,H9-e003Coalescence-mGAM-p3
363,F2-e003Coalescence-mBHI-p7,True,F2-e003Coalescence-mBHI-p7_S109,True,F2,False,7,mBHI,mBHI,AA-AC/PP,F2-AA-AC/PP-mBHI-mBHI,AA-AC/PP-mBHI-mBHI,AA-AC/PP-mBHI,B2-e003Coalescence-Inoculumn-mBHI,F2-e003Coalescence-mBHI-p7_S109,F2-e003Coalescence-mBHI-p7
364,E3-e003Coalescence-mBHI-p3,True,E3-e003Coalescence-mBHI-p3_S10,True,E3,False,3,mBHI,mBHI,AA-AC/PP,E3-AA-AC/PP-mBHI-mBHI,AA-AC/PP-mBHI-mBHI,AA-AC/PP-mBHI,A3-e003Coalescence-mBHI-inoculumn-redo,E3-e003Coalescence-mBHI-p3_S10,E3-e003Coalescence-mBHI-p3
365,H2-e003Coalescence-mGAM-p5,True,H2-e003Coalescence-mGAM-p5_S85,True,H2,False,5,mGAM,mBHI,AA-AF,H2-AA-AF-mBHI-mGAM,AA-AF-mBHI-mGAM,AA-AF-mBHI,D2-e003Coalescence-Inoculumn-mBHI,H2-e003Coalescence-mGAM-p5_S85,H2-e003Coalescence-mGAM-p5
366,G8-e003Coalescence-mGAM-p3,True,G8-e003Coalescence-mGAM-p3_S177,True,G8,False,3,mGAM,mGAM,AA-AE,G8-AA-AE-mGAM-mGAM,AA-AE-mGAM-mGAM,AA-AE-mGAM,C2-e003Coalescence-Inoculumn-mGAM,G8-e003Coalescence-mGAM-p3_S177,G8-e003Coalescence-mGAM-p3
367,H11-e003Coalescence-mBHI-p7,True,H111-e003Coalescence-mBHI-p7_S140,True,H11,False,7,mBHI,mGAM,AF-AF,H11-AF-AF-mGAM-mBHI,AF-AF-mGAM-mBHI,AF-AF-mGAM,D5-e003Coalescence-Inoculumn-mGAM,H111-e003Coalescence-mBHI-p7_S140,H11-e003Coalescence-mBHI-p7
368,F2-e003Coalescence-mGAM-p7,True,F2-e003Coalescence-mGAM-p7_S157,True,F2,False,7,mGAM,mBHI,AA-AC/PP,F2-AA-AC/PP-mBHI-mGAM,AA-AC/PP-mBHI-mGAM,AA-AC/PP-mBHI,B2-e003Coalescence-Inoculumn-mBHI,F2-e003Coalescence-mGAM-p7_S157,F2-e003Coalescence-mGAM-p7
369,H3-e003Coalescence-mGAM-p3,True,H3-e003Coalescence-mGAM-p3_S94,True,H3,False,3,mGAM,mBHI,AC/PP-AF,H3-AC/PP-AF-mBHI-mGAM,AC/PP-AF-mBHI-mGAM,AC/PP-AF-mBHI,D3-e003Coalescence-Inoculumn-mBHI,H3-e003Coalescence-mGAM-p3_S94,H3-e003Coalescence-mGAM-p3
370,H8-e003Coalescence-mGAM-p3,True,H8-e003Coalescence-mGAM-p3_S189,True,H8,False,3,mGAM,mGAM,AA-AF,H8-AA-AF-mGAM-mGAM,AA-AF-mGAM-mGAM,AA-AF-mGAM,D2-e003Coalescence-Inoculumn-mGAM,H8-e003Coalescence-mGAM-p3_S189,H8-e003Coalescence-mGAM-p3
371,H4-e003Coalescence-mGAM-p3,True,H4-e003Coalescence-mGAM-p3_S95,True,H4,False,3,mGAM,mBHI,AE-AF,H4-AE-AF-mBHI-mGAM,AE-AF-mBHI-mGAM,AE-AF-mBHI,D4-e003Coalescence-Inoculumn-mBHI,H4-e003Coalescence-mGAM-p3_S95,H4-e003Coalescence-mGAM-p3
372,E5-e003Coalescence-mBHI-p7,True,E5-e003Coalescence-mBHI-p7_S100,True,E5,False,7,mBHI,mBHI,AA-AF,E5-AA-AF-mBHI-mBHI,AA-AF-mBHI-mBHI,AA-AF-mBHI,A5-e003Coalescence-Inoculumn-mBHI,E5-e003Coalescence-mBHI-p7_S100,E5-e003Coalescence-mBHI-p7
373,G11-e003Coalescence-mBHI-p3,True,G111-e003Coalescence-mBHI-p3_S132,True,G11,False,3,mBHI,mGAM,AE-AF,G11-AE-AF-mGAM-mBHI,AE-AF-mGAM-mBHI,AE-AF-mGAM,C5-e003Coalescence-Inoculumn-mGAM,G111-e003Coalescence-mBHI-p3_S132,G11-e003Coalescence-mBHI-p3
374,F3-e003Coalescence-mGAM-p3,True,F3-e003Coalescence-mGAM-p3_S70,True,F3,False,3,mGAM,mBHI,AC/PP-AC/PP,F3-AC/PP-AC/PP-mBHI-mGAM,AC/PP-AC/PP-mBHI-mGAM,AC/PP-AC/PP-mBHI,B3-e003Coalescence-Inoculumn-mBHI,F3-e003Coalescence-mGAM-p3_S70,F3-e003Coalescence-mGAM-p3
375,E10-e003Coalescence-mBHI-p7,True,E100-e003Coalescence-mBHI-p7_S103,True,E10,False,7,mBHI,mGAM,AA-AE,E10-AA-AE-mGAM-mBHI,AA-AE-mGAM-mBHI,AA-AE-mGAM,A4-e003Coalescence-Inoculumn-mGAM,E100-e003Coalescence-mBHI-p7_S103,E10-e003Coalescence-mBHI-p7
376,F9-e003Coalescence-mGAM-p5,True,F9-e003Coalescence-mGAM-p5_S66,True,F9,False,5,mGAM,mGAM,AC/PP-AC/PP,F9-AC/PP-AC/PP-mGAM-mGAM,AC/PP-AC/PP-mGAM-mGAM,AC/PP-AC/PP-mGAM,B3-e003Coalescence-Inoculumn-mGAM,F9-e003Coalescence-mGAM-p5_S66,F9-e003Coalescence-mGAM-p5
377,G11-e003Coalescence-mGAM-p7,True,G111-e003Coalescence-mGAM-p7_S176,True,G11,False,7,mGAM,mGAM,AE-AF,G11-AE-AF-mGAM-mGAM,AE-AF-mGAM-mGAM,AE-AF-mGAM,C5-e003Coalescence-Inoculumn-mGAM,G111-e003Coalescence-mGAM-p7_S176,G11-e003Coalescence-mGAM-p7
378,H10-e003Coalescence-mGAM-p7,True,H100-e003Coalescence-mGAM-p7_S187,True,H10,False,7,mGAM,mGAM,AE-AF,H10-AE-AF-mGAM-mGAM,AE-AF-mGAM-mGAM,AE-AF-mGAM,D4-e003Coalescence-Inoculumn-mGAM,H100-e003Coalescence-mGAM-p7_S187,H10-e003Coalescence-mGAM-p7
379,E10-e003Coalescence-mGAM-p3,True,E100-e003Coalescence-mGAM-p3_S155,True,E10,False,3,mGAM,mGAM,AA-AE,E10-AA-AE-mGAM-mGAM,AA-AE-mGAM-mGAM,AA-AE-mGAM,A4-e003Coalescence-Inoculumn-mGAM,E100-e003Coalescence-mGAM-p3_S155,E10-e003Coalescence-mGAM-p3
380,E3-e003Coalescence-mGAM-p5,True,E3-e003Coalescence-mGAM-p5_S50,True,E3,False,5,mGAM,mBHI,AA-AC/PP,E3-AA-AC/PP-mBHI-mGAM,AA-AC/PP-mBHI-mGAM,AA-AC/PP-mBHI,A3-e003Coalescence-mBHI-inoculumn-redo,E3-e003Coalescence-mGAM-p5_S50,E3-e003Coalescence-mGAM-p5
381,F5-e003Coalescence-mGAM-p3,True,F5-e003Coalescence-mGAM-p3_S72,True,F5,False,3,mGAM,mBHI,AC/PP-AF,F5-AC/PP-AF-mBHI-mGAM,AC/PP-AF-mBHI-mGAM,AC/PP-AF-mBHI,B5-e003Coalescence-Inoculumn-mBHI,F5-e003Coalescence-mGAM-p3_S72,F5-e003Coalescence-mGAM-p3
382,E9-e003Coalescence-mBHI-p7,True,E9-e003Coalescence-mBHI-p7_S102,True,E9,False,7,mBHI,mGAM,AA-AC/PP,E9-AA-AC/PP-mGAM-mBHI,AA-AC/PP-mGAM-mBHI,AA-AC/PP-mGAM,A3-e003Coalescence-Inoculumn-mGAM,E9-e003Coalescence-mBHI-p7_S102,E9-e003Coalescence-mBHI-p7
383,E5-e003Coalescence-mBHI-p5,True,E5-e003Coalescence-mBHI-p5_S4,True,E5,False,5,mBHI,mBHI,AA-AF,E5-AA-AF-mBHI-mBHI,AA-AF-mBHI-mBHI,AA-AF-mBHI,A5-e003Coalescence-Inoculumn-mBHI,E5-e003Coalescence-mBHI-p5_S4,E5-e003Coalescence-mBHI-p5
384,F11-e003Coalescence-mGAM-p7,True,F111-e003Coalescence-mGAM-p7_S164,True,F11,False,7,mGAM,mGAM,AC/PP-AF,F11-AC/PP-AF-mGAM-mGAM,AC/PP-AF-mGAM-mGAM,AC/PP-AF-mGAM,B5-e003Coalescence-Inoculumn-mGAM,F111-e003Coalescence-mGAM-p7_S164,F11-e003Coalescence-mGAM-p7
385,E11-e003Coalescence-mBHI-p5,True,E111-e003Coalescence-mBHI-p5_S8,True,E11,False,5,mBHI,mGAM,AA-AF,E11-AA-AF-mGAM-mBHI,AA-AF-mGAM-mBHI,AA-AF-mGAM,A5-e003Coalescence-Inoculumn-mGAM,E111-e003Coalescence-mBHI-p5_S8,E11-e003Coalescence-mBHI-p5
386,H10-e003Coalescence-mBHI-p5,True,H100-e003Coalescence-mBHI-p5_S43,True,H10,False,5,mBHI,mGAM,AE-AF,H10-AE-AF-mGAM-mBHI,AE-AF-mGAM-mBHI,AE-AF-mGAM,D4-e003Coalescence-Inoculumn-mGAM,H100-e003Coalescence-mBHI-p5_S43,H10-e003Coalescence-mBHI-p5
387,G2-e003Coalescence-mGAM-p7,True,G2-e003Coalescence-mGAM-p7_S169,True,G2,False,7,mGAM,mBHI,AA-AE,G2-AA-AE-mBHI-mGAM,AA-AE-mBHI-mGAM,AA-AE-mBHI,C2-e003Coalescence-mBHI-inoculumn-redo,G2-e003Coalescence-mGAM-p7_S169,G2-e003Coalescence-mGAM-p7
388,F2-e003Coalescence-mGAM-p5,True,F2-e003Coalescence-mGAM-p5_S61,True,F2,False,5,mGAM,mBHI,AA-AC/PP,F2-AA-AC/PP-mBHI-mGAM,AA-AC/PP-mBHI-mGAM,AA-AC/PP-mBHI,B2-e003Coalescence-Inoculumn-mBHI,F2-e003Coalescence-mGAM-p5_S61,F2-e003Coalescence-mGAM-p5
389,F5-e003Coalescence-mBHI-p5,True,F5-e003Coalescence-mBHI-p5_S16,True,F5,False,5,mBHI,mBHI,AC/PP-AF,F5-AC/PP-AF-mBHI-mBHI,AC/PP-AF-mBHI-mBHI,AC/PP-AF-mBHI,B5-e003Coalescence-Inoculumn-mBHI,F5-e003Coalescence-mBHI-p5_S16,F5-e003Coalescence-mBHI-p5
390,F8-e003Coalescence-mGAM-p5,True,F8-e003Coalescence-mGAM-p5_S65,True,F8,False,5,mGAM,mGAM,AA-AC/PP,F8-AA-AC/PP-mGAM-mGAM,AA-AC/PP-mGAM-mGAM,AA-AC/PP-mGAM,B2-e003Coalescence-Inoculumn-mGAM,F8-e003Coalescence-mGAM-p5_S65,F8-e003Coalescence-mGAM-p5
391,H8-e003Coalescence-mBHI-p7,True,H8-e003Coalescence-mBHI-p7_S137,True,H8,False,7,mBHI,mGAM,AA-AF,H8-AA-AF-mGAM-mBHI,AA-AF-mGAM-mBHI,AA-AF-mGAM,D2-e003Coalescence-Inoculumn-mGAM,H8-e003Coalescence-mBHI-p7_S137,H8-e003Coalescence-mBHI-p7
392,E11-e003Coalescence-mGAM-p3,True,E111-e003Coalescence-mGAM-p3_S156,True,E11,False,3,mGAM,mGAM,AA-AF,E11-AA-AF-mGAM-mGAM,AA-AF-mGAM-mGAM,AA-AF-mGAM,A5-e003Coalescence-Inoculumn-mGAM,E111-e003Coalescence-mGAM-p3_S156,E11-e003Coalescence-mGAM-p3
393,H5-e003Coalescence-mBHI-p3,True,H5-e003Coalescence-mBHI-p3_S48,True,H5,False,3,mBHI,mBHI,AF-AF,H5-AF-AF-mBHI-mBHI,AF-AF-mBHI-mBHI,AF-AF-mBHI,D5-e003Coalescence-Inoculumn-mBHI,H5-e003Coalescence-mBHI-p3_S48,H5-e003Coalescence-mBHI-p3
394,G9-e003Coalescence-mGAM-p5,True,G9-e003Coalescence-mGAM-p5_S78,True,G9,False,5,mGAM,mGAM,AC/PP-AE,G9-AC/PP-AE-mGAM-mGAM,AC/PP-AE-mGAM-mGAM,AC/PP-AE-mGAM,C3-e003Coalescence-Inoculumn-mGAM,G9-e003Coalescence-mGAM-p5_S78,G9-e003Coalescence-mGAM-p5
395,E2-e003Coalescence-mBHI-p5,True,E2-e003Coalescence-mBHI-p5_S1,True,E2,False,5,mBHI,mBHI,AA-AA,E2-AA-AA-mBHI-mBHI,AA-AA-mBHI-mBHI,AA-AA-mBHI,A2-e003Coalescence-Inoculumn-mBHI,E2-e003Coalescence-mBHI-p5_S1,E2-e003Coalescence-mBHI-p5
396,E2-e003Coalescence-mBHI-p3,True,E2-e003Coalescence-mBHI-p3_S9,True,E2,False,3,mBHI,mBHI,AA-AA,E2-AA-AA-mBHI-mBHI,AA-AA-mBHI-mBHI,AA-AA-mBHI,A2-e003Coalescence-Inoculumn-mBHI,E2-e003Coalescence-mBHI-p3_S9,E2-e003Coalescence-mBHI-p3
397,G8-e003Coalescence-mGAM-p5,True,G8-e003Coalescence-mGAM-p5_S77,True,G8,False,5,mGAM,mGAM,AA-AE,G8-AA-AE-mGAM-mGAM,AA-AE-mGAM-mGAM,AA-AE-mGAM,C2-e003Coalescence-Inoculumn-mGAM,G8-e003Coalescence-mGAM-p5_S77,G8-e003Coalescence-mGAM-p5
398,G3-e003Coalescence-mBHI-p3,True,G3-e003Coalescence-mBHI-p3_S34,True,G3,False,3,mBHI,mBHI,AC/PP-AE,G3-AC/PP-AE-mBHI-mBHI,AC/PP-AE-mBHI-mBHI,AC/PP-AE-mBHI,C3-e003Coalescence-mBHI-inoculumn-redo,G3-e003Coalescence-mBHI-p3_S34,G3-e003Coalescence-mBHI-p3
399,G10-e003Coalescence-mBHI-p5,True,G100-e003Coalescence-mBHI-p5_S31,True,G10,False,5,mBHI,mGAM,AE-AE,G10-AE-AE-mGAM-mBHI,AE-AE-mGAM-mBHI,AE-AE-mGAM,C4-e003Coalescence-Inoculumn-mGAM,G100-e003Coalescence-mBHI-p5_S31,G10-e003Coalescence-mBHI-p5
400,F9-e003Coalescence-mBHI-p3,True,F9-e003Coalescence-mBHI-p3_S118,True,F9,False,3,mBHI,mGAM,AC/PP-AC/PP,F9-AC/PP-AC/PP-mGAM-mBHI,AC/PP-AC/PP-mGAM-mBHI,AC/PP-AC/PP-mGAM,B3-e003Coalescence-Inoculumn-mGAM,F9-e003Coalescence-mBHI-p3_S118,F9-e003Coalescence-mBHI-p3
401,E11-e003Coalescence-mBHI-p3,True,E111-e003Coalescence-mBHI-p3_S108,True,E11,False,3,mBHI,mGAM,AA-AF,E11-AA-AF-mGAM-mBHI,AA-AF-mGAM-mBHI,AA-AF-mGAM,A5-e003Coalescence-Inoculumn-mGAM,E111-e003Coalescence-mBHI-p3_S108,E11-e003Coalescence-mBHI-p3
402,F8-e003Coalescence-mGAM-p3,True,F8-e003Coalescence-mGAM-p3_S165,True,F8,False,3,mGAM,mGAM,AA-AC/PP,F8-AA-AC/PP-mGAM-mGAM,AA-AC/PP-mGAM-mGAM,AA-AC/PP-mGAM,B2-e003Coalescence-Inoculumn-mGAM,F8-e003Coalescence-mGAM-p3_S165,F8-e003Coalescence-mGAM-p3
403,G3-e003Coalescence-mBHI-p5,True,G3-e003Coalescence-mBHI-p5_S26,True,G3,False,5,mBHI,mBHI,AC/PP-AE,G3-AC/PP-AE-mBHI-mBHI,AC/PP-AE-mBHI-mBHI,AC/PP-AE-mBHI,C3-e003Coalescence-mBHI-inoculumn-redo,G3-e003Coalescence-mBHI-p5_S26,G3-e003Coalescence-mBHI-p5
404,G5-e003Coalescence-mBHI-p5,True,G5-e003Coalescence-mBHI-p5_S28,True,G5,False,5,mBHI,mBHI,AE-AF,G5-AE-AF-mBHI-mBHI,AE-AF-mBHI-mBHI,AE-AF-mBHI,C5-e003Coalescence-mBHI-inoculumn-redo,G5-e003Coalescence-mBHI-p5_S28,G5-e003Coalescence-mBHI-p5
405,H11-e003Coalescence-mGAM-p5,True,H111-e003Coalescence-mGAM-p5_S92,True,H11,False,5,mGAM,mGAM,AF-AF,H11-AF-AF-mGAM-mGAM,AF-AF-mGAM-mGAM,AF-AF-mGAM,D5-e003Coalescence-Inoculumn-mGAM,H111-e003Coalescence-mGAM-p5_S92,H11-e003Coalescence-mGAM-p5
406,G4-e003Coalescence-mBHI-p3,True,G4-e003Coalescence-mBHI-p3_S35,True,G4,False,3,mBHI,mBHI,AE-AE,G4-AE-AE-mBHI-mBHI,AE-AE-mBHI-mBHI,AE-AE-mBHI,C4-e003Coalescence-mBHI-inoculumn-redo,G4-e003Coalescence-mBHI-p3_S35,G4-e003Coalescence-mBHI-p3
407,H9-e003Coalescence-mGAM-p5,True,H9-e003Coalescence-mGAM-p5_S90,True,H9,False,5,mGAM,mGAM,AC/PP-AF,H9-AC/PP-AF-mGAM-mGAM,AC/PP-AF-mGAM-mGAM,AC/PP-AF-mGAM,D3-e003Coalescence-Inoculumn-mGAM,H9-e003Coalescence-mGAM-p5_S90,H9-e003Coalescence-mGAM-p5
408,H2-e003Coalescence-mBHI-p3,True,H2-e003Coalescence-mBHI-p3_S45,True,H2,False,3,mBHI,mBHI,AA-AF,H2-AA-AF-mBHI-mBHI,AA-AF-mBHI-mBHI,AA-AF-mBHI,D2-e003Coalescence-Inoculumn-mBHI,H2-e003Coalescence-mBHI-p3_S45,H2-e003Coalescence-mBHI-p3
409,E8-e003Coalescence-mBHI-p7,True,E8-e003Coalescence-mBHI-p7_S101,True,E8,False,7,mBHI,mGAM,AA-AA,E8-AA-AA-mGAM-mBHI,AA-AA-mGAM-mBHI,AA-AA-mGAM,A2-e003Coalescence-Inoculumn-mGAM,E8-e003Coalescence-mBHI-p7_S101,E8-e003Coalescence-mBHI-p7
410,E4-e003Coalescence-mBHI-p5,True,E4-e003Coalescence-mBHI-p5_S3,True,E4,False,5,mBHI,mBHI,AA-AE,E4-AA-AE-mBHI-mBHI,AA-AE-mBHI-mBHI,AA-AE-mBHI,A4-e003Coalescence-mBHI-inoculumn-redo,E4-e003Coalescence-mBHI-p5_S3,E4-e003Coalescence-mBHI-p5
411,H2-e003Coalescence-mGAM-p3,True,H2-e003Coalescence-mGAM-p3_S93,True,H2,False,3,mGAM,mBHI,AA-AF,H2-AA-AF-mBHI-mGAM,AA-AF-mBHI-mGAM,AA-AF-mBHI,D2-e003Coalescence-Inoculumn-mBHI,H2-e003Coalescence-mGAM-p3_S93,H2-e003Coalescence-mGAM-p3
412,E4-e003Coalescence-mGAM-p5,True,E4-e003Coalescence-mGAM-p5_S51,True,E4,False,5,mGAM,mBHI,AA-AE,E4-AA-AE-mBHI-mGAM,AA-AE-mBHI-mGAM,AA-AE-mBHI,A4-e003Coalescence-mBHI-inoculumn-redo,E4-e003Coalescence-mGAM-p5_S51,E4-e003Coalescence-mGAM-p5
413,G9-e003Coalescence-mGAM-p7,True,G9-e003Coalescence-mGAM-p7_S174,True,G9,False,7,mGAM,mGAM,AC/PP-AE,G9-AC/PP-AE-mGAM-mGAM,AC/PP-AE-mGAM-mGAM,AC/PP-AE-mGAM,C3-e003Coalescence-Inoculumn-mGAM,G9-e003Coalescence-mGAM-p7_S174,G9-e003Coalescence-mGAM-p7
414,F9-e003Coalescence-mBHI-p7,True,F9-e003Coalescence-mBHI-p7_S114,True,F9,False,7,mBHI,mGAM,AC/PP-AC/PP,F9-AC/PP-AC/PP-mGAM-mBHI,AC/PP-AC/PP-mGAM-mBHI,AC/PP-AC/PP-mGAM,B3-e003Coalescence-Inoculumn-mGAM,F9-e003Coalescence-mBHI-p7_S114,F9-e003Coalescence-mBHI-p7
415,F2-e003Coalescence-mBHI-p3,True,F2-e003Coalescence-mBHI-p3_S21,True,F2,False,3,mBHI,mBHI,AA-AC/PP,F2-AA-AC/PP-mBHI-mBHI,AA-AC/PP-mBHI-mBHI,AA-AC/PP-mBHI,B2-e003Coalescence-Inoculumn-mBHI,F2-e003Coalescence-mBHI-p3_S21,F2-e003Coalescence-mBHI-p3
416,E8-e003Coalescence-mGAM-p3,True,E8-e003Coalescence-mGAM-p3_S153,True,E8,False,3,mGAM,mGAM,AA-AA,E8-AA-AA-mGAM-mGAM,AA-AA-mGAM-mGAM,AA-AA-mGAM,A2-e003Coalescence-Inoculumn-mGAM,E8-e003Coalescence-mGAM-p3_S153,E8-e003Coalescence-mGAM-p3
417,G11-e003Coalescence-mGAM-p3,True,G111-e003Coalescence-mGAM-p3_S180,True,G11,False,3,mGAM,mGAM,AE-AF,G11-AE-AF-mGAM-mGAM,AE-AF-mGAM-mGAM,AE-AF-mGAM,C5-e003Coalescence-Inoculumn-mGAM,G111-e003Coalescence-mGAM-p3_S180,G11-e003Coalescence-mGAM-p3
418,G5-e003Coalescence-mGAM-p3,True,G5-e003Coalescence-mGAM-p3_S84,True,G5,False,3,mGAM,mBHI,AE-AF,G5-AE-AF-mBHI-mGAM,AE-AF-mBHI-mGAM,AE-AF-mBHI,C5-e003Coalescence-mBHI-inoculumn-redo,G5-e003Coalescence-mGAM-p3_S84,G5-e003Coalescence-mGAM-p3
419,H8-e003Coalescence-mBHI-p5,True,H8-e003Coalescence-mBHI-p5_S41,True,H8,False,5,mBHI,mGAM,AA-AF,H8-AA-AF-mGAM-mBHI,AA-AF-mGAM-mBHI,AA-AF-mGAM,D2-e003Coalescence-Inoculumn-mGAM,H8-e003Coalescence-mBHI-p5_S41,H8-e003Coalescence-mBHI-p5
420,E10-e003Coalescence-mBHI-p5,True,E100-e003Coalescence-mBHI-p5_S7,True,E10,False,5,mBHI,mGAM,AA-AE,E10-AA-AE-mGAM-mBHI,AA-AE-mGAM-mBHI,AA-AE-mGAM,A4-e003Coalescence-Inoculumn-mGAM,E100-e003Coalescence-mBHI-p5_S7,E10-e003Coalescence-mBHI-p5
421,G10-e003Coalescence-mGAM-p7,True,G100-e003Coalescence-mGAM-p7_S175,True,G10,False,7,mGAM,mGAM,AE-AE,G10-AE-AE-mGAM-mGAM,AE-AE-mGAM-mGAM,AE-AE-mGAM,C4-e003Coalescence-Inoculumn-mGAM,G100-e003Coalescence-mGAM-p7_S175,G10-e003Coalescence-mGAM-p7
422,F9-e003Coalescence-mGAM-p7,True,F9-e003Coalescence-mGAM-p7_S162,True,F9,False,7,mGAM,mGAM,AC/PP-AC/PP,F9-AC/PP-AC/PP-mGAM-mGAM,AC/PP-AC/PP-mGAM-mGAM,AC/PP-AC/PP-mGAM,B3-e003Coalescence-Inoculumn-mGAM,F9-e003Coalescence-mGAM-p7_S162,F9-e003Coalescence-mGAM-p7
423,E2-e003Coalescence-mBHI-p7,True,E2-e003Coalescence-mBHI-p7_S97,True,E2,False,7,mBHI,mBHI,AA-AA,E2-AA-AA-mBHI-mBHI,AA-AA-mBHI-mBHI,AA-AA-mBHI,A2-e003Coalescence-Inoculumn-mBHI,E2-e003Coalescence-mBHI-p7_S97,E2-e003Coalescence-mBHI-p7
424,F8-e003Coalescence-mGAM-p7,True,F8-e003Coalescence-mGAM-p7_S161,True,F8,False,7,mGAM,mGAM,AA-AC/PP,F8-AA-AC/PP-mGAM-mGAM,AA-AC/PP-mGAM-mGAM,AA-AC/PP-mGAM,B2-e003Coalescence-Inoculumn-mGAM,F8-e003Coalescence-mGAM-p7_S161,F8-e003Coalescence-mGAM-p7
425,F3-e003Coalescence-mBHI-p3,True,F3-e003Coalescence-mBHI-p3_S22,True,F3,False,3,mBHI,mBHI,AC/PP-AC/PP,F3-AC/PP-AC/PP-mBHI-mBHI,AC/PP-AC/PP-mBHI-mBHI,AC/PP-AC/PP-mBHI,B3-e003Coalescence-Inoculumn-mBHI,F3-e003Coalescence-mBHI-p3_S22,F3-e003Coalescence-mBHI-p3
426,G3-e003Coalescence-mBHI-p7,True,G3-e003Coalescence-mBHI-p7_S122,True,G3,False,7,mBHI,mBHI,AC/PP-AE,G3-AC/PP-AE-mBHI-mBHI,AC/PP-AE-mBHI-mBHI,AC/PP-AE-mBHI,C3-e003Coalescence-mBHI-inoculumn-redo,G3-e003Coalescence-mBHI-p7_S122,G3-e003Coalescence-mBHI-p7
427,G5-e003Coalescence-mGAM-p5,True,G5-e003Coalescence-mGAM-p5_S76,True,G5,False,5,mGAM,mBHI,AE-AF,G5-AE-AF-mBHI-mGAM,AE-AF-mBHI-mGAM,AE-AF-mBHI,C5-e003Coalescence-mBHI-inoculumn-redo,G5-e003Coalescence-mGAM-p5_S76,G5-e003Coalescence-mGAM-p5
428,G5-e003Coalescence-mGAM-p7,True,G5-e003Coalescence-mGAM-p7_S172,True,G5,False,7,mGAM,mBHI,AE-AF,G5-AE-AF-mBHI-mGAM,AE-AF-mBHI-mGAM,AE-AF-mBHI,C5-e003Coalescence-mBHI-inoculumn-redo,G5-e003Coalescence-mGAM-p7_S172,G5-e003Coalescence-mGAM-p7
429,H10-e003Coalescence-mBHI-p3,True,H100-e003Coalescence-mBHI-p3_S143,True,H10,False,3,mBHI,mGAM,AE-AF,H10-AE-AF-mGAM-mBHI,AE-AF-mGAM-mBHI,AE-AF-mGAM,D4-e003Coalescence-Inoculumn-mGAM,H100-e003Coalescence-mBHI-p3_S143,H10-e003Coalescence-mBHI-p3
430,G4-e003Coalescence-mGAM-p5,True,G4-e003Coalescence-mGAM-p5_S75,True,G4,False,5,mGAM,mBHI,AE-AE,G4-AE-AE-mBHI-mGAM,AE-AE-mBHI-mGAM,AE-AE-mBHI,C4-e003Coalescence-mBHI-inoculumn-redo,G4-e003Coalescence-mGAM-p5_S75,G4-e003Coalescence-mGAM-p5
431,G8-e003Coalescence-mBHI-p3,True,G8-e003Coalescence-mBHI-p3_S129,True,G8,False,3,mBHI,mGAM,AA-AE,G8-AA-AE-mGAM-mBHI,AA-AE-mGAM-mBHI,AA-AE-mGAM,C2-e003Coalescence-Inoculumn-mGAM,G8-e003Coalescence-mBHI-p3_S129,G8-e003Coalescence-mBHI-p3
432,E5-e003Coalescence-mGAM-p3,True,E5-e003Coalescence-mGAM-p3_S60,True,E5,False,3,mGAM,mBHI,AA-AF,E5-AA-AF-mBHI-mGAM,AA-AF-mBHI-mGAM,AA-AF-mBHI,A5-e003Coalescence-Inoculumn-mBHI,E5-e003Coalescence-mGAM-p3_S60,E5-e003Coalescence-mGAM-p3
433,G2-e003Coalescence-mGAM-p5,True,G2-e003Coalescence-mGAM-p5_S73,True,G2,False,5,mGAM,mBHI,AA-AE,G2-AA-AE-mBHI-mGAM,AA-AE-mBHI-mGAM,AA-AE-mBHI,C2-e003Coalescence-mBHI-inoculumn-redo,G2-e003Coalescence-mGAM-p5_S73,G2-e003Coalescence-mGAM-p5
434,E5-e003Coalescence-mGAM-p7,True,E5-e003Coalescence-mGAM-p7_S148,True,E5,False,7,mGAM,mBHI,AA-AF,E5-AA-AF-mBHI-mGAM,AA-AF-mBHI-mGAM,AA-AF-mBHI,A5-e003Coalescence-Inoculumn-mBHI,E5-e003Coalescence-mGAM-p7_S148,E5-e003Coalescence-mGAM-p7
435,H9-e003Coalescence-mGAM-p7,True,H9-e003Coalescence-mGAM-p7_S186,True,H9,False,7,mGAM,mGAM,AC/PP-AF,H9-AC/PP-AF-mGAM-mGAM,AC/PP-AF-mGAM-mGAM,AC/PP-AF-mGAM,D3-e003Coalescence-Inoculumn-mGAM,H9-e003Coalescence-mGAM-p7_S186,H9-e003Coalescence-mGAM-p7
436,E10-e003Coalescence-mGAM-p5,True,E100-e003Coalescence-mGAM-p5_S55,True,E10,False,5,mGAM,mGAM,AA-AE,E10-AA-AE-mGAM-mGAM,AA-AE-mGAM-mGAM,AA-AE-mGAM,A4-e003Coalescence-Inoculumn-mGAM,E100-e003Coalescence-mGAM-p5_S55,E10-e003Coalescence-mGAM-p5
437,E8-e003Coalescence-mGAM-p5,True,E8-e003Coalescence-mGAM-p5_S53,True,E8,False,5,mGAM,mGAM,AA-AA,E8-AA-AA-mGAM-mGAM,AA-AA-mGAM-mGAM,AA-AA-mGAM,A2-e003Coalescence-Inoculumn-mGAM,E8-e003Coalescence-mGAM-p5_S53,E8-e003Coalescence-mGAM-p5
438,H5-e003Coalescence-mGAM-p3,True,H5-e003Coalescence-mGAM-p3_S96,True,H5,False,3,mGAM,mBHI,AF-AF,H5-AF-AF-mBHI-mGAM,AF-AF-mBHI-mGAM,AF-AF-mBHI,D5-e003Coalescence-Inoculumn-mBHI,H5-e003Coalescence-mGAM-p3_S96,H5-e003Coalescence-mGAM-p3
439,G4-e003Coalescence-mGAM-p3,True,G4-e003Coalescence-mGAM-p3_S83,True,G4,False,3,mGAM,mBHI,AE-AE,G4-AE-AE-mBHI-mGAM,AE-AE-mBHI-mGAM,AE-AE-mBHI,C4-e003Coalescence-mBHI-inoculumn-redo,G4-e003Coalescence-mGAM-p3_S83,G4-e003Coalescence-mGAM-p3
440,F4-e003Coalescence-mBHI-p7,True,F4-e003Coalescence-mBHI-p7_S111,True,F4,False,7,mBHI,mBHI,AC/PP-AE,F4-AC/PP-AE-mBHI-mBHI,AC/PP-AE-mBHI-mBHI,AC/PP-AE-mBHI,B4-e003Coalescence-Inoculumn-mBHI,F4-e003Coalescence-mBHI-p7_S111,F4-e003Coalescence-mBHI-p7
441,H3-e003Coalescence-mGAM-p7,True,H3-e003Coalescence-mGAM-p7_S182,True,H3,False,7,mGAM,mBHI,AC/PP-AF,H3-AC/PP-AF-mBHI-mGAM,AC/PP-AF-mBHI-mGAM,AC/PP-AF-mBHI,D3-e003Coalescence-Inoculumn-mBHI,H3-e003Coalescence-mGAM-p7_S182,H3-e003Coalescence-mGAM-p7
442,H5-e003Coalescence-mGAM-p5,True,H5-e003Coalescence-mGAM-p5_S88,True,H5,False,5,mGAM,mBHI,AF-AF,H5-AF-AF-mBHI-mGAM,AF-AF-mBHI-mGAM,AF-AF-mBHI,D5-e003Coalescence-Inoculumn-mBHI,H5-e003Coalescence-mGAM-p5_S88,H5-e003Coalescence-mGAM-p5
443,F4-e003Coalescence-mGAM-p5,True,F4-e003Coalescence-mGAM-p5_S63,True,F4,False,5,mGAM,mBHI,AC/PP-AE,F4-AC/PP-AE-mBHI-mGAM,AC/PP-AE-mBHI-mGAM,AC/PP-AE-mBHI,B4-e003Coalescence-Inoculumn-mBHI,F4-e003Coalescence-mGAM-p5_S63,F4-e003Coalescence-mGAM-p5
444,G4-e003Coalescence-mGAM-p7,True,G4-e003Coalescence-mGAM-p7_S171,True,G4,False,7,mGAM,mBHI,AE-AE,G4-AE-AE-mBHI-mGAM,AE-AE-mBHI-mGAM,AE-AE-mBHI,C4-e003Coalescence-mBHI-inoculumn-redo,G4-e003Coalescence-mGAM-p7_S171,G4-e003Coalescence-mGAM-p7
445,H8-e003Coalescence-mGAM-p5,True,H8-e003Coalescence-mGAM-p5_S89,True,H8,False,5,mGAM,mGAM,AA-AF,H8-AA-AF-mGAM-mGAM,AA-AF-mGAM-mGAM,AA-AF-mGAM,D2-e003Coalescence-Inoculumn-mGAM,H8-e003Coalescence-mGAM-p5_S89,H8-e003Coalescence-mGAM-p5
446,F3-e003Coalescence-mBHI-p5,True,F3-e003Coalescence-mBHI-p5_S14,True,F3,False,5,mBHI,mBHI,AC/PP-AC/PP,F3-AC/PP-AC/PP-mBHI-mBHI,AC/PP-AC/PP-mBHI-mBHI,AC/PP-AC/PP-mBHI,B3-e003Coalescence-Inoculumn-mBHI,F3-e003Coalescence-mBHI-p5_S14,F3-e003Coalescence-mBHI-p5
447,F10-e003Coalescence-mBHI-p7,True,F100-e003Coalescence-mBHI-p7_S115,True,F10,False,7,mBHI,mGAM,AC/PP-AE,F10-AC/PP-AE-mGAM-mBHI,AC/PP-AE-mGAM-mBHI,AC/PP-AE-mGAM,B4-e003Coalescence-Inoculumn-mGAM,F100-e003Coalescence-mBHI-p7_S115,F10-e003Coalescence-mBHI-p7
448,E3-e003Coalescence-mGAM-p7,True,E3-e003Coalescence-mGAM-p7_S146,True,E3,False,7,mGAM,mBHI,AA-AC/PP,E3-AA-AC/PP-mBHI-mGAM,AA-AC/PP-mBHI-mGAM,AA-AC/PP-mBHI,A3-e003Coalescence-mBHI-inoculumn-redo,E3-e003Coalescence-mGAM-p7_S146,E3-e003Coalescence-mGAM-p7
449,F10-e003Coalescence-mGAM-p3,True,F100-e003Coalescence-mGAM-p3_S167,True,F10,False,3,mGAM,mGAM,AC/PP-AE,F10-AC/PP-AE-mGAM-mGAM,AC/PP-AE-mGAM-mGAM,AC/PP-AE-mGAM,B4-e003Coalescence-Inoculumn-mGAM,F100-e003Coalescence-mGAM-p3_S167,F10-e003Coalescence-mGAM-p3
450,G10-e003Coalescence-mBHI-p3,True,G100-e003Coalescence-mBHI-p3_S131,True,G10,False,3,mBHI,mGAM,AE-AE,G10-AE-AE-mGAM-mBHI,AE-AE-mGAM-mBHI,AE-AE-mGAM,C4-e003Coalescence-Inoculumn-mGAM,G100-e003Coalescence-mBHI-p3_S131,G10-e003Coalescence-mBHI-p3
451,G4-e003Coalescence-mBHI-p7,True,G4-e003Coalescence-mBHI-p7_S123,True,G4,False,7,mBHI,mBHI,AE-AE,G4-AE-AE-mBHI-mBHI,AE-AE-mBHI-mBHI,AE-AE-mBHI,C4-e003Coalescence-mBHI-inoculumn-redo,G4-e003Coalescence-mBHI-p7_S123,G4-e003Coalescence-mBHI-p7
452,E9-e003Coalescence-mGAM-p3,True,E9-e003Coalescence-mGAM-p3_S154,True,E9,False,3,mGAM,mGAM,AA-AC/PP,E9-AA-AC/PP-mGAM-mGAM,AA-AC/PP-mGAM-mGAM,AA-AC/PP-mGAM,A3-e003Coalescence-Inoculumn-mGAM,E9-e003Coalescence-mGAM-p3_S154,E9-e003Coalescence-mGAM-p3
453,F3-e003Coalescence-mGAM-p5,True,F3-e003Coalescence-mGAM-p5_S62,True,F3,False,5,mGAM,mBHI,AC/PP-AC/PP,F3-AC/PP-AC/PP-mBHI-mGAM,AC/PP-AC/PP-mBHI-mGAM,AC/PP-AC/PP-mBHI,B3-e003Coalescence-Inoculumn-mBHI,F3-e003Coalescence-mGAM-p5_S62,F3-e003Coalescence-mGAM-p5
454,H4-e003Coalescence-mBHI-p7,True,H4-e003Coalescence-mBHI-p7_S135,True,H4,False,7,mBHI,mBHI,AE-AF,H4-AE-AF-mBHI-mBHI,AE-AF-mBHI-mBHI,AE-AF-mBHI,D4-e003Coalescence-Inoculumn-mBHI,H4-e003Coalescence-mBHI-p7_S135,H4-e003Coalescence-mBHI-p7
455,E3-e003Coalescence-mBHI-p5,True,E3-e003Coalescence-mBHI-p5_S2,True,E3,False,5,mBHI,mBHI,AA-AC/PP,E3-AA-AC/PP-mBHI-mBHI,AA-AC/PP-mBHI-mBHI,AA-AC/PP-mBHI,A3-e003Coalescence-mBHI-inoculumn-redo,E3-e003Coalescence-mBHI-p5_S2,E3-e003Coalescence-mBHI-p5
456,H10-e003Coalescence-mGAM-p3,True,H100-e003Coalescence-mGAM-p3_S191,True,H10,False,3,mGAM,mGAM,AE-AF,H10-AE-AF-mGAM-mGAM,AE-AF-mGAM-mGAM,AE-AF-mGAM,D4-e003Coalescence-Inoculumn-mGAM,H100-e003Coalescence-mGAM-p3_S191,H10-e003Coalescence-mGAM-p3
457,G11-e003Coalescence-mBHI-p7,True,G111-e003Coalescence-mBHI-p7_S128,True,G11,False,7,mBHI,mGAM,AE-AF,G11-AE-AF-mGAM-mBHI,AE-AF-mGAM-mBHI,AE-AF-mGAM,C5-e003Coalescence-Inoculumn-mGAM,G111-e003Coalescence-mBHI-p7_S128,G11-e003Coalescence-mBHI-p7
458,H3-e003Coalescence-mBHI-p5,True,H3-e003Coalescence-mBHI-p5_S38,True,H3,False,5,mBHI,mBHI,AC/PP-AF,H3-AC/PP-AF-mBHI-mBHI,AC/PP-AF-mBHI-mBHI,AC/PP-AF-mBHI,D3-e003Coalescence-Inoculumn-mBHI,H3-e003Coalescence-mBHI-p5_S38,H3-e003Coalescence-mBHI-p5
459,G3-e003Coalescence-mGAM-p3,True,G3-e003Coalescence-mGAM-p3_S82,True,G3,False,3,mGAM,mBHI,AC/PP-AE,G3-AC/PP-AE-mBHI-mGAM,AC/PP-AE-mBHI-mGAM,AC/PP-AE-mBHI,C3-e003Coalescence-mBHI-inoculumn-redo,G3-e003Coalescence-mGAM-p3_S82,G3-e003Coalescence-mGAM-p3
460,F11-e003Coalescence-mGAM-p3,True,F111-e003Coalescence-mGAM-p3_S168,True,F11,False,3,mGAM,mGAM,AC/PP-AF,F11-AC/PP-AF-mGAM-mGAM,AC/PP-AF-mGAM-mGAM,AC/PP-AF-mGAM,B5-e003Coalescence-Inoculumn-mGAM,F111-e003Coalescence-mGAM-p3_S168,F11-e003Coalescence-mGAM-p3
461,F3-e003Coalescence-mGAM-p7,True,F3-e003Coalescence-mGAM-p7_S158,True,F3,False,7,mGAM,mBHI,AC/PP-AC/PP,F3-AC/PP-AC/PP-mBHI-mGAM,AC/PP-AC/PP-mBHI-mGAM,AC/PP-AC/PP-mBHI,B3-e003Coalescence-Inoculumn-mBHI,F3-e003Coalescence-mGAM-p7_S158,F3-e003Coalescence-mGAM-p7
462,E9-e003Coalescence-mBHI-p3,True,E9-e003Coalescence-mBHI-p3_S106,True,E9,False,3,mBHI,mGAM,AA-AC/PP,E9-AA-AC/PP-mGAM-mBHI,AA-AC/PP-mGAM-mBHI,AA-AC/PP-mGAM,A3-e003Coalescence-Inoculumn-mGAM,E9-e003Coalescence-mBHI-p3_S106,E9-e003Coalescence-mBHI-p3
463,F8-e003Coalescence-mBHI-p7,True,F8-e003Coalescence-mBHI-p7_S113,True,F8,False,7,mBHI,mGAM,AA-AC/PP,F8-AA-AC/PP-mGAM-mBHI,AA-AC/PP-mGAM-mBHI,AA-AC/PP-mGAM,B2-e003Coalescence-Inoculumn-mGAM,F8-e003Coalescence-mBHI-p7_S113,F8-e003Coalescence-mBHI-p7
464,G2-e003Coalescence-mBHI-p7,True,G2-e003Coalescence-mBHI-p7_S121,True,G2,False,7,mBHI,mBHI,AA-AE,G2-AA-AE-mBHI-mBHI,AA-AE-mBHI-mBHI,AA-AE-mBHI,C2-e003Coalescence-mBHI-inoculumn-redo,G2-e003Coalescence-mBHI-p7_S121,G2-e003Coalescence-mBHI-p7
465,H4-e003Coalescence-mBHI-p3,True,H4-e003Coalescence-mBHI-p3_S47,True,H4,False,3,mBHI,mBHI,AE-AF,H4-AE-AF-mBHI-mBHI,AE-AF-mBHI-mBHI,AE-AF-mBHI,D4-e003Coalescence-Inoculumn-mBHI,H4-e003Coalescence-mBHI-p3_S47,H4-e003Coalescence-mBHI-p3
466,F3-e003Coalescence-mBHI-p7,True,F3-e003Coalescence-mBHI-p7_S110,True,F3,False,7,mBHI,mBHI,AC/PP-AC/PP,F3-AC/PP-AC/PP-mBHI-mBHI,AC/PP-AC/PP-mBHI-mBHI,AC/PP-AC/PP-mBHI,B3-e003Coalescence-Inoculumn-mBHI,F3-e003Coalescence-mBHI-p7_S110,F3-e003Coalescence-mBHI-p7
467,F10-e003Coalescence-mGAM-p5,True,F100-e003Coalescence-mGAM-p5_S67,True,F10,False,5,mGAM,mGAM,AC/PP-AE,F10-AC/PP-AE-mGAM-mGAM,AC/PP-AE-mGAM-mGAM,AC/PP-AE-mGAM,B4-e003Coalescence-Inoculumn-mGAM,F100-e003Coalescence-mGAM-p5_S67,F10-e003Coalescence-mGAM-p5
468,G8-e003Coalescence-mBHI-p7,True,G8-e003Coalescence-mBHI-p7_S125,True,G8,False,7,mBHI,mGAM,AA-AE,G8-AA-AE-mGAM-mBHI,AA-AE-mGAM-mBHI,AA-AE-mGAM,C2-e003Coalescence-Inoculumn-mGAM,G8-e003Coalescence-mBHI-p7_S125,G8-e003Coalescence-mBHI-p7
469,F4-e003Coalescence-mBHI-p5,True,F4-e003Coalescence-mBHI-p5_S15,True,F4,False,5,mBHI,mBHI,AC/PP-AE,F4-AC/PP-AE-mBHI-mBHI,AC/PP-AE-mBHI-mBHI,AC/PP-AE-mBHI,B4-e003Coalescence-Inoculumn-mBHI,F4-e003Coalescence-mBHI-p5_S15,F4-e003Coalescence-mBHI-p5
470,H11-e003Coalescence-mBHI-p5,True,H111-e003Coalescence-mBHI-p5_S44,True,H11,False,5,mBHI,mGAM,AF-AF,H11-AF-AF-mGAM-mBHI,AF-AF-mGAM-mBHI,AF-AF-mGAM,D5-e003Coalescence-Inoculumn-mGAM,H111-e003Coalescence-mBHI-p5_S44,H11-e003Coalescence-mBHI-p5
471,H2-e003Coalescence-mBHI-p5,True,H2-e003Coalescence-mBHI-p5_S37,True,H2,False,5,mBHI,mBHI,AA-AF,H2-AA-AF-mBHI-mBHI,AA-AF-mBHI-mBHI,AA-AF-mBHI,D2-e003Coalescence-Inoculumn-mBHI,H2-e003Coalescence-mBHI-p5_S37,H2-e003Coalescence-mBHI-p5
472,E11-e003Coalescence-mBHI-p7,True,E111-e003Coalescence-mBHI-p7_S104,True,E11,False,7,mBHI,mGAM,AA-AF,E11-AA-AF-mGAM-mBHI,AA-AF-mGAM-mBHI,AA-AF-mGAM,A5-e003Coalescence-Inoculumn-mGAM,E111-e003Coalescence-mBHI-p7_S104,E11-e003Coalescence-mBHI-p7
473,E2-e003Coalescence-mGAM-p3,True,E2-e003Coalescence-mGAM-p3_S57,True,E2,False,3,mGAM,mBHI,AA-AA,E2-AA-AA-mBHI-mGAM,AA-AA-mBHI-mGAM,AA-AA-mBHI,A2-e003Coalescence-Inoculumn-mBHI,E2-e003Coalescence-mGAM-p3_S57,E2-e003Coalescence-mGAM-p3
474,F2-e003Coalescence-mBHI-p5,True,F2-e003Coalescence-mBHI-p5_S13,True,F2,False,5,mBHI,mBHI,AA-AC/PP,F2-AA-AC/PP-mBHI-mBHI,AA-AC/PP-mBHI-mBHI,AA-AC/PP-mBHI,B2-e003Coalescence-Inoculumn-mBHI,F2-e003Coalescence-mBHI-p5_S13,F2-e003Coalescence-mBHI-p5
475,F4-e003Coalescence-mBHI-p3,True,F4-e003Coalescence-mBHI-p3_S23,True,F4,False,3,mBHI,mBHI,AC/PP-AE,F4-AC/PP-AE-mBHI-mBHI,AC/PP-AE-mBHI-mBHI,AC/PP-AE-mBHI,B4-e003Coalescence-Inoculumn-mBHI,F4-e003Coalescence-mBHI-p3_S23,F4-e003Coalescence-mBHI-p3
476,F2-e003Coalescence-mGAM-p3,True,F2-e003Coalescence-mGAM-p3_S69,True,F2,False,3,mGAM,mBHI,AA-AC/PP,F2-AA-AC/PP-mBHI-mGAM,AA-AC/PP-mBHI-mGAM,AA-AC/PP-mBHI,B2-e003Coalescence-Inoculumn-mBHI,F2-e003Coalescence-mGAM-p3_S69,F2-e003Coalescence-mGAM-p3
477,E9-e003Coalescence-mGAM-p5,True,E9-e003Coalescence-mGAM-p5_S54,True,E9,False,5,mGAM,mGAM,AA-AC/PP,E9-AA-AC/PP-mGAM-mGAM,AA-AC/PP-mGAM-mGAM,AA-AC/PP-mGAM,A3-e003Coalescence-Inoculumn-mGAM,E9-e003Coalescence-mGAM-p5_S54,E9-e003Coalescence-mGAM-p5
478,G3-e003Coalescence-mGAM-p5,True,G3-e003Coalescence-mGAM-p5_S74,True,G3,False,5,mGAM,mBHI,AC/PP-AE,G3-AC/PP-AE-mBHI-mGAM,AC/PP-AE-mBHI-mGAM,AC/PP-AE-mBHI,C3-e003Coalescence-mBHI-inoculumn-redo,G3-e003Coalescence-mGAM-p5_S74,G3-e003Coalescence-mGAM-p5
479,E11-e003Coalescence-mGAM-p5,True,E111-e003Coalescence-mGAM-p5_S56,True,E11,False,5,mGAM,mGAM,AA-AF,E11-AA-AF-mGAM-mGAM,AA-AF-mGAM-mGAM,AA-AF-mGAM,A5-e003Coalescence-Inoculumn-mGAM,E111-e003Coalescence-mGAM-p5_S56,E11-e003Coalescence-mGAM-p5
480,G10-e003Coalescence-mGAM-p5,True,G100-e003Coalescence-mGAM-p5_S79,True,G10,False,5,mGAM,mGAM,AE-AE,G10-AE-AE-mGAM-mGAM,AE-AE-mGAM-mGAM,AE-AE-mGAM,C4-e003Coalescence-Inoculumn-mGAM,G100-e003Coalescence-mGAM-p5_S79,G10-e003Coalescence-mGAM-p5
481,H10-e003Coalescence-mGAM-p5,True,H100-e003Coalescence-mGAM-p5_S91,True,H10,False,5,mGAM,mGAM,AE-AF,H10-AE-AF-mGAM-mGAM,AE-AF-mGAM-mGAM,AE-AF-mGAM,D4-e003Coalescence-Inoculumn-mGAM,H100-e003Coalescence-mGAM-p5_S91,H10-e003Coalescence-mGAM-p5
482,G9-e003Coalescence-mBHI-p3,True,G9-e003Coalescence-mBHI-p3_S130,True,G9,False,3,mBHI,mGAM,AC/PP-AE,G9-AC/PP-AE-mGAM-mBHI,AC/PP-AE-mGAM-mBHI,AC/PP-AE-mGAM,C3-e003Coalescence-Inoculumn-mGAM,G9-e003Coalescence-mBHI-p3_S130,G9-e003Coalescence-mBHI-p3
483,E4-e003Coalescence-mGAM-p7,True,E4-e003Coalescence-mGAM-p7_S147,True,E4,False,7,mGAM,mBHI,AA-AE,E4-AA-AE-mBHI-mGAM,AA-AE-mBHI-mGAM,AA-AE-mBHI,A4-e003Coalescence-mBHI-inoculumn-redo,E4-e003Coalescence-mGAM-p7_S147,E4-e003Coalescence-mGAM-p7
484,G9-e003Coalescence-mBHI-p7,True,G9-e003Coalescence-mBHI-p7_S126,True,G9,False,7,mBHI,mGAM,AC/PP-AE,G9-AC/PP-AE-mGAM-mBHI,AC/PP-AE-mGAM-mBHI,AC/PP-AE-mGAM,C3-e003Coalescence-Inoculumn-mGAM,G9-e003Coalescence-mBHI-p7_S126,G9-e003Coalescence-mBHI-p7
485,E4-e003Coalescence-mGAM-p3,True,E4-e003Coalescence-mGAM-p3_S59,True,E4,False,3,mGAM,mBHI,AA-AE,E4-AA-AE-mBHI-mGAM,AA-AE-mBHI-mGAM,AA-AE-mBHI,A4-e003Coalescence-mBHI-inoculumn-redo,E4-e003Coalescence-mGAM-p3_S59,E4-e003Coalescence-mGAM-p3
486,F9-e003Coalescence-mGAM-p3,True,F9-e003Coalescence-mGAM-p3_S166,True,F9,False,3,mGAM,mGAM,AC/PP-AC/PP,F9-AC/PP-AC/PP-mGAM-mGAM,AC/PP-AC/PP-mGAM-mGAM,AC/PP-AC/PP-mGAM,B3-e003Coalescence-Inoculumn-mGAM,F9-e003Coalescence-mGAM-p3_S166,F9-e003Coalescence-mGAM-p3
487,H4-e003Coalescence-mBHI-p5,True,H4-e003Coalescence-mBHI-p5_S39,True,H4,False,5,mBHI,mBHI,AE-AF,H4-AE-AF-mBHI-mBHI,AE-AF-mBHI-mBHI,AE-AF-mBHI,D4-e003Coalescence-Inoculumn-mBHI,H4-e003Coalescence-mBHI-p5_S39,H4-e003Coalescence-mBHI-p5
488,H9-e003Coalescence-mBHI-p3,True,H9-e003Coalescence-mBHI-p3_S142,True,H9,False,3,mBHI,mGAM,AC/PP-AF,H9-AC/PP-AF-mGAM-mBHI,AC/PP-AF-mGAM-mBHI,AC/PP-AF-mGAM,D3-e003Coalescence-Inoculumn-mGAM,H9-e003Coalescence-mBHI-p3_S142,H9-e003Coalescence-mBHI-p3
489,F4-e003Coalescence-mGAM-p3,True,F4-e003Coalescence-mGAM-p3_S71,True,F4,False,3,mGAM,mBHI,AC/PP-AE,F4-AC/PP-AE-mBHI-mGAM,AC/PP-AE-mBHI-mGAM,AC/PP-AE-mBHI,B4-e003Coalescence-Inoculumn-mBHI,F4-e003Coalescence-mGAM-p3_S71,F4-e003Coalescence-mGAM-p3
490,H10-e003Coalescence-mBHI-p7,True,H100-e003Coalescence-mBHI-p7_S139,True,H10,False,7,mBHI,mGAM,AE-AF,H10-AE-AF-mGAM-mBHI,AE-AF-mGAM-mBHI,AE-AF-mGAM,D4-e003Coalescence-Inoculumn-mGAM,H100-e003Coalescence-mBHI-p7_S139,H10-e003Coalescence-mBHI-p7
491,G8-e003Coalescence-mBHI-p5,True,G8-e003Coalescence-mBHI-p5_S29,True,G8,False,5,mBHI,mGAM,AA-AE,G8-AA-AE-mGAM-mBHI,AA-AE-mGAM-mBHI,AA-AE-mGAM,C2-e003Coalescence-Inoculumn-mGAM,G8-e003Coalescence-mBHI-p5_S29,G8-e003Coalescence-mBHI-p5
492,G2-e003Coalescence-mBHI-p5,True,G2-e003Coalescence-mBHI-p5_S25,True,G2,False,5,mBHI,mBHI,AA-AE,G2-AA-AE-mBHI-mBHI,AA-AE-mBHI-mBHI,AA-AE-mBHI,C2-e003Coalescence-mBHI-inoculumn-redo,G2-e003Coalescence-mBHI-p5_S25,G2-e003Coalescence-mBHI-p5
493,G8-e003Coalescence-mGAM-p7,True,G8-e003Coalescence-mGAM-p7_S173,True,G8,False,7,mGAM,mGAM,AA-AE,G8-AA-AE-mGAM-mGAM,AA-AE-mGAM-mGAM,AA-AE-mGAM,C2-e003Coalescence-Inoculumn-mGAM,G8-e003Coalescence-mGAM-p7_S173,G8-e003Coalescence-mGAM-p7
494,E4-e003Coalescence-mBHI-p3,True,E4-e003Coalescence-mBHI-p3_S11,True,E4,False,3,mBHI,mBHI,AA-AE,E4-AA-AE-mBHI-mBHI,AA-AE-mBHI-mBHI,AA-AE-mBHI,A4-e003Coalescence-mBHI-inoculumn-redo,E4-e003Coalescence-mBHI-p3_S11,E4-e003Coalescence-mBHI-p3
495,E2-e003Coalescence-mGAM-p5,True,E2-e003Coalescence-mGAM-p5_S49,True,E2,False,5,mGAM,mBHI,AA-AA,E2-AA-AA-mBHI-mGAM,AA-AA-mBHI-mGAM,AA-AA-mBHI,A2-e003Coalescence-Inoculumn-mBHI,E2-e003Coalescence-mGAM-p5_S49,E2-e003Coalescence-mGAM-p5
496,H9-e003Coalescence-mBHI-p5,True,H9-e003Coalescence-mBHI-p5_S42,True,H9,False,5,mBHI,mGAM,AC/PP-AF,H9-AC/PP-AF-mGAM-mBHI,AC/PP-AF-mGAM-mBHI,AC/PP-AF-mGAM,D3-e003Coalescence-Inoculumn-mGAM,H9-e003Coalescence-mBHI-p5_S42,H9-e003Coalescence-mBHI-p5
497,H11-e003Coalescence-mGAM-p3,True,H111-e003Coalescence-mGAM-p3_S192,True,H11,False,3,mGAM,mGAM,AF-AF,H11-AF-AF-mGAM-mGAM,AF-AF-mGAM-mGAM,AF-AF-mGAM,D5-e003Coalescence-Inoculumn-mGAM,H111-e003Coalescence-mGAM-p3_S192,H11-e003Coalescence-mGAM-p3
498,F5-e003Coalescence-mBHI-p3,True,F5-e003Coalescence-mBHI-p3_S24,True,F5,False,3,mBHI,mBHI,AC/PP-AF,F5-AC/PP-AF-mBHI-mBHI,AC/PP-AF-mBHI-mBHI,AC/PP-AF-mBHI,B5-e003Coalescence-Inoculumn-mBHI,F5-e003Coalescence-mBHI-p3_S24,F5-e003Coalescence-mBHI-p3
499,E8-e003Coalescence-mBHI-p3,True,E8-e003Coalescence-mBHI-p3_S105,True,E8,False,3,mBHI,mGAM,AA-AA,E8-AA-AA-mGAM-mBHI,AA-AA-mGAM-mBHI,AA-AA-mGAM,A2-e003Coalescence-Inoculumn-mGAM,E8-e003Coalescence-mBHI-p3_S105,E8-e003Coalescence-mBHI-p3
500,E8-e003Coalescence-mGAM-p7,True,E8-e003Coalescence-mGAM-p7_S149,True,E8,False,7,mGAM,mGAM,AA-AA,E8-AA-AA-mGAM-mGAM,AA-AA-mGAM-mGAM,AA-AA-mGAM,A2-e003Coalescence-Inoculumn-mGAM,E8-e003Coalescence-mGAM-p7_S149,E8-e003Coalescence-mGAM-p7
501,E9-e003Coalescence-mGAM-p7,True,E9-e003Coalescence-mGAM-p7_S150,True,E9,False,7,mGAM,mGAM,AA-AC/PP,E9-AA-AC/PP-mGAM-mGAM,AA-AC/PP-mGAM-mGAM,AA-AC/PP-mGAM,A3-e003Coalescence-Inoculumn-mGAM,E9-e003Coalescence-mGAM-p7_S150,E9-e003Coalescence-mGAM-p7
502,H5-e003Coalescence-mBHI-p7,True,H5-e003Coalescence-mBHI-p7_S136,True,H5,False,7,mBHI,mBHI,AF-AF,H5-AF-AF-mBHI-mBHI,AF-AF-mBHI-mBHI,AF-AF-mBHI,D5-e003Coalescence-Inoculumn-mBHI,H5-e003Coalescence-mBHI-p7_S136,H5-e003Coalescence-mBHI-p7
503,G9-e003Coalescence-mBHI-p5,True,G9-e003Coalescence-mBHI-p5_S30,True,G9,False,5,mBHI,mGAM,AC/PP-AE,G9-AC/PP-AE-mGAM-mBHI,AC/PP-AE-mGAM-mBHI,AC/PP-AE-mGAM,C3-e003Coalescence-Inoculumn-mGAM,G9-e003Coalescence-mBHI-p5_S30,G9-e003Coalescence-mBHI-p5
504,F11-e003Coalescence-mBHI-p7,True,F111-e003Coalescence-mBHI-p7_S116,True,F11,False,7,mBHI,mGAM,AC/PP-AF,F11-AC/PP-AF-mGAM-mBHI,AC/PP-AF-mGAM-mBHI,AC/PP-AF-mGAM,B5-e003Coalescence-Inoculumn-mGAM,F111-e003Coalescence-mBHI-p7_S116,F11-e003Coalescence-mBHI-p7
505,F5-e003Coalescence-mBHI-p7,True,F5-e003Coalescence-mBHI-p7_S112,True,F5,False,7,mBHI,mBHI,AC/PP-AF,F5-AC/PP-AF-mBHI-mBHI,AC/PP-AF-mBHI-mBHI,AC/PP-AF-mBHI,B5-e003Coalescence-Inoculumn-mBHI,F5-e003Coalescence-mBHI-p7_S112,F5-e003Coalescence-mBHI-p7
506,F4-e003Coalescence-mGAM-p7,True,F4-e003Coalescence-mGAM-p7_S159,True,F4,False,7,mGAM,mBHI,AC/PP-AE,F4-AC/PP-AE-mBHI-mGAM,AC/PP-AE-mBHI-mGAM,AC/PP-AE-mBHI,B4-e003Coalescence-Inoculumn-mBHI,F4-e003Coalescence-mGAM-p7_S159,F4-e003Coalescence-mGAM-p7
507,E10-e003Coalescence-mBHI-p3,True,E100-e003Coalescence-mBHI-p3_S107,True,E10,False,3,mBHI,mGAM,AA-AE,E10-AA-AE-mGAM-mBHI,AA-AE-mGAM-mBHI,AA-AE-mGAM,A4-e003Coalescence-Inoculumn-mGAM,E100-e003Coalescence-mBHI-p3_S107,E10-e003Coalescence-mBHI-p3
508,F11-e003Coalescence-mBHI-p3,True,F111-e003Coalescence-mBHI-p3_S120,True,F11,False,3,mBHI,mGAM,AC/PP-AF,F11-AC/PP-AF-mGAM-mBHI,AC/PP-AF-mGAM-mBHI,AC/PP-AF-mGAM,B5-e003Coalescence-Inoculumn-mGAM,F111-e003Coalescence-mBHI-p3_S120,F11-e003Coalescence-mBHI-p3
509,H3-e003Coalescence-mGAM-p5,True,H3-e003Coalescence-mGAM-p5_S86,True,H3,False,5,mGAM,mBHI,AC/PP-AF,H3-AC/PP-AF-mBHI-mGAM,AC/PP-AF-mBHI-mGAM,AC/PP-AF-mBHI,D3-e003Coalescence-Inoculumn-mBHI,H3-e003Coalescence-mGAM-p5_S86,H3-e003Coalescence-mGAM-p5
510,E4-e003Coalescence-mBHI-p7,True,E4-e003Coalescence-mBHI-p7_S99,True,E4,False,7,mBHI,mBHI,AA-AE,E4-AA-AE-mBHI-mBHI,AA-AE-mBHI-mBHI,AA-AE-mBHI,A4-e003Coalescence-mBHI-inoculumn-redo,E4-e003Coalescence-mBHI-p7_S99,E4-e003Coalescence-mBHI-p7
511,H4-e003Coalescence-mGAM-p5,True,H4-e003Coalescence-mGAM-p5_S87,True,H4,False,5,mGAM,mBHI,AE-AF,H4-AE-AF-mBHI-mGAM,AE-AF-mBHI-mGAM,AE-AF-mBHI,D4-e003Coalescence-Inoculumn-mBHI,H4-e003Coalescence-mGAM-p5_S87,H4-e003Coalescence-mGAM-p5
512,F10-e003Coalescence-mBHI-p5,True,F100-e003Coalescence-mBHI-p5_S19,True,F10,False,5,mBHI,mGAM,AC/PP-AE,F10-AC/PP-AE-mGAM-mBHI,AC/PP-AE-mGAM-mBHI,AC/PP-AE-mGAM,B4-e003Coalescence-Inoculumn-mGAM,F100-e003Coalescence-mBHI-p5_S19,F10-e003Coalescence-mBHI-p5
513,E10-e003Coalescence-mGAM-p7,True,E100-e003Coalescence-mGAM-p7_S151,True,E10,False,7,mGAM,mGAM,AA-AE,E10-AA-AE-mGAM-mGAM,AA-AE-mGAM-mGAM,AA-AE-mGAM,A4-e003Coalescence-Inoculumn-mGAM,E100-e003Coalescence-mGAM-p7_S151,E10-e003Coalescence-mGAM-p7
514,G9-e003Coalescence-mGAM-p3,True,G9-e003Coalescence-mGAM-p3_S178,True,G9,False,3,mGAM,mGAM,AC/PP-AE,G9-AC/PP-AE-mGAM-mGAM,AC/PP-AE-mGAM-mGAM,AC/PP-AE-mGAM,C3-e003Coalescence-Inoculumn-mGAM,G9-e003Coalescence-mGAM-p3_S178,G9-e003Coalescence-mGAM-p3
515,H9-e003Coalescence-mBHI-p7,True,H9-e003Coalescence-mBHI-p7_S138,True,H9,False,7,mBHI,mGAM,AC/PP-AF,H9-AC/PP-AF-mGAM-mBHI,AC/PP-AF-mGAM-mBHI,AC/PP-AF-mGAM,D3-e003Coalescence-Inoculumn-mGAM,H9-e003Coalescence-mBHI-p7_S138,H9-e003Coalescence-mBHI-p7
516,H8-e003Coalescence-mGAM-p7,True,H8-e003Coalescence-mGAM-p7_S185,True,H8,False,7,mGAM,mGAM,AA-AF,H8-AA-AF-mGAM-mGAM,AA-AF-mGAM-mGAM,AA-AF-mGAM,D2-e003Coalescence-Inoculumn-mGAM,H8-e003Coalescence-mGAM-p7_S185,H8-e003Coalescence-mGAM-p7
517,G2-e003Coalescence-mGAM-p3,True,G2-e003Coalescence-mGAM-p3_S81,True,G2,False,3,mGAM,mBHI,AA-AE,G2-AA-AE-mBHI-mGAM,AA-AE-mBHI-mGAM,AA-AE-mBHI,C2-e003Coalescence-mBHI-inoculumn-redo,G2-e003Coalescence-mGAM-p3_S81,G2-e003Coalescence-mGAM-p3
518,F11-e003Coalescence-mBHI-p5,True,F111-e003Coalescence-mBHI-p5_S20,True,F11,False,5,mBHI,mGAM,AC/PP-AF,F11-AC/PP-AF-mGAM-mBHI,AC/PP-AF-mGAM-mBHI,AC/PP-AF-mGAM,B5-e003Coalescence-Inoculumn-mGAM,F111-e003Coalescence-mBHI-p5_S20,F11-e003Coalescence-mBHI-p5
519,F8-e003Coalescence-mBHI-p5,True,F8-e003Coalescence-mBHI-p5_S17,True,F8,False,5,mBHI,mGAM,AA-AC/PP,F8-AA-AC/PP-mGAM-mBHI,AA-AC/PP-mGAM-mBHI,AA-AC/PP-mGAM,B2-e003Coalescence-Inoculumn-mGAM,F8-e003Coalescence-mBHI-p5_S17,F8-e003Coalescence-mBHI-p5
520,G10-e003Coalescence-mBHI-p7,True,G100-e003Coalescence-mBHI-p7_S127,True,G10,False,7,mBHI,mGAM,AE-AE,G10-AE-AE-mGAM-mBHI,AE-AE-mGAM-mBHI,AE-AE-mGAM,C4-e003Coalescence-Inoculumn-mGAM,G100-e003Coalescence-mBHI-p7_S127,G10-e003Coalescence-mBHI-p7
521,E5-e003Coalescence-mGAM-p5,True,E5-e003Coalescence-mGAM-p5_S52,True,E5,False,5,mGAM,mBHI,AA-AF,E5-AA-AF-mBHI-mGAM,AA-AF-mBHI-mGAM,AA-AF-mBHI,A5-e003Coalescence-Inoculumn-mBHI,E5-e003Coalescence-mGAM-p5_S52,E5-e003Coalescence-mGAM-p5
19,A4-e003Coalescence-mBHI-inoculumn-redo,False,A4-e003Coalescence-mBHI-inoculumn-redo,True,A4,True,0,mBHI,mBHI,AA-AE,A4-AA-AE-mBHI-mBHI,AA-AE-mBHI-mBHI,AA-AE-mBHI,,A4-e003Coalescence-mBHI-inoculumn-redo,A4-e003Coalescence-mBHI-inoculumn-redo
45,D3-e003Coalescence-Inoculumn-mBHI,False,D3-e003Coalescence-Inoculumn-mBHI,True,D3,True,0,mBHI,mBHI,AC/PP-AF,D3-AC/PP-AF-mBHI-mBHI,AC/PP-AF-mBHI-mBHI,AC/PP-AF-mBHI,,D3-e003Coalescence-Inoculumn-mBHI,D3-e003Coalescence-Inoculumn-mBHI
57,C4-e003Coalescence-mBHI-inoculumn-redo,False,C4-e003Coalescence-mBHI-inoculumn-redo,True,C4,True,0,mBHI,mBHI,AE-AE,C4-AE-AE-mBHI-mBHI,AE-AE-mBHI-mBHI,AE-AE-mBHI,,C4-e003Coalescence-mBHI-inoculumn-redo,C4-e003Coalescence-mBHI-inoculumn-redo
68,A2-e003Coalescence-Inoculumn-mGAM,False,A2-e003Coalescence-Inoculumn-mGAM,True,A2,True,0,mGAM,mGAM,AA-AA,A2-AA-AA-mGAM-mGAM,AA-AA-mGAM-mGAM,AA-AA-mGAM,,A2-e003Coalescence-Inoculumn-mGAM,A2-e003Coalescence-Inoculumn-mGAM
85,B5-e003Coalescence-Inoculumn-mGAM,False,B5-e003Coalescence-Inoculumn-mGAM,True,B5,True,0,mGAM,mGAM,AC/PP-AF,B5-AC/PP-AF-mGAM-mGAM,AC/PP-AF-mGAM-mGAM,AC/PP-AF-mGAM,,B5-e003Coalescence-Inoculumn-mGAM,B5-e003Coalescence-Inoculumn-mGAM
102,B5-e003Coalescence-Inoculumn-mBHI,False,B5-e003Coalescence-Inoculumn-mBHI,True,B5,True,0,mBHI,mBHI,AC/PP-AF,B5-AC/PP-AF-mBHI-mBHI,AC/PP-AF-mBHI-mBHI,AC/PP-AF-mBHI,,B5-e003Coalescence-Inoculumn-mBHI,B5-e003Coalescence-Inoculumn-mBHI
112,D5-e003Coalescence-Inoculumn-mGAM,False,D5-e003Coalescence-Inoculumn-mGAM,True,D5,True,0,mGAM,mGAM,AF-AF,D5-AF-AF-mGAM-mGAM,AF-AF-mGAM-mGAM,AF-AF-mGAM,,D5-e003Coalescence-Inoculumn-mGAM,D5-e003Coalescence-Inoculumn-mGAM
120,C5-e003Coalescence-mBHI-inoculumn-redo,False,C5-e003Coalescence-mBHI-inoculumn-redo,True,C5,True,0,mBHI,mBHI,AE-AF,C5-AE-AF-mBHI-mBHI,AE-AF-mBHI-mBHI,AE-AF-mBHI,,C5-e003Coalescence-mBHI-inoculumn-redo,C5-e003Coalescence-mBHI-inoculumn-redo
138,B2-e003Coalescence-Inoculumn-mGAM,False,B2-e003Coalescence-Inoculumn-mGAM,True,B2,True,0,mGAM,mGAM,AA-AC/PP,B2-AA-AC/PP-mGAM-mGAM,AA-AC/PP-mGAM-mGAM,AA-AC/PP-mGAM,,B2-e003Coalescence-Inoculumn-mGAM,B2-e003Coalescence-Inoculumn-mGAM
142,A3-e003Coalescence-mBHI-inoculumn-redo,False,A3-e003Coalescence-mBHI-inoculumn-redo,True,A3,True,0,mBHI,mBHI,AA-AC/PP,A3-AA-AC/PP-mBHI-mBHI,AA-AC/PP-mBHI-mBHI,AA-AC/PP-mBHI,,A3-e003Coalescence-mBHI-inoculumn-redo,A3-e003Coalescence-mBHI-inoculumn-redo
146,A3-e003Coalescence-Inoculumn-mGAM,False,A3-e003Coalescence-Inoculumn-mGAM,True,A3,True,0,mGAM,mGAM,AA-AC/PP,A3-AA-AC/PP-mGAM-mGAM,AA-AC/PP-mGAM-mGAM,AA-AC/PP-mGAM,,A3-e003Coalescence-Inoculumn-mGAM,A3-e003Coalescence-Inoculumn-mGAM
155,A2-e003Coalescence-Inoculumn-mBHI,False,A2-e003Coalescence-Inoculumn-mBHI,True,A2,True,0,mBHI,mBHI,AA-AA,A2-AA-AA-mBHI-mBHI,AA-AA-mBHI-mBHI,AA-AA-mBHI,,A2-e003Coalescence-Inoculumn-mBHI,A2-e003Coalescence-Inoculumn-mBHI
163,D5-e003Coalescence-Inoculumn-mBHI,False,D5-e003Coalescence-Inoculumn-mBHI,True,D5,True,0,mBHI,mBHI,AF-AF,D5-AF-AF-mBHI-mBHI,AF-AF-mBHI-mBHI,AF-AF-mBHI,,D5-e003Coalescence-Inoculumn-mBHI,D5-e003Coalescence-Inoculumn-mBHI
168,B3-e003Coalescence-Inoculumn-mBHI,False,B3-e003Coalescence-Inoculumn-mBHI,True,B3,True,0,mBHI,mBHI,AC/PP-AC/PP,B3-AC/PP-AC/PP-mBHI-mBHI,AC/PP-AC/PP-mBHI-mBHI,AC/PP-AC/PP-mBHI,,B3-e003Coalescence-Inoculumn-mBHI,B3-e003Coalescence-Inoculumn-mBHI
186,A5-e003Coalescence-mBHI-inoculumn-redo,False,A5-e003Coalescence-mBHI-inoculumn-redo,True,A5,True,0,mBHI,mBHI,AA-AF,A5-AA-AF-mBHI-mBHI,AA-AF-mBHI-mBHI,AA-AF-mBHI,,A5-e003Coalescence-mBHI-inoculumn-redo,A5-e003Coalescence-mBHI-inoculumn-redo
191,C3-e003Coalescence-Inoculumn-mGAM,False,C3-e003Coalescence-Inoculumn-mGAM,True,C3,True,0,mGAM,mGAM,AC/PP-AE,C3-AC/PP-AE-mGAM-mGAM,AC/PP-AE-mGAM-mGAM,AC/PP-AE-mGAM,,C3-e003Coalescence-Inoculumn-mGAM,C3-e003Coalescence-Inoculumn-mGAM
194,D4-e003Coalescence-Inoculumn-mBHI,False,D4-e003Coalescence-Inoculumn-mBHI,True,D4,True,0,mBHI,mBHI,AE-AF,D4-AE-AF-mBHI-mBHI,AE-AF-mBHI-mBHI,AE-AF-mBHI,,D4-e003Coalescence-Inoculumn-mBHI,D4-e003Coalescence-Inoculumn-mBHI
219,C2-e003Coalescence-Inoculumn-mGAM,False,C2-e003Coalescence-Inoculumn-mGAM,True,C2,True,0,mGAM,mGAM,AA-AE,C2-AA-AE-mGAM-mGAM,AA-AE-mGAM-mGAM,AA-AE-mGAM,,C2-e003Coalescence-Inoculumn-mGAM,C2-e003Coalescence-Inoculumn-mGAM
220,B3-e003Coalescence-Inoculumn-mGAM,False,B3-e003Coalescence-Inoculumn-mGAM,True,B3,True,0,mGAM,mGAM,AC/PP-AC/PP,B3-AC/PP-AC/PP-mGAM-mGAM,AC/PP-AC/PP-mGAM-mGAM,AC/PP-AC/PP-mGAM,,B3-e003Coalescence-Inoculumn-mGAM,B3-e003Coalescence-Inoculumn-mGAM
226,D2-e003Coalescence-Inoculumn-mBHI,False,D2-e003Coalescence-Inoculumn-mBHI,True,D2,True,0,mBHI,mBHI,AA-AF,D2-AA-AF-mBHI-mBHI,AA-AF-mBHI-mBHI,AA-AF-mBHI,,D2-e003Coalescence-Inoculumn-mBHI,D2-e003Coalescence-Inoculumn-mBHI
227,B4-e003Coalescence-Inoculumn-mGAM,False,B4-e003Coalescence-Inoculumn-mGAM,True,B4,True,0,mGAM,mGAM,AC/PP-AE,B4-AC/PP-AE-mGAM-mGAM,AC/PP-AE-mGAM-mGAM,AC/PP-AE-mGAM,,B4-e003Coalescence-Inoculumn-mGAM,B4-e003Coalescence-Inoculumn-mGAM
233,C4-e003Coalescence-Inoculumn-mGAM,False,C4-e003Coalescence-Inoculumn-mGAM,True,C4,True,0,mGAM,mGAM,AE-AE,C4-AE-AE-mGAM-mGAM,AE-AE-mGAM-mGAM,AE-AE-mGAM,,C4-e003Coalescence-Inoculumn-mGAM,C4-e003Coalescence-Inoculumn-mGAM
261,C2-e003Coalescence-mBHI-inoculumn-redo,False,C2-e003Coalescence-mBHI-inoculumn-redo,True,C2,True,0,mBHI,mBHI,AA-AE,C2-AA-AE-mBHI-mBHI,AA-AE-mBHI-mBHI,AA-AE-mBHI,,C2-e003Coalescence-mBHI-inoculumn-redo,C2-e003Coalescence-mBHI-inoculumn-redo
264,B2-e003Coalescence-Inoculumn-mBHI,False,B2-e003Coalescence-Inoculumn-mBHI,True,B2,True,0,mBHI,mBHI,AA-AC/PP,B2-AA-AC/PP-mBHI-mBHI,AA-AC/PP-mBHI-mBHI,AA-AC/PP-mBHI,,B2-e003Coalescence-Inoculumn-mBHI,B2-e003Coalescence-Inoculumn-mBHI
269,A5-e003Coalescence-Inoculumn-mGAM,False,A5-e003Coalescence-Inoculumn-mGAM,True,A5,True,0,mGAM,mGAM,AA-AF,A5-AA-AF-mGAM-mGAM,AA-AF-mGAM-mGAM,AA-AF-mGAM,,A5-e003Coalescence-Inoculumn-mGAM,A5-e003Coalescence-Inoculumn-mGAM
272,D4-e003Coalescence-Inoculumn-mGAM,False,D4-e003Coalescence-Inoculumn-mGAM,True,D4,True,0,mGAM,mGAM,AE-AF,D4-AE-AF-mGAM-mGAM,AE-AF-mGAM-mGAM,AE-AF-mGAM,,D4-e003Coalescence-Inoculumn-mGAM,D4-e003Coalescence-Inoculumn-mGAM
279,C3-e003Coalescence-mBHI-inoculumn-redo,False,C3-e003Coalescence-mBHI-inoculumn-redo,True,C3,True,0,mBHI,mBHI,AC/PP-AE,C3-AC/PP-AE-mBHI-mBHI,AC/PP-AE-mBHI-mBHI,AC/PP-AE-mBHI,,C3-e003Coalescence-mBHI-inoculumn-redo,C3-e003Coalescence-mBHI-inoculumn-redo
295,A2-e003Coalescence-mBHI-inoculumn-redo,False,A2-e003Coalescence-mBHI-inoculumn-redo,True,A2,True,0,mBHI,mBHI,AA-AA,A2-AA-AA-mBHI-mBHI,AA-AA-mBHI-mBHI,AA-AA-mBHI,,A2-e003Coalescence-mBHI-inoculumn-redo,A2-e003Coalescence-mBHI-inoculumn-redo
300,B4-e003Coalescence-Inoculumn-mBHI,False,B4-e003Coalescence-Inoculumn-mBHI,True,B4,True,0,mBHI,mBHI,AC/PP-AE,B4-AC/PP-AE-mBHI-mBHI,AC/PP-AE-mBHI-mBHI,AC/PP-AE-mBHI,,B4-e003Coalescence-Inoculumn-mBHI,B4-e003Coalescence-Inoculumn-mBHI
301,D2-e003Coalescence-Inoculumn-mGAM,False,D2-e003Coalescence-Inoculumn-mGAM,True,D2,True,0,mGAM,mGAM,AA-AF,D2-AA-AF-mGAM-mGAM,AA-AF-mGAM-mGAM,AA-AF-mGAM,,D2-e003Coalescence-Inoculumn-mGAM,D2-e003Coalescence-Inoculumn-mGAM
306,D3-e003Coalescence-Inoculumn-mGAM,False,D3-e003Coalescence-Inoculumn-mGAM,True,D3,True,0,mGAM,mGAM,AC/PP-AF,D3-AC/PP-AF-mGAM-mGAM,AC/PP-AF-mGAM-mGAM,AC/PP-AF-mGAM,,D3-e003Coalescence-Inoculumn-mGAM,D3-e003Coalescence-Inoculumn-mGAM
308,C5-e003Coalescence-Inoculumn-mGAM,False,C5-e003Coalescence-Inoculumn-mGAM,True,C5,True,0,mGAM,mGAM,AE-AF,C5-AE-AF-mGAM-mGAM,AE-AF-mGAM-mGAM,AE-AF-mGAM,,C5-e003Coalescence-Inoculumn-mGAM,C5-e003Coalescence-Inoculumn-mGAM
320,A4-e003Coalescence-Inoculumn-mGAM,False,A4-e003Coalescence-Inoculumn-mGAM,True,A4,True,0,mGAM,mGAM,AA-AE,A4-AA-AE-mGAM-mGAM,AA-AE-mGAM-mGAM,AA-AE-mGAM,,A4-e003Coalescence-Inoculumn-mGAM,A4-e003Coalescence-Inoculumn-mGAM
322,A5-e003Coalescence-Inoculumn-mBHI,False,A5-e003Coalescence-Inoculumn-mBHI,True,A5,True,0,mBHI,mBHI,AA-AF,A5-AA-AF-mBHI-mBHI,AA-AF-mBHI-mBHI,AA-AF-mBHI,,A5-e003Coalescence-Inoculumn-mBHI,A5-e003Coalescence-Inoculumn-mBHI
