sample_name	midas_outdir
C12-e003Coalescence-mBHI-p3	workflow/out/midas2_output/
C9-e003Coalescence-mGAM-p3	workflow/out/midas2_output/
D2-e004Assembly-mGAM-p7	workflow/out/midas2_output/
C3-e003Coalescence-mBHI-p3	workflow/out/midas2_output/
B5-e004Assembly-mBHI-p3	workflow/out/midas2_output/
C11-e003Coalescence-mBHI-p3	workflow/out/midas2_output/
D11-e003Coalescence-mBHI-p5	workflow/out/midas2_output/
C9-e003Coalescence-mGAM-p7	workflow/out/midas2_output/
C8-e003Coalescence-mGAM-p7	workflow/out/midas2_output/
D10-e003Coalescence-mBHI-p3	workflow/out/midas2_output/
F3-e004Assembly-epsilon-p3	workflow/out/midas2_output/
B2-e003Coalescence-mBHI-p3	workflow/out/midas2_output/
A8-e003Coalescence-mBHI-p3	workflow/out/midas2_output/
e004-inoculumn-fecal-BD	workflow/out/midas2_output/
A4-e003Coalescence-mBHI-p7	workflow/out/midas2_output/
A5-e003Coalescence-mGAM-p5	workflow/out/midas2_output/
B4-e003Coalescence-mBHI-p5	workflow/out/midas2_output/
A3-e003Coalescence-mBHI-p7	workflow/out/midas2_output/
B9-e003Coalescence-mGAM-p5	workflow/out/midas2_output/
A4-e003Coalescence-mBHI-inoculumn-redo	workflow/out/midas2_output/
B3-e003Coalescence-mBHI-p3	workflow/out/midas2_output/
D4-e003Coalescence-mBHI-p5	workflow/out/midas2_output/
C2-e003Coalescence-mBHI-p5	workflow/out/midas2_output/
B3-e004Assembly-mBHI-p7	workflow/out/midas2_output/
B5-e004Assembly-mBHI-p7	workflow/out/midas2_output/
D4-e003Coalescence-mBHI-p3	workflow/out/midas2_output/
C4-e003GlycerolRevival-mBHI-p2	workflow/out/midas2_output/
G5-e004Assembly-epsilon-p3	workflow/out/midas2_output/
C5-e004Assembly-mBHI-p3	workflow/out/midas2_output/
D10-e003Assembly-mGAM-p5	workflow/out/midas2_output/
B2-e003Assembly-mBHI-p5	workflow/out/midas2_output/
C3-e004Assembly-mBHI-p5	workflow/out/midas2_output/
B2-e003Coalescence-mBHI-p5	workflow/out/midas2_output/
B8-e003Assembly-mGAM-p5	workflow/out/midas2_output/
F4-e004Assembly-epsilon-p5	workflow/out/midas2_output/
G2-e004Assembly-epsilon-p7	workflow/out/midas2_output/
C4-e003Coalescence-mGAM-p7	workflow/out/midas2_output/
B12-e003Coalescence-mBHI-p3	workflow/out/midas2_output/
e004-inoculumn-fecal-AK	workflow/out/midas2_output/
B2-e003Coalescence-mGAM-p7	workflow/out/midas2_output/
D3-e004Assembly-mGAM-p7	workflow/out/midas2_output/
C8-e003Assembly-mGAM-p3	workflow/out/midas2_output/
C3-e003Coalescence-mGAM-p3	workflow/out/midas2_output/
B4-e003Assembly-mBHI-p5	workflow/out/midas2_output/
D4-e004Assembly-mGAM-p5	workflow/out/midas2_output/
D3-e003Coalescence-Inoculumn-mBHI	workflow/out/midas2_output/
D2-e004Assembly-mGAM-p5	workflow/out/midas2_output/
C8-e003Assembly-mGAM-p5	workflow/out/midas2_output/
C3-e003Coalescence-mBHI-p7	workflow/out/midas2_output/
D11-e003Coalescence-mGAM-p5	workflow/out/midas2_output/
A11-e003Coalescence-mGAM-p7	workflow/out/midas2_output/
A3-e003Coalescence-mGAM-p3	workflow/out/midas2_output/
B8-e003Coalescence-mBHI-p5	workflow/out/midas2_output/
B10-e003Assembly-mGAM-p5	workflow/out/midas2_output/
C2-e003Coalescence-mGAM-p7	workflow/out/midas2_output/
D3-e003Coalescence-mBHI-p5	workflow/out/midas2_output/
B11-e003Coalescence-mGAM-p3	workflow/out/midas2_output/
C4-e003Coalescence-mBHI-inoculumn-redo	workflow/out/midas2_output/
B5-e003Assembly-mBHI-p5	workflow/out/midas2_output/
D2-e003Coalescence-mBHI-p5	workflow/out/midas2_output/
D8-e003Assembly-mGAM-p5	workflow/out/midas2_output/
C8-e003Coalescence-mGAM-p5	workflow/out/midas2_output/
D5-e003Coalescence-mGAM-p5	workflow/out/midas2_output/
B5-e003Coalescence-mBHI-p5	workflow/out/midas2_output/
D5-e003Coalescence-mBHI-p7	workflow/out/midas2_output/
C9-e003Coalescence-mBHI-p5	workflow/out/midas2_output/
A10-e003Coalescence-mBHI-p3	workflow/out/midas2_output/
A5-e003Coalescence-mGAM-p3	workflow/out/midas2_output/
A2-e003Coalescence-Inoculumn-mGAM	workflow/out/midas2_output/
C8-e003GlycerolRevival-mGAM-p2	workflow/out/midas2_output/
E5-e004Assembly-mGAM-p5	workflow/out/midas2_output/
D8-e003Coalescence-mGAM-p5	workflow/out/midas2_output/
A12-e003Coalescence-mGAM-p3	workflow/out/midas2_output/
C4-e003Assembly-mBHI-p3	workflow/out/midas2_output/
C2-e003Coalescence-mBHI-p3	workflow/out/midas2_output/
C4-e004Assembly-mBHI-p5	workflow/out/midas2_output/
D9-e003Coalescence-mGAM-p7	workflow/out/midas2_output/
D4-e003Coalescence-mBHI-p7	workflow/out/midas2_output/
D8-e003Assembly-mGAM-p3	workflow/out/midas2_output/
E4-e004Assembly-mGAM-p7	workflow/out/midas2_output/
E3-e004Assembly-mGAM-p3	workflow/out/midas2_output/
D2-e004Assembly-mGAM-p3	workflow/out/midas2_output/
B10-e003Coalescence-mGAM-p3	workflow/out/midas2_output/
A9-e003Coalescence-mGAM-p7	workflow/out/midas2_output/
D5-e004Assembly-mGAM-p5	workflow/out/midas2_output/
B5-e003Coalescence-Inoculumn-mGAM	workflow/out/midas2_output/
D10-e003Coalescence-mBHI-p5	workflow/out/midas2_output/
D5-e003Coalescence-mBHI-p3	workflow/out/midas2_output/
A5-e003Coalescence-mBHI-p5	workflow/out/midas2_output/
C5-e003Coalescence-mBHI-p3	workflow/out/midas2_output/
D9-e003Coalescence-mGAM-p5	workflow/out/midas2_output/
C9-e003Coalescence-mBHI-p3	workflow/out/midas2_output/
D10-e003Coalescence-mGAM-p5	workflow/out/midas2_output/
C8-e003Coalescence-mBHI-p7	workflow/out/midas2_output/
C4-e003Coalescence-mBHI-p3	workflow/out/midas2_output/
B11-e003Assembly-mGAM-p5	workflow/out/midas2_output/
G3-e004Assembly-epsilon-p7	workflow/out/midas2_output/
B4-e003Coalescence-mGAM-p5	workflow/out/midas2_output/
D4-e003Coalescence-mGAM-p5	workflow/out/midas2_output/
C3-e004Assembly-mBHI-p7	workflow/out/midas2_output/
B5-e003Coalescence-mGAM-p5	workflow/out/midas2_output/
BB-Fecal	workflow/out/midas2_output/
B5-e003Coalescence-Inoculumn-mBHI	workflow/out/midas2_output/
G3-e004Assembly-epsilon-p3	workflow/out/midas2_output/
C2-e003Coalescence-mGAM-p3	workflow/out/midas2_output/
B5-e003Coalescence-mGAM-p7	workflow/out/midas2_output/
D8-e003Coalescence-mBHI-p5	workflow/out/midas2_output/
F5-e004Assembly-epsilon-p5	workflow/out/midas2_output/
E5-e004Assembly-mGAM-p7	workflow/out/midas2_output/
C4-e003Coalescence-mBHI-p7	workflow/out/midas2_output/
C10-e003Assembly-mGAM-p3	workflow/out/midas2_output/
B10-e003Coalescence-mBHI-p5	workflow/out/midas2_output/
D5-e003Coalescence-Inoculumn-mGAM	workflow/out/midas2_output/
D11-e003Coalescence-mBHI-p3	workflow/out/midas2_output/
F2-e004Assembly-epsilon-p3	workflow/out/midas2_output/
B3-e004Assembly-mBHI-p5	workflow/out/midas2_output/
B5-e003Coalescence-mBHI-p3	workflow/out/midas2_output/
G4-e004Assembly-epsilon-p5	workflow/out/midas2_output/
C4-e003Coalescence-mGAM-p5	workflow/out/midas2_output/
C5-e003Coalescence-mGAM-p7	workflow/out/midas2_output/
C5-e003Coalescence-mBHI-inoculumn-redo	workflow/out/midas2_output/
A2-e003Coalescence-mBHI-p7	workflow/out/midas2_output/
A10-e003Coalescence-mBHI-p5	workflow/out/midas2_output/
BF-Fecal	workflow/out/midas2_output/
D2-e003Coalescence-mBHI-p7	workflow/out/midas2_output/
AM-Fecal	workflow/out/midas2_output/
B8-e003Assembly-mGAM-p3	workflow/out/midas2_output/
A4-e003Coalescence-mGAM-p5	workflow/out/midas2_output/
D5-e003Coalescence-mBHI-p5	workflow/out/midas2_output/
D3-e003Assembly-mBHI-p3	workflow/out/midas2_output/
e003-inoculumn-fecal-inoculumn	workflow/out/midas2_output/
D4-e003Coalescence-mGAM-p7	workflow/out/midas2_output/
E4-e004Assembly-mGAM-p3	workflow/out/midas2_output/
A8-e003Coalescence-mBHI-p7	workflow/out/midas2_output/
e003-inoculumn-fecal-AC	workflow/out/midas2_output/
E3-e004Assembly-mGAM-p7	workflow/out/midas2_output/
B9-e003GlycerolRevival-mGAM-p2	workflow/out/midas2_output/
C4-e003Coalescence-mGAM-p3	workflow/out/midas2_output/
B2-e003Coalescence-Inoculumn-mGAM	workflow/out/midas2_output/
D5-e003Coalescence-mGAM-p7	workflow/out/midas2_output/
C5-e003Coalescence-mBHI-p5	workflow/out/midas2_output/
C5-e003Coalescence-mGAM-p3	workflow/out/midas2_output/
A3-e003Coalescence-mBHI-inoculumn-redo	workflow/out/midas2_output/
D9-e003Assembly-mGAM-p5	workflow/out/midas2_output/
B12-e003Coalescence-mGAM-p3	workflow/out/midas2_output/
A11-e003Coalescence-mBHI-p7	workflow/out/midas2_output/
A3-e003Coalescence-Inoculumn-mGAM	workflow/out/midas2_output/
A4-e003Coalescence-mGAM-p3	workflow/out/midas2_output/
D10-e003Assembly-mGAM-p3	workflow/out/midas2_output/
C3-e003Coalescence-mGAM-p5	workflow/out/midas2_output/
B4-e004Assembly-mBHI-p5	workflow/out/midas2_output/
C10-e003GlycerolRevival-mGAM-p2	workflow/out/midas2_output/
D3-e003Assembly-mBHI-p5	workflow/out/midas2_output/
A10-e003Coalescence-mGAM-p3	workflow/out/midas2_output/
A9-e003Coalescence-mBHI-p3	workflow/out/midas2_output/
A2-e003Coalescence-Inoculumn-mBHI	workflow/out/midas2_output/
D3-e003Coalescence-mBHI-p7	workflow/out/midas2_output/
D11-e003Coalescence-mGAM-p3	workflow/out/midas2_output/
C3-e003Coalescence-mBHI-p5	workflow/out/midas2_output/
D11-e003Assembly-mGAM-p3	workflow/out/midas2_output/
D2-e003Assembly-mBHI-p3	workflow/out/midas2_output/
B3-e003Assembly-mBHI-p5	workflow/out/midas2_output/
A9-e003Coalescence-mBHI-p5	workflow/out/midas2_output/
D5-e003Coalescence-Inoculumn-mBHI	workflow/out/midas2_output/
B2-e003Coalescence-mGAM-p3	workflow/out/midas2_output/
B4-e003Assembly-mBHI-p3	workflow/out/midas2_output/
C11-e003Coalescence-mGAM-p5	workflow/out/midas2_output/
G4-e004Assembly-epsilon-p3	workflow/out/midas2_output/
B3-e003Coalescence-Inoculumn-mBHI	workflow/out/midas2_output/
A8-e003Coalescence-mBHI-p5	workflow/out/midas2_output/
D5-e004Assembly-mGAM-p7	workflow/out/midas2_output/
C2-e003Assembly-mBHI-p5	workflow/out/midas2_output/
D9-e003Coalescence-mBHI-p3	workflow/out/midas2_output/
C5-e003Coalescence-mGAM-p5	workflow/out/midas2_output/
D5-e003Assembly-mBHI-p5	workflow/out/midas2_output/
A5-e003Coalescence-mBHI-p7	workflow/out/midas2_output/
G2-e004Assembly-epsilon-p3	workflow/out/midas2_output/
BG-Fecal	workflow/out/midas2_output/
D2-e003Coalescence-mGAM-p5	workflow/out/midas2_output/
B9-e003Assembly-mGAM-p5	workflow/out/midas2_output/
D3-e003Coalescence-mGAM-p3	workflow/out/midas2_output/
C2-e004Assembly-mBHI-p3	workflow/out/midas2_output/
D9-e003Coalescence-mGAM-p3	workflow/out/midas2_output/
E2-e004Assembly-mGAM-p7	workflow/out/midas2_output/
D3-e003Coalescence-mGAM-p5	workflow/out/midas2_output/
C10-e003Coalescence-mGAM-p3	workflow/out/midas2_output/
A5-e003Coalescence-mBHI-inoculumn-redo	workflow/out/midas2_output/
B11-e003Assembly-mGAM-p3	workflow/out/midas2_output/
D2-e003Assembly-mBHI-p5	workflow/out/midas2_output/
B9-e003Coalescence-mGAM-p7	workflow/out/midas2_output/
B11-e003Coalescence-mGAM-p7	workflow/out/midas2_output/
C3-e003Coalescence-Inoculumn-mGAM	workflow/out/midas2_output/
B5-e003Coalescence-mBHI-p7	workflow/out/midas2_output/
A3-e003Coalescence-mGAM-p7	workflow/out/midas2_output/
D4-e003Coalescence-Inoculumn-mBHI	workflow/out/midas2_output/
A4-e003Coalescence-mBHI-p5	workflow/out/midas2_output/
B3-e003Coalescence-mBHI-p7	workflow/out/midas2_output/
C2-e004Assembly-mBHI-p7	workflow/out/midas2_output/
D10-e003Coalescence-mGAM-p7	workflow/out/midas2_output/
C12-e003Coalescence-mGAM-p3	workflow/out/midas2_output/
C11-e003Coalescence-mGAM-p3	workflow/out/midas2_output/
D5-e004Assembly-mGAM-p3	workflow/out/midas2_output/
A10-e003Coalescence-mBHI-p7	workflow/out/midas2_output/
C10-e003Coalescence-mBHI-p7	workflow/out/midas2_output/
B9-e003Coalescence-mBHI-p5	workflow/out/midas2_output/
F4-e004Assembly-epsilon-p3	workflow/out/midas2_output/
B10-e003Coalescence-mBHI-p3	workflow/out/midas2_output/
C11-e003Coalescence-mBHI-p5	workflow/out/midas2_output/
A2-e003Coalescence-mGAM-p7	workflow/out/midas2_output/
C5-e003Assembly-mBHI-p3	workflow/out/midas2_output/
F5-e004Assembly-epsilon-p3	workflow/out/midas2_output/
E3-e004Assembly-mGAM-p5	workflow/out/midas2_output/
E2-e004Assembly-mGAM-p5	workflow/out/midas2_output/
C3-e003GlycerolRevival-mBHI-p2	workflow/out/midas2_output/
D10-e003Coalescence-mGAM-p3	workflow/out/midas2_output/
B10-e003Coalescence-mGAM-p7	workflow/out/midas2_output/
C4-e004Assembly-mBHI-p3	workflow/out/midas2_output/
B4-e003Coalescence-mBHI-p7	workflow/out/midas2_output/
A9-e003Coalescence-mBHI-p7	workflow/out/midas2_output/
C2-e003Coalescence-Inoculumn-mGAM	workflow/out/midas2_output/
B3-e003Coalescence-Inoculumn-mGAM	workflow/out/midas2_output/
D11-e003Coalescence-mGAM-p7	workflow/out/midas2_output/
D5-e003Coalescence-mGAM-p3	workflow/out/midas2_output/
D4-e004Assembly-mGAM-p3	workflow/out/midas2_output/
E4-e004Assembly-mGAM-p5	workflow/out/midas2_output/
E5-e004Assembly-mGAM-p3	workflow/out/midas2_output/
D2-e003Coalescence-Inoculumn-mBHI	workflow/out/midas2_output/
B4-e003Coalescence-Inoculumn-mGAM	workflow/out/midas2_output/
F2-e004Assembly-epsilon-p7	workflow/out/midas2_output/
A10-e003Coalescence-mGAM-p7	workflow/out/midas2_output/
B2-e003Assembly-mBHI-p3	workflow/out/midas2_output/
F4-e004Assembly-epsilon-p7	workflow/out/midas2_output/
D9-e003Coalescence-mBHI-p5	workflow/out/midas2_output/
C4-e003Coalescence-Inoculumn-mGAM	workflow/out/midas2_output/
D4-e003Coalescence-mGAM-p3	workflow/out/midas2_output/
B9-e003Coalescence-mBHI-p7	workflow/out/midas2_output/
A2-e003Coalescence-mGAM-p5	workflow/out/midas2_output/
D11-e003Assembly-mGAM-p5	workflow/out/midas2_output/
C3-e003Coalescence-mGAM-p7	workflow/out/midas2_output/
A3-e003Coalescence-mGAM-p5	workflow/out/midas2_output/
B11-e003GlycerolRevival-mGAM-p2	workflow/out/midas2_output/
C5-e004Assembly-mBHI-p7	workflow/out/midas2_output/
B3-e003Coalescence-mGAM-p5	workflow/out/midas2_output/
D9-e003Coalescence-mBHI-p7	workflow/out/midas2_output/
G5-e004Assembly-epsilon-p5	workflow/out/midas2_output/
B10-e003Assembly-mGAM-p3	workflow/out/midas2_output/
D3-e004Assembly-mGAM-p5	workflow/out/midas2_output/
C5-e003Coalescence-mBHI-p7	workflow/out/midas2_output/
D12-e003Coalescence-mBHI-p3	workflow/out/midas2_output/
E2-e004Assembly-mGAM-p3	workflow/out/midas2_output/
D4-e004Assembly-mGAM-p7	workflow/out/midas2_output/
C11-e003Coalescence-mGAM-p7	workflow/out/midas2_output/
C11-e003Assembly-mGAM-p3	workflow/out/midas2_output/
D10-e003Coalescence-mBHI-p7	workflow/out/midas2_output/
C9-e003Coalescence-mBHI-p7	workflow/out/midas2_output/
A2-e003Coalescence-mBHI-p3	workflow/out/midas2_output/
B8-e003Coalescence-mGAM-p5	workflow/out/midas2_output/
C3-e004Assembly-mBHI-p3	workflow/out/midas2_output/
C11-e003Assembly-mGAM-p5	workflow/out/midas2_output/
B10-e003GlycerolRevival-mGAM-p2	workflow/out/midas2_output/
B3-e003Coalescence-mBHI-p5	workflow/out/midas2_output/
C2-e003Coalescence-mBHI-inoculumn-redo	workflow/out/midas2_output/
A8-e003Coalescence-mGAM-p7	workflow/out/midas2_output/
C11-e003GlycerolRevival-mGAM-p2	workflow/out/midas2_output/
B2-e003Coalescence-Inoculumn-mBHI	workflow/out/midas2_output/
A11-e003Coalescence-mBHI-p5	workflow/out/midas2_output/
C10-e003Coalescence-mGAM-p5	workflow/out/midas2_output/
C4-e003Assembly-mBHI-p5	workflow/out/midas2_output/
C9-e003Assembly-mGAM-p5	workflow/out/midas2_output/
A5-e003Coalescence-Inoculumn-mGAM	workflow/out/midas2_output/
A3-e003Coalescence-mBHI-p3	workflow/out/midas2_output/
AG-Fecal	workflow/out/midas2_output/
D4-e003Coalescence-Inoculumn-mGAM	workflow/out/midas2_output/
A2-e003Coalescence-mBHI-p5	workflow/out/midas2_output/
B5-e004Assembly-mBHI-p5	workflow/out/midas2_output/
G2-e004Assembly-epsilon-p5	workflow/out/midas2_output/
C5-e003Assembly-mBHI-p5	workflow/out/midas2_output/
C10-e003Coalescence-mBHI-p5	workflow/out/midas2_output/
B9-e003Coalescence-mBHI-p3	workflow/out/midas2_output/
C3-e003Coalescence-mBHI-inoculumn-redo	workflow/out/midas2_output/
e004-inoculumn-fecal-AR	workflow/out/midas2_output/
B5-e003Coalescence-mGAM-p3	workflow/out/midas2_output/
A3-e003Coalescence-mBHI-p5	workflow/out/midas2_output/
BK-Fecal	workflow/out/midas2_output/
C3-e003Assembly-mBHI-p5	workflow/out/midas2_output/
G5-e004Assembly-epsilon-p7	workflow/out/midas2_output/
F2-e004Assembly-epsilon-p5	workflow/out/midas2_output/
A5-e003Coalescence-mBHI-p3	workflow/out/midas2_output/
C4-e004Assembly-mBHI-p7	workflow/out/midas2_output/
A4-e003Coalescence-mBHI-p3	workflow/out/midas2_output/
C9-e003GlycerolRevival-mGAM-p2	workflow/out/midas2_output/
B2-e004Assembly-mBHI-p7	workflow/out/midas2_output/
B4-e004Assembly-mBHI-p3	workflow/out/midas2_output/
F3-e004Assembly-epsilon-p5	workflow/out/midas2_output/
C9-e003Coalescence-mGAM-p5	workflow/out/midas2_output/
A2-e003Coalescence-mBHI-inoculumn-redo	workflow/out/midas2_output/
C2-e003Coalescence-mGAM-p5	workflow/out/midas2_output/
B8-e003GlycerolRevival-mGAM-p2	workflow/out/midas2_output/
C8-e003Coalescence-mBHI-p5	workflow/out/midas2_output/
B8-e003Coalescence-mGAM-p7	workflow/out/midas2_output/
B4-e003Coalescence-Inoculumn-mBHI	workflow/out/midas2_output/
D2-e003Coalescence-Inoculumn-mGAM	workflow/out/midas2_output/
B3-e003Assembly-mBHI-p3	workflow/out/midas2_output/
B8-e003Coalescence-mBHI-p7	workflow/out/midas2_output/
B3-e004Assembly-mBHI-p3	workflow/out/midas2_output/
e003-inoculumn-fecal-AE	workflow/out/midas2_output/
D3-e003Coalescence-Inoculumn-mGAM	workflow/out/midas2_output/
B11-e003Coalescence-mBHI-p3	workflow/out/midas2_output/
C5-e003Coalescence-Inoculumn-mGAM	workflow/out/midas2_output/
C4-e003Coalescence-mBHI-p5	workflow/out/midas2_output/
B2-e004Assembly-mBHI-p3	workflow/out/midas2_output/
G3-e004Assembly-epsilon-p5	workflow/out/midas2_output/
BC-Fecal	workflow/out/midas2_output/
e004-inoculumn-fecal-BE	workflow/out/midas2_output/
BA-Fecal	workflow/out/midas2_output/
e003-inoculumn-fecal-AF	workflow/out/midas2_output/
A11-e003Coalescence-mBHI-p3	workflow/out/midas2_output/
B2-e004Assembly-mBHI-p5	workflow/out/midas2_output/
B4-e004Assembly-mBHI-p7	workflow/out/midas2_output/
B2-e003Coalescence-mBHI-p7	workflow/out/midas2_output/
A4-e003Coalescence-Inoculumn-mGAM	workflow/out/midas2_output/
B4-e003Coalescence-mBHI-p3	workflow/out/midas2_output/
A5-e003Coalescence-Inoculumn-mBHI	workflow/out/midas2_output/
C2-e003Coalescence-mBHI-p7	workflow/out/midas2_output/
A9-e003Coalescence-mGAM-p5	workflow/out/midas2_output/
C10-e003Coalescence-mGAM-p7	workflow/out/midas2_output/
F3-e004Assembly-epsilon-p7	workflow/out/midas2_output/
A11-e003Coalescence-mGAM-p3	workflow/out/midas2_output/
C10-e003Coalescence-mBHI-p3	workflow/out/midas2_output/
D2-e003Coalescence-mBHI-p3	workflow/out/midas2_output/
C5-e003GlycerolRevival-mBHI-p2	workflow/out/midas2_output/
H5-e003Coalescence-mBHI-p5_S40	workflow/out/midas2_output/
E2-e003Coalescence-mGAM-p7_S145	workflow/out/midas2_output/
G5-e003Coalescence-mBHI-p7_S124	workflow/out/midas2_output/
H111-e003Coalescence-mGAM-p7_S188	workflow/out/midas2_output/
H4-e003Coalescence-mGAM-p7_S183	workflow/out/midas2_output/
F5-e003Coalescence-mGAM-p5_S64	workflow/out/midas2_output/
F5-e003Coalescence-mGAM-p7_S160	workflow/out/midas2_output/
F8-e003Coalescence-mBHI-p3_S117	workflow/out/midas2_output/
H3-e003Coalescence-mBHI-p3_S46	workflow/out/midas2_output/
H2-e003Coalescence-mBHI-p7_S133	workflow/out/midas2_output/
E3-e003Coalescence-mBHI-p7_S98	workflow/out/midas2_output/
E5-e003Coalescence-mBHI-p3_S12	workflow/out/midas2_output/
F100-e003Coalescence-mGAM-p7_S163	workflow/out/midas2_output/
E111-e003Coalescence-mGAM-p7_S152	workflow/out/midas2_output/
F9-e003Coalescence-mBHI-p5_S18	workflow/out/midas2_output/
H3-e003Coalescence-mBHI-p7_S134	workflow/out/midas2_output/
E3-e003Coalescence-mGAM-p3_S58	workflow/out/midas2_output/
H8-e003Coalescence-mBHI-p3_S141	workflow/out/midas2_output/
G4-e003Coalescence-mBHI-p5_S27	workflow/out/midas2_output/
E8-e003Coalescence-mBHI-p5_S5	workflow/out/midas2_output/
G2-e003Coalescence-mBHI-p3_S33	workflow/out/midas2_output/
F100-e003Coalescence-mBHI-p3_S119	workflow/out/midas2_output/
E9-e003Coalescence-mBHI-p5_S6	workflow/out/midas2_output/
G3-e003Coalescence-mGAM-p7_S170	workflow/out/midas2_output/
H111-e003Coalescence-mBHI-p3_S144	workflow/out/midas2_output/
G111-e003Coalescence-mGAM-p5_S80	workflow/out/midas2_output/
G100-e003Coalescence-mGAM-p3_S179	workflow/out/midas2_output/
F111-e003Coalescence-mGAM-p5_S68	workflow/out/midas2_output/
G111-e003Coalescence-mBHI-p5_S32	workflow/out/midas2_output/
G5-e003Coalescence-mBHI-p3_S36	workflow/out/midas2_output/
H2-e003Coalescence-mGAM-p7_S181	workflow/out/midas2_output/
H9-e003Coalescence-mGAM-p3_S190	workflow/out/midas2_output/
F2-e003Coalescence-mBHI-p7_S109	workflow/out/midas2_output/
E3-e003Coalescence-mBHI-p3_S10	workflow/out/midas2_output/
H2-e003Coalescence-mGAM-p5_S85	workflow/out/midas2_output/
G8-e003Coalescence-mGAM-p3_S177	workflow/out/midas2_output/
H111-e003Coalescence-mBHI-p7_S140	workflow/out/midas2_output/
F2-e003Coalescence-mGAM-p7_S157	workflow/out/midas2_output/
H3-e003Coalescence-mGAM-p3_S94	workflow/out/midas2_output/
H8-e003Coalescence-mGAM-p3_S189	workflow/out/midas2_output/
H4-e003Coalescence-mGAM-p3_S95	workflow/out/midas2_output/
E5-e003Coalescence-mBHI-p7_S100	workflow/out/midas2_output/
G111-e003Coalescence-mBHI-p3_S132	workflow/out/midas2_output/
F3-e003Coalescence-mGAM-p3_S70	workflow/out/midas2_output/
E100-e003Coalescence-mBHI-p7_S103	workflow/out/midas2_output/
F9-e003Coalescence-mGAM-p5_S66	workflow/out/midas2_output/
G111-e003Coalescence-mGAM-p7_S176	workflow/out/midas2_output/
H100-e003Coalescence-mGAM-p7_S187	workflow/out/midas2_output/
E100-e003Coalescence-mGAM-p3_S155	workflow/out/midas2_output/
E3-e003Coalescence-mGAM-p5_S50	workflow/out/midas2_output/
F5-e003Coalescence-mGAM-p3_S72	workflow/out/midas2_output/
E9-e003Coalescence-mBHI-p7_S102	workflow/out/midas2_output/
E5-e003Coalescence-mBHI-p5_S4	workflow/out/midas2_output/
F111-e003Coalescence-mGAM-p7_S164	workflow/out/midas2_output/
E111-e003Coalescence-mBHI-p5_S8	workflow/out/midas2_output/
H100-e003Coalescence-mBHI-p5_S43	workflow/out/midas2_output/
G2-e003Coalescence-mGAM-p7_S169	workflow/out/midas2_output/
F2-e003Coalescence-mGAM-p5_S61	workflow/out/midas2_output/
F5-e003Coalescence-mBHI-p5_S16	workflow/out/midas2_output/
F8-e003Coalescence-mGAM-p5_S65	workflow/out/midas2_output/
H8-e003Coalescence-mBHI-p7_S137	workflow/out/midas2_output/
E111-e003Coalescence-mGAM-p3_S156	workflow/out/midas2_output/
H5-e003Coalescence-mBHI-p3_S48	workflow/out/midas2_output/
G9-e003Coalescence-mGAM-p5_S78	workflow/out/midas2_output/
E2-e003Coalescence-mBHI-p5_S1	workflow/out/midas2_output/
E2-e003Coalescence-mBHI-p3_S9	workflow/out/midas2_output/
G8-e003Coalescence-mGAM-p5_S77	workflow/out/midas2_output/
G3-e003Coalescence-mBHI-p3_S34	workflow/out/midas2_output/
G100-e003Coalescence-mBHI-p5_S31	workflow/out/midas2_output/
F9-e003Coalescence-mBHI-p3_S118	workflow/out/midas2_output/
E111-e003Coalescence-mBHI-p3_S108	workflow/out/midas2_output/
F8-e003Coalescence-mGAM-p3_S165	workflow/out/midas2_output/
G3-e003Coalescence-mBHI-p5_S26	workflow/out/midas2_output/
G5-e003Coalescence-mBHI-p5_S28	workflow/out/midas2_output/
H111-e003Coalescence-mGAM-p5_S92	workflow/out/midas2_output/
G4-e003Coalescence-mBHI-p3_S35	workflow/out/midas2_output/
H9-e003Coalescence-mGAM-p5_S90	workflow/out/midas2_output/
H2-e003Coalescence-mBHI-p3_S45	workflow/out/midas2_output/
E8-e003Coalescence-mBHI-p7_S101	workflow/out/midas2_output/
E4-e003Coalescence-mBHI-p5_S3	workflow/out/midas2_output/
H2-e003Coalescence-mGAM-p3_S93	workflow/out/midas2_output/
E4-e003Coalescence-mGAM-p5_S51	workflow/out/midas2_output/
G9-e003Coalescence-mGAM-p7_S174	workflow/out/midas2_output/
F9-e003Coalescence-mBHI-p7_S114	workflow/out/midas2_output/
F2-e003Coalescence-mBHI-p3_S21	workflow/out/midas2_output/
E8-e003Coalescence-mGAM-p3_S153	workflow/out/midas2_output/
G111-e003Coalescence-mGAM-p3_S180	workflow/out/midas2_output/
G5-e003Coalescence-mGAM-p3_S84	workflow/out/midas2_output/
H8-e003Coalescence-mBHI-p5_S41	workflow/out/midas2_output/
E100-e003Coalescence-mBHI-p5_S7	workflow/out/midas2_output/
G100-e003Coalescence-mGAM-p7_S175	workflow/out/midas2_output/
F9-e003Coalescence-mGAM-p7_S162	workflow/out/midas2_output/
E2-e003Coalescence-mBHI-p7_S97	workflow/out/midas2_output/
F8-e003Coalescence-mGAM-p7_S161	workflow/out/midas2_output/
F3-e003Coalescence-mBHI-p3_S22	workflow/out/midas2_output/
G3-e003Coalescence-mBHI-p7_S122	workflow/out/midas2_output/
G5-e003Coalescence-mGAM-p5_S76	workflow/out/midas2_output/
G5-e003Coalescence-mGAM-p7_S172	workflow/out/midas2_output/
H100-e003Coalescence-mBHI-p3_S143	workflow/out/midas2_output/
G4-e003Coalescence-mGAM-p5_S75	workflow/out/midas2_output/
G8-e003Coalescence-mBHI-p3_S129	workflow/out/midas2_output/
E5-e003Coalescence-mGAM-p3_S60	workflow/out/midas2_output/
G2-e003Coalescence-mGAM-p5_S73	workflow/out/midas2_output/
E5-e003Coalescence-mGAM-p7_S148	workflow/out/midas2_output/
H9-e003Coalescence-mGAM-p7_S186	workflow/out/midas2_output/
E100-e003Coalescence-mGAM-p5_S55	workflow/out/midas2_output/
E8-e003Coalescence-mGAM-p5_S53	workflow/out/midas2_output/
H5-e003Coalescence-mGAM-p3_S96	workflow/out/midas2_output/
G4-e003Coalescence-mGAM-p3_S83	workflow/out/midas2_output/
F4-e003Coalescence-mBHI-p7_S111	workflow/out/midas2_output/
H3-e003Coalescence-mGAM-p7_S182	workflow/out/midas2_output/
H5-e003Coalescence-mGAM-p5_S88	workflow/out/midas2_output/
F4-e003Coalescence-mGAM-p5_S63	workflow/out/midas2_output/
G4-e003Coalescence-mGAM-p7_S171	workflow/out/midas2_output/
H8-e003Coalescence-mGAM-p5_S89	workflow/out/midas2_output/
F3-e003Coalescence-mBHI-p5_S14	workflow/out/midas2_output/
F100-e003Coalescence-mBHI-p7_S115	workflow/out/midas2_output/
E3-e003Coalescence-mGAM-p7_S146	workflow/out/midas2_output/
F100-e003Coalescence-mGAM-p3_S167	workflow/out/midas2_output/
G100-e003Coalescence-mBHI-p3_S131	workflow/out/midas2_output/
G4-e003Coalescence-mBHI-p7_S123	workflow/out/midas2_output/
E9-e003Coalescence-mGAM-p3_S154	workflow/out/midas2_output/
F3-e003Coalescence-mGAM-p5_S62	workflow/out/midas2_output/
H4-e003Coalescence-mBHI-p7_S135	workflow/out/midas2_output/
E3-e003Coalescence-mBHI-p5_S2	workflow/out/midas2_output/
H100-e003Coalescence-mGAM-p3_S191	workflow/out/midas2_output/
G111-e003Coalescence-mBHI-p7_S128	workflow/out/midas2_output/
H3-e003Coalescence-mBHI-p5_S38	workflow/out/midas2_output/
G3-e003Coalescence-mGAM-p3_S82	workflow/out/midas2_output/
F111-e003Coalescence-mGAM-p3_S168	workflow/out/midas2_output/
F3-e003Coalescence-mGAM-p7_S158	workflow/out/midas2_output/
E9-e003Coalescence-mBHI-p3_S106	workflow/out/midas2_output/
F8-e003Coalescence-mBHI-p7_S113	workflow/out/midas2_output/
G2-e003Coalescence-mBHI-p7_S121	workflow/out/midas2_output/
H4-e003Coalescence-mBHI-p3_S47	workflow/out/midas2_output/
F3-e003Coalescence-mBHI-p7_S110	workflow/out/midas2_output/
F100-e003Coalescence-mGAM-p5_S67	workflow/out/midas2_output/
G8-e003Coalescence-mBHI-p7_S125	workflow/out/midas2_output/
F4-e003Coalescence-mBHI-p5_S15	workflow/out/midas2_output/
H111-e003Coalescence-mBHI-p5_S44	workflow/out/midas2_output/
H2-e003Coalescence-mBHI-p5_S37	workflow/out/midas2_output/
E111-e003Coalescence-mBHI-p7_S104	workflow/out/midas2_output/
E2-e003Coalescence-mGAM-p3_S57	workflow/out/midas2_output/
F2-e003Coalescence-mBHI-p5_S13	workflow/out/midas2_output/
F4-e003Coalescence-mBHI-p3_S23	workflow/out/midas2_output/
F2-e003Coalescence-mGAM-p3_S69	workflow/out/midas2_output/
E9-e003Coalescence-mGAM-p5_S54	workflow/out/midas2_output/
G3-e003Coalescence-mGAM-p5_S74	workflow/out/midas2_output/
E111-e003Coalescence-mGAM-p5_S56	workflow/out/midas2_output/
G100-e003Coalescence-mGAM-p5_S79	workflow/out/midas2_output/
H100-e003Coalescence-mGAM-p5_S91	workflow/out/midas2_output/
G9-e003Coalescence-mBHI-p3_S130	workflow/out/midas2_output/
E4-e003Coalescence-mGAM-p7_S147	workflow/out/midas2_output/
G9-e003Coalescence-mBHI-p7_S126	workflow/out/midas2_output/
E4-e003Coalescence-mGAM-p3_S59	workflow/out/midas2_output/
F9-e003Coalescence-mGAM-p3_S166	workflow/out/midas2_output/
H4-e003Coalescence-mBHI-p5_S39	workflow/out/midas2_output/
H9-e003Coalescence-mBHI-p3_S142	workflow/out/midas2_output/
F4-e003Coalescence-mGAM-p3_S71	workflow/out/midas2_output/
H100-e003Coalescence-mBHI-p7_S139	workflow/out/midas2_output/
G8-e003Coalescence-mBHI-p5_S29	workflow/out/midas2_output/
G2-e003Coalescence-mBHI-p5_S25	workflow/out/midas2_output/
G8-e003Coalescence-mGAM-p7_S173	workflow/out/midas2_output/
E4-e003Coalescence-mBHI-p3_S11	workflow/out/midas2_output/
E2-e003Coalescence-mGAM-p5_S49	workflow/out/midas2_output/
H9-e003Coalescence-mBHI-p5_S42	workflow/out/midas2_output/
H111-e003Coalescence-mGAM-p3_S192	workflow/out/midas2_output/
F5-e003Coalescence-mBHI-p3_S24	workflow/out/midas2_output/
E8-e003Coalescence-mBHI-p3_S105	workflow/out/midas2_output/
E8-e003Coalescence-mGAM-p7_S149	workflow/out/midas2_output/
E9-e003Coalescence-mGAM-p7_S150	workflow/out/midas2_output/
H5-e003Coalescence-mBHI-p7_S136	workflow/out/midas2_output/
G9-e003Coalescence-mBHI-p5_S30	workflow/out/midas2_output/
F111-e003Coalescence-mBHI-p7_S116	workflow/out/midas2_output/
F5-e003Coalescence-mBHI-p7_S112	workflow/out/midas2_output/
F4-e003Coalescence-mGAM-p7_S159	workflow/out/midas2_output/
E100-e003Coalescence-mBHI-p3_S107	workflow/out/midas2_output/
F111-e003Coalescence-mBHI-p3_S120	workflow/out/midas2_output/
H3-e003Coalescence-mGAM-p5_S86	workflow/out/midas2_output/
E4-e003Coalescence-mBHI-p7_S99	workflow/out/midas2_output/
H4-e003Coalescence-mGAM-p5_S87	workflow/out/midas2_output/
F100-e003Coalescence-mBHI-p5_S19	workflow/out/midas2_output/
E100-e003Coalescence-mGAM-p7_S151	workflow/out/midas2_output/
G9-e003Coalescence-mGAM-p3_S178	workflow/out/midas2_output/
H9-e003Coalescence-mBHI-p7_S138	workflow/out/midas2_output/
H8-e003Coalescence-mGAM-p7_S185	workflow/out/midas2_output/
G2-e003Coalescence-mGAM-p3_S81	workflow/out/midas2_output/
F111-e003Coalescence-mBHI-p5_S20	workflow/out/midas2_output/
F8-e003Coalescence-mBHI-p5_S17	workflow/out/midas2_output/
G100-e003Coalescence-mBHI-p7_S127	workflow/out/midas2_output/
E5-e003Coalescence-mGAM-p5_S52	workflow/out/midas2_output/
