,sample,experiment,sub_experiment,comm,parent_subjects,is_inoculumn,parent_media,media,passage
0,A10-e003Coalescence-mBHI-p5,e003,e003Coalescence,A10,AA-AE,False,mGAM,mBHI,5
1,A10-e003Coalescence-mBHI-p7,e003,e003Coalescence,A10,AA-AE,False,mGAM,mBHI,7
2,A10-e003Coalescence-mGAM-p7,e003,e003Coalescence,A10,AA-AE,False,mGAM,mGAM,7
3,A11-e003Coalescence-mBHI-p5,e003,e003Coalescence,A11,AA-AF,False,mGAM,mBHI,5
4,A11-e003Coalescence-mBHI-p7,e003,e003Coalescence,A11,AA-AF,False,mGAM,mBHI,7
5,A11-e003Coalescence-mGAM-p7,e003,e003Coalescence,A11,AA-AF,False,mGAM,mGAM,7
6,A2-e003Coalescence-Inoculumn-mBHI,e003,e003Coalescence,A2,AA-AA,True,mBHI,mBHI,0
7,A2-e003Coalescence-Inoculumn-mGAM,e003,e003Coalescence,A2,AA-AA,True,mGAM,mGAM,0
8,A2-e003Coalescence-mBHI-inoculumn-redo,e003,e003Coalescence,A2,AA-AA,True,mBHI,mBHI,0
9,A2-e003Coalescence-mBHI-p3,e003,e003Coalescence,A2,AA-AA,False,mBHI,mBHI,3
10,A2-e003Coalescence-mBHI-p5,e003,e003Coalescence,A2,AA-AA,False,mBHI,mBHI,5
11,A2-e003Coalescence-mBHI-p7,e003,e003Coalescence,A2,AA-AA,False,mBHI,mBHI,7
12,A2-e003Coalescence-mGAM-p5,e003,e003Coalescence,A2,AA-AA,False,mBHI,mGAM,5
13,A2-e003Coalescence-mGAM-p7,e003,e003Coalescence,A2,AA-AA,False,mBHI,mGAM,7
14,A3-e003Coalescence-Inoculumn-mGAM,e003,e003Coalescence,A3,AA-AC/PP,True,mGAM,mGAM,0
15,A3-e003Coalescence-mBHI-inoculumn-redo,e003,e003Coalescence,A3,AA-AC/PP,True,mBHI,mBHI,0
16,A3-e003Coalescence-mBHI-p3,e003,e003Coalescence,A3,AA-AC/PP,False,mBHI,mBHI,3
17,A3-e003Coalescence-mBHI-p5,e003,e003Coalescence,A3,AA-AC/PP,False,mBHI,mBHI,5
18,A3-e003Coalescence-mBHI-p7,e003,e003Coalescence,A3,AA-AC/PP,False,mBHI,mBHI,7
19,A3-e003Coalescence-mGAM-p3,e003,e003Coalescence,A3,AA-AC/PP,False,mBHI,mGAM,3
20,A3-e003Coalescence-mGAM-p5,e003,e003Coalescence,A3,AA-AC/PP,False,mBHI,mGAM,5
21,A3-e003Coalescence-mGAM-p7,e003,e003Coalescence,A3,AA-AC/PP,False,mBHI,mGAM,7
22,A4-e003Coalescence-Inoculumn-mGAM,e003,e003Coalescence,A4,AA-AE,True,mGAM,mGAM,0
23,A4-e003Coalescence-mBHI-inoculumn-redo,e003,e003Coalescence,A4,AA-AE,True,mBHI,mBHI,0
24,A4-e003Coalescence-mBHI-p3,e003,e003Coalescence,A4,AA-AE,False,mBHI,mBHI,3
25,A4-e003Coalescence-mBHI-p5,e003,e003Coalescence,A4,AA-AE,False,mBHI,mBHI,5
26,A4-e003Coalescence-mBHI-p7,e003,e003Coalescence,A4,AA-AE,False,mBHI,mBHI,7
27,A4-e003Coalescence-mGAM-p3,e003,e003Coalescence,A4,AA-AE,False,mBHI,mGAM,3
28,A4-e003Coalescence-mGAM-p5,e003,e003Coalescence,A4,AA-AE,False,mBHI,mGAM,5
29,A5-e003Coalescence-Inoculumn-mBHI,e003,e003Coalescence,A5,AA-AF,True,mBHI,mBHI,0
30,A5-e003Coalescence-Inoculumn-mGAM,e003,e003Coalescence,A5,AA-AF,True,mGAM,mGAM,0
31,A5-e003Coalescence-mBHI-inoculumn-redo,e003,e003Coalescence,A5,AA-AF,True,mBHI,mBHI,0
32,A5-e003Coalescence-mBHI-p3,e003,e003Coalescence,A5,AA-AF,False,mBHI,mBHI,3
33,A5-e003Coalescence-mBHI-p5,e003,e003Coalescence,A5,AA-AF,False,mBHI,mBHI,5
34,A5-e003Coalescence-mBHI-p7,e003,e003Coalescence,A5,AA-AF,False,mBHI,mBHI,7
35,A5-e003Coalescence-mGAM-p3,e003,e003Coalescence,A5,AA-AF,False,mBHI,mGAM,3
36,A5-e003Coalescence-mGAM-p5,e003,e003Coalescence,A5,AA-AF,False,mBHI,mGAM,5
37,A8-e003Coalescence-mBHI-p3,e003,e003Coalescence,A8,AA-AA,False,mGAM,mBHI,3
38,A8-e003Coalescence-mBHI-p5,e003,e003Coalescence,A8,AA-AA,False,mGAM,mBHI,5
39,A8-e003Coalescence-mBHI-p7,e003,e003Coalescence,A8,AA-AA,False,mGAM,mBHI,7
40,A8-e003Coalescence-mGAM-p3,e003,e003Coalescence,A8,AA-AA,False,mGAM,mGAM,3
41,A8-e003Coalescence-mGAM-p7,e003,e003Coalescence,A8,AA-AA,False,mGAM,mGAM,7
42,A9-e003Coalescence-mBHI-p5,e003,e003Coalescence,A9,AA-AC/PP,False,mGAM,mBHI,5
43,A9-e003Coalescence-mBHI-p7,e003,e003Coalescence,A9,AA-AC/PP,False,mGAM,mBHI,7
44,A9-e003Coalescence-mGAM-p3,e003,e003Coalescence,A9,AA-AC/PP,False,mGAM,mGAM,3
45,A9-e003Coalescence-mGAM-p5,e003,e003Coalescence,A9,AA-AC/PP,False,mGAM,mGAM,5
46,A9-e003Coalescence-mGAM-p7,e003,e003Coalescence,A9,AA-AC/PP,False,mGAM,mGAM,7
47,B10-e003Coalescence-mBHI-p5,e003,e003Coalescence,B10,AC/PP-AE,False,mGAM,mBHI,5
48,B10-e003Coalescence-mGAM-p7,e003,e003Coalescence,B10,AC/PP-AE,False,mGAM,mGAM,7
49,B11-e003Coalescence-mGAM-p7,e003,e003Coalescence,B11,AC/PP-AF,False,mGAM,mGAM,7
50,B2-e003Coalescence-Inoculumn-mBHI,e003,e003Coalescence,B2,AC/PP-AA,True,mBHI,mBHI,0
51,B2-e003Coalescence-Inoculumn-mGAM,e003,e003Coalescence,B2,AC/PP-AA,True,mGAM,mGAM,0
52,B2-e003Coalescence-mBHI-p3,e003,e003Coalescence,B2,AC/PP-AA,False,mBHI,mBHI,3
53,B2-e003Coalescence-mBHI-p5,e003,e003Coalescence,B2,AC/PP-AA,False,mBHI,mBHI,5
54,B2-e003Coalescence-mBHI-p7,e003,e003Coalescence,B2,AC/PP-AA,False,mBHI,mBHI,7
55,B2-e003Coalescence-mGAM-p3,e003,e003Coalescence,B2,AC/PP-AA,False,mBHI,mGAM,3
56,B2-e003Coalescence-mGAM-p7,e003,e003Coalescence,B2,AC/PP-AA,False,mBHI,mGAM,7
57,B3-e003Coalescence-Inoculumn-mBHI,e003,e003Coalescence,B3,AC/PP-AC/PP,True,mBHI,mBHI,0
58,B3-e003Coalescence-Inoculumn-mGAM,e003,e003Coalescence,B3,AC/PP-AC/PP,True,mGAM,mGAM,0
59,B3-e003Coalescence-mBHI-p3,e003,e003Coalescence,B3,AC/PP-AC/PP,False,mBHI,mBHI,3
60,B3-e003Coalescence-mBHI-p5,e003,e003Coalescence,B3,AC/PP-AC/PP,False,mBHI,mBHI,5
61,B3-e003Coalescence-mBHI-p7,e003,e003Coalescence,B3,AC/PP-AC/PP,False,mBHI,mBHI,7
62,B3-e003Coalescence-mGAM-p5,e003,e003Coalescence,B3,AC/PP-AC/PP,False,mBHI,mGAM,5
63,B4-e003Coalescence-Inoculumn-mBHI,e003,e003Coalescence,B4,AC/PP-AE,True,mBHI,mBHI,0
64,B4-e003Coalescence-Inoculumn-mGAM,e003,e003Coalescence,B4,AC/PP-AE,True,mGAM,mGAM,0
65,B4-e003Coalescence-mBHI-p3,e003,e003Coalescence,B4,AC/PP-AE,False,mBHI,mBHI,3
66,B4-e003Coalescence-mBHI-p5,e003,e003Coalescence,B4,AC/PP-AE,False,mBHI,mBHI,5
67,B4-e003Coalescence-mBHI-p7,e003,e003Coalescence,B4,AC/PP-AE,False,mBHI,mBHI,7
68,B4-e003Coalescence-mGAM-p5,e003,e003Coalescence,B4,AC/PP-AE,False,mBHI,mGAM,5
69,B5-e003Coalescence-Inoculumn-mBHI,e003,e003Coalescence,B5,AC/PP-AF,True,mBHI,mBHI,0
70,B5-e003Coalescence-Inoculumn-mGAM,e003,e003Coalescence,B5,AC/PP-AF,True,mGAM,mGAM,0
71,B5-e003Coalescence-mBHI-p3,e003,e003Coalescence,B5,AC/PP-AF,False,mBHI,mBHI,3
72,B5-e003Coalescence-mBHI-p5,e003,e003Coalescence,B5,AC/PP-AF,False,mBHI,mBHI,5
73,B5-e003Coalescence-mBHI-p7,e003,e003Coalescence,B5,AC/PP-AF,False,mBHI,mBHI,7
74,B5-e003Coalescence-mGAM-p3,e003,e003Coalescence,B5,AC/PP-AF,False,mBHI,mGAM,3
75,B5-e003Coalescence-mGAM-p5,e003,e003Coalescence,B5,AC/PP-AF,False,mBHI,mGAM,5
76,B5-e003Coalescence-mGAM-p7,e003,e003Coalescence,B5,AC/PP-AF,False,mBHI,mGAM,7
77,B8-e003Coalescence-mBHI-p3,e003,e003Coalescence,B8,AC/PP-AA,False,mGAM,mBHI,3
78,B8-e003Coalescence-mBHI-p5,e003,e003Coalescence,B8,AC/PP-AA,False,mGAM,mBHI,5
79,B8-e003Coalescence-mBHI-p7,e003,e003Coalescence,B8,AC/PP-AA,False,mGAM,mBHI,7
80,B8-e003Coalescence-mGAM-p3,e003,e003Coalescence,B8,AC/PP-AA,False,mGAM,mGAM,3
81,B8-e003Coalescence-mGAM-p5,e003,e003Coalescence,B8,AC/PP-AA,False,mGAM,mGAM,5
82,B8-e003Coalescence-mGAM-p7,e003,e003Coalescence,B8,AC/PP-AA,False,mGAM,mGAM,7
83,B9-e003Coalescence-mBHI-p3,e003,e003Coalescence,B9,AC/PP-AC/PP,False,mGAM,mBHI,3
84,B9-e003Coalescence-mBHI-p5,e003,e003Coalescence,B9,AC/PP-AC/PP,False,mGAM,mBHI,5
85,B9-e003Coalescence-mBHI-p7,e003,e003Coalescence,B9,AC/PP-AC/PP,False,mGAM,mBHI,7
86,B9-e003Coalescence-mGAM-p3,e003,e003Coalescence,B9,AC/PP-AC/PP,False,mGAM,mGAM,3
87,B9-e003Coalescence-mGAM-p5,e003,e003Coalescence,B9,AC/PP-AC/PP,False,mGAM,mGAM,5
88,B9-e003Coalescence-mGAM-p7,e003,e003Coalescence,B9,AC/PP-AC/PP,False,mGAM,mGAM,7
89,C10-e003Coalescence-mBHI-p5,e003,e003Coalescence,C10,AE-AE,False,mGAM,mBHI,5
90,C10-e003Coalescence-mBHI-p7,e003,e003Coalescence,C10,AE-AE,False,mGAM,mBHI,7
91,C10-e003Coalescence-mGAM-p5,e003,e003Coalescence,C10,AE-AE,False,mGAM,mGAM,5
92,C10-e003Coalescence-mGAM-p7,e003,e003Coalescence,C10,AE-AE,False,mGAM,mGAM,7
93,C11-e003Coalescence-mBHI-p5,e003,e003Coalescence,C11,AE-AF,False,mGAM,mBHI,5
94,C11-e003Coalescence-mGAM-p5,e003,e003Coalescence,C11,AE-AF,False,mGAM,mGAM,5
95,C11-e003Coalescence-mGAM-p7,e003,e003Coalescence,C11,AE-AF,False,mGAM,mGAM,7
96,C2-e003Coalescence-Inoculumn-mGAM,e003,e003Coalescence,C2,AE-AA,True,mGAM,mGAM,0
97,C2-e003Coalescence-mBHI-inoculumn-redo,e003,e003Coalescence,C2,AE-AA,True,mBHI,mBHI,0
98,C2-e003Coalescence-mBHI-p3,e003,e003Coalescence,C2,AE-AA,False,mBHI,mBHI,3
99,C2-e003Coalescence-mBHI-p5,e003,e003Coalescence,C2,AE-AA,False,mBHI,mBHI,5
100,C2-e003Coalescence-mBHI-p7,e003,e003Coalescence,C2,AE-AA,False,mBHI,mBHI,7
101,C2-e003Coalescence-mGAM-p3,e003,e003Coalescence,C2,AE-AA,False,mBHI,mGAM,3
102,C2-e003Coalescence-mGAM-p5,e003,e003Coalescence,C2,AE-AA,False,mBHI,mGAM,5
103,C2-e003Coalescence-mGAM-p7,e003,e003Coalescence,C2,AE-AA,False,mBHI,mGAM,7
104,C3-e003Coalescence-Inoculumn-mGAM,e003,e003Coalescence,C3,AE-AC/PP,True,mGAM,mGAM,0
105,C3-e003Coalescence-mBHI-inoculumn-redo,e003,e003Coalescence,C3,AE-AC/PP,True,mBHI,mBHI,0
106,C3-e003Coalescence-mBHI-p3,e003,e003Coalescence,C3,AE-AC/PP,False,mBHI,mBHI,3
107,C3-e003Coalescence-mBHI-p5,e003,e003Coalescence,C3,AE-AC/PP,False,mBHI,mBHI,5
108,C3-e003Coalescence-mBHI-p7,e003,e003Coalescence,C3,AE-AC/PP,False,mBHI,mBHI,7
109,C3-e003Coalescence-mGAM-p3,e003,e003Coalescence,C3,AE-AC/PP,False,mBHI,mGAM,3
110,C3-e003Coalescence-mGAM-p5,e003,e003Coalescence,C3,AE-AC/PP,False,mBHI,mGAM,5
111,C3-e003Coalescence-mGAM-p7,e003,e003Coalescence,C3,AE-AC/PP,False,mBHI,mGAM,7
112,C4-e003Coalescence-Inoculumn-mGAM,e003,e003Coalescence,C4,AE-AE,True,mGAM,mGAM,0
113,C4-e003Coalescence-mBHI-inoculumn-redo,e003,e003Coalescence,C4,AE-AE,True,mBHI,mBHI,0
114,C4-e003Coalescence-mBHI-p3,e003,e003Coalescence,C4,AE-AE,False,mBHI,mBHI,3
115,C4-e003Coalescence-mBHI-p5,e003,e003Coalescence,C4,AE-AE,False,mBHI,mBHI,5
116,C4-e003Coalescence-mBHI-p7,e003,e003Coalescence,C4,AE-AE,False,mBHI,mBHI,7
117,C4-e003Coalescence-mGAM-p3,e003,e003Coalescence,C4,AE-AE,False,mBHI,mGAM,3
118,C4-e003Coalescence-mGAM-p5,e003,e003Coalescence,C4,AE-AE,False,mBHI,mGAM,5
119,C4-e003Coalescence-mGAM-p7,e003,e003Coalescence,C4,AE-AE,False,mBHI,mGAM,7
120,C5-e003Coalescence-Inoculumn-mGAM,e003,e003Coalescence,C5,AE-AF,True,mGAM,mGAM,0
121,C5-e003Coalescence-mBHI-inoculumn-redo,e003,e003Coalescence,C5,AE-AF,True,mBHI,mBHI,0
122,C5-e003Coalescence-mBHI-p3,e003,e003Coalescence,C5,AE-AF,False,mBHI,mBHI,3
123,C5-e003Coalescence-mBHI-p5,e003,e003Coalescence,C5,AE-AF,False,mBHI,mBHI,5
124,C5-e003Coalescence-mBHI-p7,e003,e003Coalescence,C5,AE-AF,False,mBHI,mBHI,7
125,C5-e003Coalescence-mGAM-p3,e003,e003Coalescence,C5,AE-AF,False,mBHI,mGAM,3
126,C5-e003Coalescence-mGAM-p5,e003,e003Coalescence,C5,AE-AF,False,mBHI,mGAM,5
127,C5-e003Coalescence-mGAM-p7,e003,e003Coalescence,C5,AE-AF,False,mBHI,mGAM,7
128,C8-e003Coalescence-mBHI-p3,e003,e003Coalescence,C8,AE-AA,False,mGAM,mBHI,3
129,C8-e003Coalescence-mBHI-p5,e003,e003Coalescence,C8,AE-AA,False,mGAM,mBHI,5
130,C8-e003Coalescence-mBHI-p7,e003,e003Coalescence,C8,AE-AA,False,mGAM,mBHI,7
131,C8-e003Coalescence-mGAM-p3,e003,e003Coalescence,C8,AE-AA,False,mGAM,mGAM,3
132,C8-e003Coalescence-mGAM-p5,e003,e003Coalescence,C8,AE-AA,False,mGAM,mGAM,5
133,C8-e003Coalescence-mGAM-p7,e003,e003Coalescence,C8,AE-AA,False,mGAM,mGAM,7
134,C9-e003Coalescence-mBHI-p3,e003,e003Coalescence,C9,AE-AC/PP,False,mGAM,mBHI,3
135,C9-e003Coalescence-mBHI-p5,e003,e003Coalescence,C9,AE-AC/PP,False,mGAM,mBHI,5
136,C9-e003Coalescence-mBHI-p7,e003,e003Coalescence,C9,AE-AC/PP,False,mGAM,mBHI,7
137,C9-e003Coalescence-mGAM-p3,e003,e003Coalescence,C9,AE-AC/PP,False,mGAM,mGAM,3
138,C9-e003Coalescence-mGAM-p5,e003,e003Coalescence,C9,AE-AC/PP,False,mGAM,mGAM,5
139,C9-e003Coalescence-mGAM-p7,e003,e003Coalescence,C9,AE-AC/PP,False,mGAM,mGAM,7
140,D10-e003Coalescence-mBHI-p5,e003,e003Coalescence,D10,AF-AE,False,mGAM,mBHI,5
141,D10-e003Coalescence-mBHI-p7,e003,e003Coalescence,D10,AF-AE,False,mGAM,mBHI,7
142,D10-e003Coalescence-mGAM-p5,e003,e003Coalescence,D10,AF-AE,False,mGAM,mGAM,5
143,D10-e003Coalescence-mGAM-p7,e003,e003Coalescence,D10,AF-AE,False,mGAM,mGAM,7
144,D11-e003Coalescence-mBHI-p5,e003,e003Coalescence,D11,AF-AF,False,mGAM,mBHI,5
145,D11-e003Coalescence-mGAM-p5,e003,e003Coalescence,D11,AF-AF,False,mGAM,mGAM,5
146,D11-e003Coalescence-mGAM-p7,e003,e003Coalescence,D11,AF-AF,False,mGAM,mGAM,7
147,D2-e003Coalescence-Inoculumn-mBHI,e003,e003Coalescence,D2,AF-AA,True,mBHI,mBHI,0
148,D2-e003Coalescence-Inoculumn-mGAM,e003,e003Coalescence,D2,AF-AA,True,mGAM,mGAM,0
149,D2-e003Coalescence-mBHI-p3,e003,e003Coalescence,D2,AF-AA,False,mBHI,mBHI,3
150,D2-e003Coalescence-mBHI-p5,e003,e003Coalescence,D2,AF-AA,False,mBHI,mBHI,5
151,D2-e003Coalescence-mBHI-p7,e003,e003Coalescence,D2,AF-AA,False,mBHI,mBHI,7
152,D2-e003Coalescence-mGAM-p5,e003,e003Coalescence,D2,AF-AA,False,mBHI,mGAM,5
153,D3-e003Coalescence-Inoculumn-mBHI,e003,e003Coalescence,D3,AF-AC/PP,True,mBHI,mBHI,0
154,D3-e003Coalescence-Inoculumn-mGAM,e003,e003Coalescence,D3,AF-AC/PP,True,mGAM,mGAM,0
155,D3-e003Coalescence-mBHI-p5,e003,e003Coalescence,D3,AF-AC/PP,False,mBHI,mBHI,5
156,D3-e003Coalescence-mBHI-p7,e003,e003Coalescence,D3,AF-AC/PP,False,mBHI,mBHI,7
157,D3-e003Coalescence-mGAM-p3,e003,e003Coalescence,D3,AF-AC/PP,False,mBHI,mGAM,3
158,D3-e003Coalescence-mGAM-p5,e003,e003Coalescence,D3,AF-AC/PP,False,mBHI,mGAM,5
159,D4-e003Coalescence-Inoculumn-mBHI,e003,e003Coalescence,D4,AF-AE,True,mBHI,mBHI,0
160,D4-e003Coalescence-Inoculumn-mGAM,e003,e003Coalescence,D4,AF-AE,True,mGAM,mGAM,0
161,D4-e003Coalescence-mBHI-p3,e003,e003Coalescence,D4,AF-AE,False,mBHI,mBHI,3
162,D4-e003Coalescence-mBHI-p5,e003,e003Coalescence,D4,AF-AE,False,mBHI,mBHI,5
163,D4-e003Coalescence-mBHI-p7,e003,e003Coalescence,D4,AF-AE,False,mBHI,mBHI,7
164,D4-e003Coalescence-mGAM-p3,e003,e003Coalescence,D4,AF-AE,False,mBHI,mGAM,3
165,D4-e003Coalescence-mGAM-p5,e003,e003Coalescence,D4,AF-AE,False,mBHI,mGAM,5
166,D4-e003Coalescence-mGAM-p7,e003,e003Coalescence,D4,AF-AE,False,mBHI,mGAM,7
167,D5-e003Coalescence-Inoculumn-mBHI,e003,e003Coalescence,D5,AF-AF,True,mBHI,mBHI,0
168,D5-e003Coalescence-Inoculumn-mGAM,e003,e003Coalescence,D5,AF-AF,True,mGAM,mGAM,0
169,D5-e003Coalescence-mBHI-p3,e003,e003Coalescence,D5,AF-AF,False,mBHI,mBHI,3
170,D5-e003Coalescence-mBHI-p5,e003,e003Coalescence,D5,AF-AF,False,mBHI,mBHI,5
171,D5-e003Coalescence-mBHI-p7,e003,e003Coalescence,D5,AF-AF,False,mBHI,mBHI,7
172,D5-e003Coalescence-mGAM-p3,e003,e003Coalescence,D5,AF-AF,False,mBHI,mGAM,3
173,D5-e003Coalescence-mGAM-p5,e003,e003Coalescence,D5,AF-AF,False,mBHI,mGAM,5
174,D5-e003Coalescence-mGAM-p7,e003,e003Coalescence,D5,AF-AF,False,mBHI,mGAM,7
175,D8-e003Coalescence-mBHI-p3,e003,e003Coalescence,D8,AF-AA,False,mGAM,mBHI,3
176,D8-e003Coalescence-mBHI-p5,e003,e003Coalescence,D8,AF-AA,False,mGAM,mBHI,5
177,D8-e003Coalescence-mGAM-p3,e003,e003Coalescence,D8,AF-AA,False,mGAM,mGAM,3
178,D8-e003Coalescence-mGAM-p5,e003,e003Coalescence,D8,AF-AA,False,mGAM,mGAM,5
179,D9-e003Coalescence-mBHI-p3,e003,e003Coalescence,D9,AF-AC/PP,False,mGAM,mBHI,3
180,D9-e003Coalescence-mBHI-p5,e003,e003Coalescence,D9,AF-AC/PP,False,mGAM,mBHI,5
181,D9-e003Coalescence-mBHI-p7,e003,e003Coalescence,D9,AF-AC/PP,False,mGAM,mBHI,7
182,D9-e003Coalescence-mGAM-p5,e003,e003Coalescence,D9,AF-AC/PP,False,mGAM,mGAM,5
183,D9-e003Coalescence-mGAM-p7,e003,e003Coalescence,D9,AF-AC/PP,False,mGAM,mGAM,7
