,index,shared,sample1,species_id,num_sites
0,B5-e003Coalescence-Inoculumn-mGAM,302,B5-e003Coalescence-Inoculumn-mGAM,100255,302
1,D5-e003Coalescence-Inoculumn-mGAM,25,B5-e003Coalescence-Inoculumn-mGAM,100255,302
2,A5-e003Coalescence-Inoculumn-mGAM,24,B5-e003Coalescence-Inoculumn-mGAM,100255,302
3,D2-e003Coalescence-Inoculumn-mGAM,22,B5-e003Coalescence-Inoculumn-mGAM,100255,302
4,D3-e003Coalescence-Inoculumn-mGAM,36,B5-e003Coalescence-Inoculumn-mGAM,100255,302
5,C5-e003Coalescence-Inoculumn-mGAM,38,B5-e003Coalescence-Inoculumn-mGAM,100255,302
6,D10-e003Coalescence-mGAM-p1_S771,23,B5-e003Coalescence-Inoculumn-mGAM,100255,302
7,H10-e003Coalescence-mGAM-p1_S835,30,B5-e003Coalescence-Inoculumn-mGAM,100255,302
8,H9-e003Coalescence-mGAM-p1_S827,39,B5-e003Coalescence-Inoculumn-mGAM,100255,302
9,G11-e003Coalescence-mGAM-p1_S842,24,B5-e003Coalescence-Inoculumn-mGAM,100255,302
10,H11-e003Coalescence-mGAM-p1_S843,21,B5-e003Coalescence-Inoculumn-mGAM,100255,302
11,D11-e003Coalescence-mGAM-p1_S779,21,B5-e003Coalescence-Inoculumn-mGAM,100255,302
12,B11-e003Assembly-mGAM-p3,23,B5-e003Coalescence-Inoculumn-mGAM,100255,302
13,B11-e003Assembly-mGAM-p5,37,B5-e003Coalescence-Inoculumn-mGAM,100255,302
14,B11-e003GlycerolRevival-mGAM-p2,21,B5-e003Coalescence-Inoculumn-mGAM,100255,302
15,C_B9_e003Assembly_4_S213,12,B5-e003Coalescence-Inoculumn-mGAM,100255,302
16,C_F4_e003Assembly_6_S256,13,B5-e003Coalescence-Inoculumn-mGAM,100255,302
17,C_F8_e003Assembly_6_S260,13,B5-e003Coalescence-Inoculumn-mGAM,100255,302
18,D_B8_e003Assembly_S308,19,B5-e003Coalescence-Inoculumn-mGAM,100255,302
19,D_F8_e003Assembly_S356,10,B5-e003Coalescence-Inoculumn-mGAM,100255,302
20,C_H2_e003Assembly_S278,19,B5-e003Coalescence-Inoculumn-mGAM,100255,302
0,B5-e003Coalescence-Inoculumn-mGAM,25,D5-e003Coalescence-Inoculumn-mGAM,100255,46
1,D5-e003Coalescence-Inoculumn-mGAM,46,D5-e003Coalescence-Inoculumn-mGAM,100255,46
2,A5-e003Coalescence-Inoculumn-mGAM,17,D5-e003Coalescence-Inoculumn-mGAM,100255,46
3,D2-e003Coalescence-Inoculumn-mGAM,13,D5-e003Coalescence-Inoculumn-mGAM,100255,46
4,D3-e003Coalescence-Inoculumn-mGAM,24,D5-e003Coalescence-Inoculumn-mGAM,100255,46
5,C5-e003Coalescence-Inoculumn-mGAM,21,D5-e003Coalescence-Inoculumn-mGAM,100255,46
6,D10-e003Coalescence-mGAM-p1_S771,12,D5-e003Coalescence-Inoculumn-mGAM,100255,46
7,H10-e003Coalescence-mGAM-p1_S835,13,D5-e003Coalescence-Inoculumn-mGAM,100255,46
8,H9-e003Coalescence-mGAM-p1_S827,13,D5-e003Coalescence-Inoculumn-mGAM,100255,46
9,G11-e003Coalescence-mGAM-p1_S842,11,D5-e003Coalescence-Inoculumn-mGAM,100255,46
10,H11-e003Coalescence-mGAM-p1_S843,13,D5-e003Coalescence-Inoculumn-mGAM,100255,46
11,D11-e003Coalescence-mGAM-p1_S779,15,D5-e003Coalescence-Inoculumn-mGAM,100255,46
12,B11-e003Assembly-mGAM-p3,21,D5-e003Coalescence-Inoculumn-mGAM,100255,46
13,B11-e003Assembly-mGAM-p5,24,D5-e003Coalescence-Inoculumn-mGAM,100255,46
14,B11-e003GlycerolRevival-mGAM-p2,13,D5-e003Coalescence-Inoculumn-mGAM,100255,46
15,C_B9_e003Assembly_4_S213,3,D5-e003Coalescence-Inoculumn-mGAM,100255,46
16,C_F4_e003Assembly_6_S256,7,D5-e003Coalescence-Inoculumn-mGAM,100255,46
17,C_F8_e003Assembly_6_S260,3,D5-e003Coalescence-Inoculumn-mGAM,100255,46
18,D_B8_e003Assembly_S308,12,D5-e003Coalescence-Inoculumn-mGAM,100255,46
19,D_F8_e003Assembly_S356,3,D5-e003Coalescence-Inoculumn-mGAM,100255,46
20,C_H2_e003Assembly_S278,12,D5-e003Coalescence-Inoculumn-mGAM,100255,46
0,B5-e003Coalescence-Inoculumn-mGAM,24,A5-e003Coalescence-Inoculumn-mGAM,100255,4172
1,D5-e003Coalescence-Inoculumn-mGAM,17,A5-e003Coalescence-Inoculumn-mGAM,100255,4172
2,A5-e003Coalescence-Inoculumn-mGAM,4172,A5-e003Coalescence-Inoculumn-mGAM,100255,4172
3,D2-e003Coalescence-Inoculumn-mGAM,2915,A5-e003Coalescence-Inoculumn-mGAM,100255,4172
4,D3-e003Coalescence-Inoculumn-mGAM,26,A5-e003Coalescence-Inoculumn-mGAM,100255,4172
5,C5-e003Coalescence-Inoculumn-mGAM,29,A5-e003Coalescence-Inoculumn-mGAM,100255,4172
6,D10-e003Coalescence-mGAM-p1_S771,20,A5-e003Coalescence-Inoculumn-mGAM,100255,4172
7,H10-e003Coalescence-mGAM-p1_S835,13,A5-e003Coalescence-Inoculumn-mGAM,100255,4172
8,H9-e003Coalescence-mGAM-p1_S827,15,A5-e003Coalescence-Inoculumn-mGAM,100255,4172
9,G11-e003Coalescence-mGAM-p1_S842,13,A5-e003Coalescence-Inoculumn-mGAM,100255,4172
10,H11-e003Coalescence-mGAM-p1_S843,15,A5-e003Coalescence-Inoculumn-mGAM,100255,4172
11,D11-e003Coalescence-mGAM-p1_S779,11,A5-e003Coalescence-Inoculumn-mGAM,100255,4172
12,B11-e003Assembly-mGAM-p3,15,A5-e003Coalescence-Inoculumn-mGAM,100255,4172
13,B11-e003Assembly-mGAM-p5,29,A5-e003Coalescence-Inoculumn-mGAM,100255,4172
14,B11-e003GlycerolRevival-mGAM-p2,9,A5-e003Coalescence-Inoculumn-mGAM,100255,4172
15,C_B9_e003Assembly_4_S213,1271,A5-e003Coalescence-Inoculumn-mGAM,100255,4172
16,C_F4_e003Assembly_6_S256,209,A5-e003Coalescence-Inoculumn-mGAM,100255,4172
17,C_F8_e003Assembly_6_S260,168,A5-e003Coalescence-Inoculumn-mGAM,100255,4172
18,D_B8_e003Assembly_S308,15,A5-e003Coalescence-Inoculumn-mGAM,100255,4172
19,D_F8_e003Assembly_S356,266,A5-e003Coalescence-Inoculumn-mGAM,100255,4172
20,C_H2_e003Assembly_S278,11,A5-e003Coalescence-Inoculumn-mGAM,100255,4172
0,B5-e003Coalescence-Inoculumn-mGAM,22,D2-e003Coalescence-Inoculumn-mGAM,100255,4210
1,D5-e003Coalescence-Inoculumn-mGAM,13,D2-e003Coalescence-Inoculumn-mGAM,100255,4210
2,A5-e003Coalescence-Inoculumn-mGAM,2915,D2-e003Coalescence-Inoculumn-mGAM,100255,4210
3,D2-e003Coalescence-Inoculumn-mGAM,4210,D2-e003Coalescence-Inoculumn-mGAM,100255,4210
4,D3-e003Coalescence-Inoculumn-mGAM,25,D2-e003Coalescence-Inoculumn-mGAM,100255,4210
5,C5-e003Coalescence-Inoculumn-mGAM,28,D2-e003Coalescence-Inoculumn-mGAM,100255,4210
6,D10-e003Coalescence-mGAM-p1_S771,19,D2-e003Coalescence-Inoculumn-mGAM,100255,4210
7,H10-e003Coalescence-mGAM-p1_S835,16,D2-e003Coalescence-Inoculumn-mGAM,100255,4210
8,H9-e003Coalescence-mGAM-p1_S827,13,D2-e003Coalescence-Inoculumn-mGAM,100255,4210
9,G11-e003Coalescence-mGAM-p1_S842,18,D2-e003Coalescence-Inoculumn-mGAM,100255,4210
10,H11-e003Coalescence-mGAM-p1_S843,12,D2-e003Coalescence-Inoculumn-mGAM,100255,4210
11,D11-e003Coalescence-mGAM-p1_S779,16,D2-e003Coalescence-Inoculumn-mGAM,100255,4210
12,B11-e003Assembly-mGAM-p3,18,D2-e003Coalescence-Inoculumn-mGAM,100255,4210
13,B11-e003Assembly-mGAM-p5,28,D2-e003Coalescence-Inoculumn-mGAM,100255,4210
14,B11-e003GlycerolRevival-mGAM-p2,10,D2-e003Coalescence-Inoculumn-mGAM,100255,4210
15,C_B9_e003Assembly_4_S213,1258,D2-e003Coalescence-Inoculumn-mGAM,100255,4210
16,C_F4_e003Assembly_6_S256,182,D2-e003Coalescence-Inoculumn-mGAM,100255,4210
17,C_F8_e003Assembly_6_S260,141,D2-e003Coalescence-Inoculumn-mGAM,100255,4210
18,D_B8_e003Assembly_S308,11,D2-e003Coalescence-Inoculumn-mGAM,100255,4210
19,D_F8_e003Assembly_S356,262,D2-e003Coalescence-Inoculumn-mGAM,100255,4210
20,C_H2_e003Assembly_S278,13,D2-e003Coalescence-Inoculumn-mGAM,100255,4210
0,B5-e003Coalescence-Inoculumn-mGAM,36,D3-e003Coalescence-Inoculumn-mGAM,100255,109
1,D5-e003Coalescence-Inoculumn-mGAM,24,D3-e003Coalescence-Inoculumn-mGAM,100255,109
2,A5-e003Coalescence-Inoculumn-mGAM,26,D3-e003Coalescence-Inoculumn-mGAM,100255,109
3,D2-e003Coalescence-Inoculumn-mGAM,25,D3-e003Coalescence-Inoculumn-mGAM,100255,109
4,D3-e003Coalescence-Inoculumn-mGAM,109,D3-e003Coalescence-Inoculumn-mGAM,100255,109
5,C5-e003Coalescence-Inoculumn-mGAM,36,D3-e003Coalescence-Inoculumn-mGAM,100255,109
6,D10-e003Coalescence-mGAM-p1_S771,20,D3-e003Coalescence-Inoculumn-mGAM,100255,109
7,H10-e003Coalescence-mGAM-p1_S835,23,D3-e003Coalescence-Inoculumn-mGAM,100255,109
8,H9-e003Coalescence-mGAM-p1_S827,23,D3-e003Coalescence-Inoculumn-mGAM,100255,109
9,G11-e003Coalescence-mGAM-p1_S842,21,D3-e003Coalescence-Inoculumn-mGAM,100255,109
10,H11-e003Coalescence-mGAM-p1_S843,19,D3-e003Coalescence-Inoculumn-mGAM,100255,109
11,D11-e003Coalescence-mGAM-p1_S779,18,D3-e003Coalescence-Inoculumn-mGAM,100255,109
12,B11-e003Assembly-mGAM-p3,27,D3-e003Coalescence-Inoculumn-mGAM,100255,109
13,B11-e003Assembly-mGAM-p5,34,D3-e003Coalescence-Inoculumn-mGAM,100255,109
14,B11-e003GlycerolRevival-mGAM-p2,14,D3-e003Coalescence-Inoculumn-mGAM,100255,109
15,C_B9_e003Assembly_4_S213,5,D3-e003Coalescence-Inoculumn-mGAM,100255,109
16,C_F4_e003Assembly_6_S256,8,D3-e003Coalescence-Inoculumn-mGAM,100255,109
17,C_F8_e003Assembly_6_S260,9,D3-e003Coalescence-Inoculumn-mGAM,100255,109
18,D_B8_e003Assembly_S308,15,D3-e003Coalescence-Inoculumn-mGAM,100255,109
19,D_F8_e003Assembly_S356,5,D3-e003Coalescence-Inoculumn-mGAM,100255,109
20,C_H2_e003Assembly_S278,15,D3-e003Coalescence-Inoculumn-mGAM,100255,109
0,B5-e003Coalescence-Inoculumn-mGAM,38,C5-e003Coalescence-Inoculumn-mGAM,100255,178
1,D5-e003Coalescence-Inoculumn-mGAM,21,C5-e003Coalescence-Inoculumn-mGAM,100255,178
2,A5-e003Coalescence-Inoculumn-mGAM,29,C5-e003Coalescence-Inoculumn-mGAM,100255,178
3,D2-e003Coalescence-Inoculumn-mGAM,28,C5-e003Coalescence-Inoculumn-mGAM,100255,178
4,D3-e003Coalescence-Inoculumn-mGAM,36,C5-e003Coalescence-Inoculumn-mGAM,100255,178
5,C5-e003Coalescence-Inoculumn-mGAM,178,C5-e003Coalescence-Inoculumn-mGAM,100255,178
6,D10-e003Coalescence-mGAM-p1_S771,37,C5-e003Coalescence-Inoculumn-mGAM,100255,178
7,H10-e003Coalescence-mGAM-p1_S835,47,C5-e003Coalescence-Inoculumn-mGAM,100255,178
8,H9-e003Coalescence-mGAM-p1_S827,27,C5-e003Coalescence-Inoculumn-mGAM,100255,178
9,G11-e003Coalescence-mGAM-p1_S842,38,C5-e003Coalescence-Inoculumn-mGAM,100255,178
10,H11-e003Coalescence-mGAM-p1_S843,24,C5-e003Coalescence-Inoculumn-mGAM,100255,178
11,D11-e003Coalescence-mGAM-p1_S779,19,C5-e003Coalescence-Inoculumn-mGAM,100255,178
12,B11-e003Assembly-mGAM-p3,27,C5-e003Coalescence-Inoculumn-mGAM,100255,178
13,B11-e003Assembly-mGAM-p5,36,C5-e003Coalescence-Inoculumn-mGAM,100255,178
14,B11-e003GlycerolRevival-mGAM-p2,23,C5-e003Coalescence-Inoculumn-mGAM,100255,178
15,C_B9_e003Assembly_4_S213,26,C5-e003Coalescence-Inoculumn-mGAM,100255,178
16,C_F4_e003Assembly_6_S256,13,C5-e003Coalescence-Inoculumn-mGAM,100255,178
17,C_F8_e003Assembly_6_S260,12,C5-e003Coalescence-Inoculumn-mGAM,100255,178
18,D_B8_e003Assembly_S308,21,C5-e003Coalescence-Inoculumn-mGAM,100255,178
19,D_F8_e003Assembly_S356,8,C5-e003Coalescence-Inoculumn-mGAM,100255,178
20,C_H2_e003Assembly_S278,20,C5-e003Coalescence-Inoculumn-mGAM,100255,178
0,B5-e003Coalescence-Inoculumn-mGAM,23,D10-e003Coalescence-mGAM-p1_S771,100255,141
1,D5-e003Coalescence-Inoculumn-mGAM,12,D10-e003Coalescence-mGAM-p1_S771,100255,141
2,A5-e003Coalescence-Inoculumn-mGAM,20,D10-e003Coalescence-mGAM-p1_S771,100255,141
3,D2-e003Coalescence-Inoculumn-mGAM,19,D10-e003Coalescence-mGAM-p1_S771,100255,141
4,D3-e003Coalescence-Inoculumn-mGAM,20,D10-e003Coalescence-mGAM-p1_S771,100255,141
5,C5-e003Coalescence-Inoculumn-mGAM,37,D10-e003Coalescence-mGAM-p1_S771,100255,141
6,D10-e003Coalescence-mGAM-p1_S771,141,D10-e003Coalescence-mGAM-p1_S771,100255,141
7,H10-e003Coalescence-mGAM-p1_S835,63,D10-e003Coalescence-mGAM-p1_S771,100255,141
8,H9-e003Coalescence-mGAM-p1_S827,36,D10-e003Coalescence-mGAM-p1_S771,100255,141
9,G11-e003Coalescence-mGAM-p1_S842,54,D10-e003Coalescence-mGAM-p1_S771,100255,141
10,H11-e003Coalescence-mGAM-p1_S843,35,D10-e003Coalescence-mGAM-p1_S771,100255,141
11,D11-e003Coalescence-mGAM-p1_S779,40,D10-e003Coalescence-mGAM-p1_S771,100255,141
12,B11-e003Assembly-mGAM-p3,19,D10-e003Coalescence-mGAM-p1_S771,100255,141
13,B11-e003Assembly-mGAM-p5,18,D10-e003Coalescence-mGAM-p1_S771,100255,141
14,B11-e003GlycerolRevival-mGAM-p2,18,D10-e003Coalescence-mGAM-p1_S771,100255,141
15,C_B9_e003Assembly_4_S213,24,D10-e003Coalescence-mGAM-p1_S771,100255,141
16,C_F4_e003Assembly_6_S256,30,D10-e003Coalescence-mGAM-p1_S771,100255,141
17,C_F8_e003Assembly_6_S260,30,D10-e003Coalescence-mGAM-p1_S771,100255,141
18,D_B8_e003Assembly_S308,38,D10-e003Coalescence-mGAM-p1_S771,100255,141
19,D_F8_e003Assembly_S356,24,D10-e003Coalescence-mGAM-p1_S771,100255,141
20,C_H2_e003Assembly_S278,37,D10-e003Coalescence-mGAM-p1_S771,100255,141
0,B5-e003Coalescence-Inoculumn-mGAM,30,H10-e003Coalescence-mGAM-p1_S835,100255,120
1,D5-e003Coalescence-Inoculumn-mGAM,13,H10-e003Coalescence-mGAM-p1_S835,100255,120
2,A5-e003Coalescence-Inoculumn-mGAM,13,H10-e003Coalescence-mGAM-p1_S835,100255,120
3,D2-e003Coalescence-Inoculumn-mGAM,16,H10-e003Coalescence-mGAM-p1_S835,100255,120
4,D3-e003Coalescence-Inoculumn-mGAM,23,H10-e003Coalescence-mGAM-p1_S835,100255,120
5,C5-e003Coalescence-Inoculumn-mGAM,47,H10-e003Coalescence-mGAM-p1_S835,100255,120
6,D10-e003Coalescence-mGAM-p1_S771,63,H10-e003Coalescence-mGAM-p1_S835,100255,120
7,H10-e003Coalescence-mGAM-p1_S835,120,H10-e003Coalescence-mGAM-p1_S835,100255,120
8,H9-e003Coalescence-mGAM-p1_S827,36,H10-e003Coalescence-mGAM-p1_S835,100255,120
9,G11-e003Coalescence-mGAM-p1_S842,73,H10-e003Coalescence-mGAM-p1_S835,100255,120
10,H11-e003Coalescence-mGAM-p1_S843,36,H10-e003Coalescence-mGAM-p1_S835,100255,120
11,D11-e003Coalescence-mGAM-p1_S779,44,H10-e003Coalescence-mGAM-p1_S835,100255,120
12,B11-e003Assembly-mGAM-p3,13,H10-e003Coalescence-mGAM-p1_S835,100255,120
13,B11-e003Assembly-mGAM-p5,19,H10-e003Coalescence-mGAM-p1_S835,100255,120
14,B11-e003GlycerolRevival-mGAM-p2,11,H10-e003Coalescence-mGAM-p1_S835,100255,120
15,C_B9_e003Assembly_4_S213,13,H10-e003Coalescence-mGAM-p1_S835,100255,120
16,C_F4_e003Assembly_6_S256,28,H10-e003Coalescence-mGAM-p1_S835,100255,120
17,C_F8_e003Assembly_6_S260,24,H10-e003Coalescence-mGAM-p1_S835,100255,120
18,D_B8_e003Assembly_S308,36,H10-e003Coalescence-mGAM-p1_S835,100255,120
19,D_F8_e003Assembly_S356,21,H10-e003Coalescence-mGAM-p1_S835,100255,120
20,C_H2_e003Assembly_S278,35,H10-e003Coalescence-mGAM-p1_S835,100255,120
0,B5-e003Coalescence-Inoculumn-mGAM,39,H9-e003Coalescence-mGAM-p1_S827,100255,263
1,D5-e003Coalescence-Inoculumn-mGAM,13,H9-e003Coalescence-mGAM-p1_S827,100255,263
2,A5-e003Coalescence-Inoculumn-mGAM,15,H9-e003Coalescence-mGAM-p1_S827,100255,263
3,D2-e003Coalescence-Inoculumn-mGAM,13,H9-e003Coalescence-mGAM-p1_S827,100255,263
4,D3-e003Coalescence-Inoculumn-mGAM,23,H9-e003Coalescence-mGAM-p1_S827,100255,263
5,C5-e003Coalescence-Inoculumn-mGAM,27,H9-e003Coalescence-mGAM-p1_S827,100255,263
6,D10-e003Coalescence-mGAM-p1_S771,36,H9-e003Coalescence-mGAM-p1_S827,100255,263
7,H10-e003Coalescence-mGAM-p1_S835,36,H9-e003Coalescence-mGAM-p1_S827,100255,263
8,H9-e003Coalescence-mGAM-p1_S827,263,H9-e003Coalescence-mGAM-p1_S827,100255,263
9,G11-e003Coalescence-mGAM-p1_S842,36,H9-e003Coalescence-mGAM-p1_S827,100255,263
10,H11-e003Coalescence-mGAM-p1_S843,31,H9-e003Coalescence-mGAM-p1_S827,100255,263
11,D11-e003Coalescence-mGAM-p1_S779,34,H9-e003Coalescence-mGAM-p1_S827,100255,263
12,B11-e003Assembly-mGAM-p3,14,H9-e003Coalescence-mGAM-p1_S827,100255,263
13,B11-e003Assembly-mGAM-p5,18,H9-e003Coalescence-mGAM-p1_S827,100255,263
14,B11-e003GlycerolRevival-mGAM-p2,17,H9-e003Coalescence-mGAM-p1_S827,100255,263
15,C_B9_e003Assembly_4_S213,23,H9-e003Coalescence-mGAM-p1_S827,100255,263
16,C_F4_e003Assembly_6_S256,31,H9-e003Coalescence-mGAM-p1_S827,100255,263
17,C_F8_e003Assembly_6_S260,22,H9-e003Coalescence-mGAM-p1_S827,100255,263
18,D_B8_e003Assembly_S308,32,H9-e003Coalescence-mGAM-p1_S827,100255,263
19,D_F8_e003Assembly_S356,29,H9-e003Coalescence-mGAM-p1_S827,100255,263
20,C_H2_e003Assembly_S278,42,H9-e003Coalescence-mGAM-p1_S827,100255,263
0,B5-e003Coalescence-Inoculumn-mGAM,24,G11-e003Coalescence-mGAM-p1_S842,100255,129
1,D5-e003Coalescence-Inoculumn-mGAM,11,G11-e003Coalescence-mGAM-p1_S842,100255,129
2,A5-e003Coalescence-Inoculumn-mGAM,13,G11-e003Coalescence-mGAM-p1_S842,100255,129
3,D2-e003Coalescence-Inoculumn-mGAM,18,G11-e003Coalescence-mGAM-p1_S842,100255,129
4,D3-e003Coalescence-Inoculumn-mGAM,21,G11-e003Coalescence-mGAM-p1_S842,100255,129
5,C5-e003Coalescence-Inoculumn-mGAM,38,G11-e003Coalescence-mGAM-p1_S842,100255,129
6,D10-e003Coalescence-mGAM-p1_S771,54,G11-e003Coalescence-mGAM-p1_S842,100255,129
7,H10-e003Coalescence-mGAM-p1_S835,73,G11-e003Coalescence-mGAM-p1_S842,100255,129
8,H9-e003Coalescence-mGAM-p1_S827,36,G11-e003Coalescence-mGAM-p1_S842,100255,129
9,G11-e003Coalescence-mGAM-p1_S842,129,G11-e003Coalescence-mGAM-p1_S842,100255,129
10,H11-e003Coalescence-mGAM-p1_S843,35,G11-e003Coalescence-mGAM-p1_S842,100255,129
11,D11-e003Coalescence-mGAM-p1_S779,34,G11-e003Coalescence-mGAM-p1_S842,100255,129
12,B11-e003Assembly-mGAM-p3,14,G11-e003Coalescence-mGAM-p1_S842,100255,129
13,B11-e003Assembly-mGAM-p5,24,G11-e003Coalescence-mGAM-p1_S842,100255,129
14,B11-e003GlycerolRevival-mGAM-p2,13,G11-e003Coalescence-mGAM-p1_S842,100255,129
15,C_B9_e003Assembly_4_S213,18,G11-e003Coalescence-mGAM-p1_S842,100255,129
16,C_F4_e003Assembly_6_S256,31,G11-e003Coalescence-mGAM-p1_S842,100255,129
17,C_F8_e003Assembly_6_S260,27,G11-e003Coalescence-mGAM-p1_S842,100255,129
18,D_B8_e003Assembly_S308,38,G11-e003Coalescence-mGAM-p1_S842,100255,129
19,D_F8_e003Assembly_S356,25,G11-e003Coalescence-mGAM-p1_S842,100255,129
20,C_H2_e003Assembly_S278,39,G11-e003Coalescence-mGAM-p1_S842,100255,129
0,B5-e003Coalescence-Inoculumn-mGAM,21,H11-e003Coalescence-mGAM-p1_S843,100255,82
1,D5-e003Coalescence-Inoculumn-mGAM,13,H11-e003Coalescence-mGAM-p1_S843,100255,82
2,A5-e003Coalescence-Inoculumn-mGAM,15,H11-e003Coalescence-mGAM-p1_S843,100255,82
3,D2-e003Coalescence-Inoculumn-mGAM,12,H11-e003Coalescence-mGAM-p1_S843,100255,82
4,D3-e003Coalescence-Inoculumn-mGAM,19,H11-e003Coalescence-mGAM-p1_S843,100255,82
5,C5-e003Coalescence-Inoculumn-mGAM,24,H11-e003Coalescence-mGAM-p1_S843,100255,82
6,D10-e003Coalescence-mGAM-p1_S771,35,H11-e003Coalescence-mGAM-p1_S843,100255,82
7,H10-e003Coalescence-mGAM-p1_S835,36,H11-e003Coalescence-mGAM-p1_S843,100255,82
8,H9-e003Coalescence-mGAM-p1_S827,31,H11-e003Coalescence-mGAM-p1_S843,100255,82
9,G11-e003Coalescence-mGAM-p1_S842,35,H11-e003Coalescence-mGAM-p1_S843,100255,82
10,H11-e003Coalescence-mGAM-p1_S843,82,H11-e003Coalescence-mGAM-p1_S843,100255,82
11,D11-e003Coalescence-mGAM-p1_S779,31,H11-e003Coalescence-mGAM-p1_S843,100255,82
12,B11-e003Assembly-mGAM-p3,24,H11-e003Coalescence-mGAM-p1_S843,100255,82
13,B11-e003Assembly-mGAM-p5,16,H11-e003Coalescence-mGAM-p1_S843,100255,82
14,B11-e003GlycerolRevival-mGAM-p2,17,H11-e003Coalescence-mGAM-p1_S843,100255,82
15,C_B9_e003Assembly_4_S213,9,H11-e003Coalescence-mGAM-p1_S843,100255,82
16,C_F4_e003Assembly_6_S256,24,H11-e003Coalescence-mGAM-p1_S843,100255,82
17,C_F8_e003Assembly_6_S260,25,H11-e003Coalescence-mGAM-p1_S843,100255,82
18,D_B8_e003Assembly_S308,32,H11-e003Coalescence-mGAM-p1_S843,100255,82
19,D_F8_e003Assembly_S356,22,H11-e003Coalescence-mGAM-p1_S843,100255,82
20,C_H2_e003Assembly_S278,30,H11-e003Coalescence-mGAM-p1_S843,100255,82
0,B5-e003Coalescence-Inoculumn-mGAM,21,D11-e003Coalescence-mGAM-p1_S779,100255,60
1,D5-e003Coalescence-Inoculumn-mGAM,15,D11-e003Coalescence-mGAM-p1_S779,100255,60
2,A5-e003Coalescence-Inoculumn-mGAM,11,D11-e003Coalescence-mGAM-p1_S779,100255,60
3,D2-e003Coalescence-Inoculumn-mGAM,16,D11-e003Coalescence-mGAM-p1_S779,100255,60
4,D3-e003Coalescence-Inoculumn-mGAM,18,D11-e003Coalescence-mGAM-p1_S779,100255,60
5,C5-e003Coalescence-Inoculumn-mGAM,19,D11-e003Coalescence-mGAM-p1_S779,100255,60
6,D10-e003Coalescence-mGAM-p1_S771,40,D11-e003Coalescence-mGAM-p1_S779,100255,60
7,H10-e003Coalescence-mGAM-p1_S835,44,D11-e003Coalescence-mGAM-p1_S779,100255,60
8,H9-e003Coalescence-mGAM-p1_S827,34,D11-e003Coalescence-mGAM-p1_S779,100255,60
9,G11-e003Coalescence-mGAM-p1_S842,34,D11-e003Coalescence-mGAM-p1_S779,100255,60
10,H11-e003Coalescence-mGAM-p1_S843,31,D11-e003Coalescence-mGAM-p1_S779,100255,60
11,D11-e003Coalescence-mGAM-p1_S779,60,D11-e003Coalescence-mGAM-p1_S779,100255,60
12,B11-e003Assembly-mGAM-p3,17,D11-e003Coalescence-mGAM-p1_S779,100255,60
13,B11-e003Assembly-mGAM-p5,18,D11-e003Coalescence-mGAM-p1_S779,100255,60
14,B11-e003GlycerolRevival-mGAM-p2,14,D11-e003Coalescence-mGAM-p1_S779,100255,60
15,C_B9_e003Assembly_4_S213,9,D11-e003Coalescence-mGAM-p1_S779,100255,60
16,C_F4_e003Assembly_6_S256,30,D11-e003Coalescence-mGAM-p1_S779,100255,60
17,C_F8_e003Assembly_6_S260,21,D11-e003Coalescence-mGAM-p1_S779,100255,60
18,D_B8_e003Assembly_S308,36,D11-e003Coalescence-mGAM-p1_S779,100255,60
19,D_F8_e003Assembly_S356,22,D11-e003Coalescence-mGAM-p1_S779,100255,60
20,C_H2_e003Assembly_S278,34,D11-e003Coalescence-mGAM-p1_S779,100255,60
0,B5-e003Coalescence-Inoculumn-mGAM,23,B11-e003Assembly-mGAM-p3,100255,236
1,D5-e003Coalescence-Inoculumn-mGAM,21,B11-e003Assembly-mGAM-p3,100255,236
2,A5-e003Coalescence-Inoculumn-mGAM,15,B11-e003Assembly-mGAM-p3,100255,236
3,D2-e003Coalescence-Inoculumn-mGAM,18,B11-e003Assembly-mGAM-p3,100255,236
4,D3-e003Coalescence-Inoculumn-mGAM,27,B11-e003Assembly-mGAM-p3,100255,236
5,C5-e003Coalescence-Inoculumn-mGAM,27,B11-e003Assembly-mGAM-p3,100255,236
6,D10-e003Coalescence-mGAM-p1_S771,19,B11-e003Assembly-mGAM-p3,100255,236
7,H10-e003Coalescence-mGAM-p1_S835,13,B11-e003Assembly-mGAM-p3,100255,236
8,H9-e003Coalescence-mGAM-p1_S827,14,B11-e003Assembly-mGAM-p3,100255,236
9,G11-e003Coalescence-mGAM-p1_S842,14,B11-e003Assembly-mGAM-p3,100255,236
10,H11-e003Coalescence-mGAM-p1_S843,24,B11-e003Assembly-mGAM-p3,100255,236
11,D11-e003Coalescence-mGAM-p1_S779,17,B11-e003Assembly-mGAM-p3,100255,236
12,B11-e003Assembly-mGAM-p3,236,B11-e003Assembly-mGAM-p3,100255,236
13,B11-e003Assembly-mGAM-p5,23,B11-e003Assembly-mGAM-p3,100255,236
14,B11-e003GlycerolRevival-mGAM-p2,22,B11-e003Assembly-mGAM-p3,100255,236
15,C_B9_e003Assembly_4_S213,7,B11-e003Assembly-mGAM-p3,100255,236
16,C_F4_e003Assembly_6_S256,13,B11-e003Assembly-mGAM-p3,100255,236
17,C_F8_e003Assembly_6_S260,12,B11-e003Assembly-mGAM-p3,100255,236
18,D_B8_e003Assembly_S308,17,B11-e003Assembly-mGAM-p3,100255,236
19,D_F8_e003Assembly_S356,8,B11-e003Assembly-mGAM-p3,100255,236
20,C_H2_e003Assembly_S278,15,B11-e003Assembly-mGAM-p3,100255,236
0,B5-e003Coalescence-Inoculumn-mGAM,37,B11-e003Assembly-mGAM-p5,100255,154
1,D5-e003Coalescence-Inoculumn-mGAM,24,B11-e003Assembly-mGAM-p5,100255,154
2,A5-e003Coalescence-Inoculumn-mGAM,29,B11-e003Assembly-mGAM-p5,100255,154
3,D2-e003Coalescence-Inoculumn-mGAM,28,B11-e003Assembly-mGAM-p5,100255,154
4,D3-e003Coalescence-Inoculumn-mGAM,34,B11-e003Assembly-mGAM-p5,100255,154
5,C5-e003Coalescence-Inoculumn-mGAM,36,B11-e003Assembly-mGAM-p5,100255,154
6,D10-e003Coalescence-mGAM-p1_S771,18,B11-e003Assembly-mGAM-p5,100255,154
7,H10-e003Coalescence-mGAM-p1_S835,19,B11-e003Assembly-mGAM-p5,100255,154
8,H9-e003Coalescence-mGAM-p1_S827,18,B11-e003Assembly-mGAM-p5,100255,154
9,G11-e003Coalescence-mGAM-p1_S842,24,B11-e003Assembly-mGAM-p5,100255,154
10,H11-e003Coalescence-mGAM-p1_S843,16,B11-e003Assembly-mGAM-p5,100255,154
11,D11-e003Coalescence-mGAM-p1_S779,18,B11-e003Assembly-mGAM-p5,100255,154
12,B11-e003Assembly-mGAM-p3,23,B11-e003Assembly-mGAM-p5,100255,154
13,B11-e003Assembly-mGAM-p5,154,B11-e003Assembly-mGAM-p5,100255,154
14,B11-e003GlycerolRevival-mGAM-p2,18,B11-e003Assembly-mGAM-p5,100255,154
15,C_B9_e003Assembly_4_S213,5,B11-e003Assembly-mGAM-p5,100255,154
16,C_F4_e003Assembly_6_S256,9,B11-e003Assembly-mGAM-p5,100255,154
17,C_F8_e003Assembly_6_S260,6,B11-e003Assembly-mGAM-p5,100255,154
18,D_B8_e003Assembly_S308,17,B11-e003Assembly-mGAM-p5,100255,154
19,D_F8_e003Assembly_S356,7,B11-e003Assembly-mGAM-p5,100255,154
20,C_H2_e003Assembly_S278,18,B11-e003Assembly-mGAM-p5,100255,154
0,B5-e003Coalescence-Inoculumn-mGAM,21,B11-e003GlycerolRevival-mGAM-p2,100255,313
1,D5-e003Coalescence-Inoculumn-mGAM,13,B11-e003GlycerolRevival-mGAM-p2,100255,313
2,A5-e003Coalescence-Inoculumn-mGAM,9,B11-e003GlycerolRevival-mGAM-p2,100255,313
3,D2-e003Coalescence-Inoculumn-mGAM,10,B11-e003GlycerolRevival-mGAM-p2,100255,313
4,D3-e003Coalescence-Inoculumn-mGAM,14,B11-e003GlycerolRevival-mGAM-p2,100255,313
5,C5-e003Coalescence-Inoculumn-mGAM,23,B11-e003GlycerolRevival-mGAM-p2,100255,313
6,D10-e003Coalescence-mGAM-p1_S771,18,B11-e003GlycerolRevival-mGAM-p2,100255,313
7,H10-e003Coalescence-mGAM-p1_S835,11,B11-e003GlycerolRevival-mGAM-p2,100255,313
8,H9-e003Coalescence-mGAM-p1_S827,17,B11-e003GlycerolRevival-mGAM-p2,100255,313
9,G11-e003Coalescence-mGAM-p1_S842,13,B11-e003GlycerolRevival-mGAM-p2,100255,313
10,H11-e003Coalescence-mGAM-p1_S843,17,B11-e003GlycerolRevival-mGAM-p2,100255,313
11,D11-e003Coalescence-mGAM-p1_S779,14,B11-e003GlycerolRevival-mGAM-p2,100255,313
12,B11-e003Assembly-mGAM-p3,22,B11-e003GlycerolRevival-mGAM-p2,100255,313
13,B11-e003Assembly-mGAM-p5,18,B11-e003GlycerolRevival-mGAM-p2,100255,313
14,B11-e003GlycerolRevival-mGAM-p2,313,B11-e003GlycerolRevival-mGAM-p2,100255,313
15,C_B9_e003Assembly_4_S213,4,B11-e003GlycerolRevival-mGAM-p2,100255,313
16,C_F4_e003Assembly_6_S256,11,B11-e003GlycerolRevival-mGAM-p2,100255,313
17,C_F8_e003Assembly_6_S260,9,B11-e003GlycerolRevival-mGAM-p2,100255,313
18,D_B8_e003Assembly_S308,14,B11-e003GlycerolRevival-mGAM-p2,100255,313
19,D_F8_e003Assembly_S356,7,B11-e003GlycerolRevival-mGAM-p2,100255,313
20,C_H2_e003Assembly_S278,12,B11-e003GlycerolRevival-mGAM-p2,100255,313
0,B5-e003Coalescence-Inoculumn-mGAM,12,C_B9_e003Assembly_4_S213,100255,9411
1,D5-e003Coalescence-Inoculumn-mGAM,3,C_B9_e003Assembly_4_S213,100255,9411
2,A5-e003Coalescence-Inoculumn-mGAM,1271,C_B9_e003Assembly_4_S213,100255,9411
3,D2-e003Coalescence-Inoculumn-mGAM,1258,C_B9_e003Assembly_4_S213,100255,9411
4,D3-e003Coalescence-Inoculumn-mGAM,5,C_B9_e003Assembly_4_S213,100255,9411
5,C5-e003Coalescence-Inoculumn-mGAM,26,C_B9_e003Assembly_4_S213,100255,9411
6,D10-e003Coalescence-mGAM-p1_S771,24,C_B9_e003Assembly_4_S213,100255,9411
7,H10-e003Coalescence-mGAM-p1_S835,13,C_B9_e003Assembly_4_S213,100255,9411
8,H9-e003Coalescence-mGAM-p1_S827,23,C_B9_e003Assembly_4_S213,100255,9411
9,G11-e003Coalescence-mGAM-p1_S842,18,C_B9_e003Assembly_4_S213,100255,9411
10,H11-e003Coalescence-mGAM-p1_S843,9,C_B9_e003Assembly_4_S213,100255,9411
11,D11-e003Coalescence-mGAM-p1_S779,9,C_B9_e003Assembly_4_S213,100255,9411
12,B11-e003Assembly-mGAM-p3,7,C_B9_e003Assembly_4_S213,100255,9411
13,B11-e003Assembly-mGAM-p5,5,C_B9_e003Assembly_4_S213,100255,9411
14,B11-e003GlycerolRevival-mGAM-p2,4,C_B9_e003Assembly_4_S213,100255,9411
15,C_B9_e003Assembly_4_S213,9411,C_B9_e003Assembly_4_S213,100255,9411
16,C_F4_e003Assembly_6_S256,199,C_B9_e003Assembly_4_S213,100255,9411
17,C_F8_e003Assembly_6_S260,177,C_B9_e003Assembly_4_S213,100255,9411
18,D_B8_e003Assembly_S308,10,C_B9_e003Assembly_4_S213,100255,9411
19,D_F8_e003Assembly_S356,251,C_B9_e003Assembly_4_S213,100255,9411
20,C_H2_e003Assembly_S278,9,C_B9_e003Assembly_4_S213,100255,9411
0,B5-e003Coalescence-Inoculumn-mGAM,13,C_F4_e003Assembly_6_S256,100255,2161
1,D5-e003Coalescence-Inoculumn-mGAM,7,C_F4_e003Assembly_6_S256,100255,2161
2,A5-e003Coalescence-Inoculumn-mGAM,209,C_F4_e003Assembly_6_S256,100255,2161
3,D2-e003Coalescence-Inoculumn-mGAM,182,C_F4_e003Assembly_6_S256,100255,2161
4,D3-e003Coalescence-Inoculumn-mGAM,8,C_F4_e003Assembly_6_S256,100255,2161
5,C5-e003Coalescence-Inoculumn-mGAM,13,C_F4_e003Assembly_6_S256,100255,2161
6,D10-e003Coalescence-mGAM-p1_S771,30,C_F4_e003Assembly_6_S256,100255,2161
7,H10-e003Coalescence-mGAM-p1_S835,28,C_F4_e003Assembly_6_S256,100255,2161
8,H9-e003Coalescence-mGAM-p1_S827,31,C_F4_e003Assembly_6_S256,100255,2161
9,G11-e003Coalescence-mGAM-p1_S842,31,C_F4_e003Assembly_6_S256,100255,2161
10,H11-e003Coalescence-mGAM-p1_S843,24,C_F4_e003Assembly_6_S256,100255,2161
11,D11-e003Coalescence-mGAM-p1_S779,30,C_F4_e003Assembly_6_S256,100255,2161
12,B11-e003Assembly-mGAM-p3,13,C_F4_e003Assembly_6_S256,100255,2161
13,B11-e003Assembly-mGAM-p5,9,C_F4_e003Assembly_6_S256,100255,2161
14,B11-e003GlycerolRevival-mGAM-p2,11,C_F4_e003Assembly_6_S256,100255,2161
15,C_B9_e003Assembly_4_S213,199,C_F4_e003Assembly_6_S256,100255,2161
16,C_F4_e003Assembly_6_S256,2161,C_F4_e003Assembly_6_S256,100255,2161
17,C_F8_e003Assembly_6_S260,1138,C_F4_e003Assembly_6_S256,100255,2161
18,D_B8_e003Assembly_S308,26,C_F4_e003Assembly_6_S256,100255,2161
19,D_F8_e003Assembly_S356,519,C_F4_e003Assembly_6_S256,100255,2161
20,C_H2_e003Assembly_S278,28,C_F4_e003Assembly_6_S256,100255,2161
0,B5-e003Coalescence-Inoculumn-mGAM,13,C_F8_e003Assembly_6_S260,100255,2390
1,D5-e003Coalescence-Inoculumn-mGAM,3,C_F8_e003Assembly_6_S260,100255,2390
2,A5-e003Coalescence-Inoculumn-mGAM,168,C_F8_e003Assembly_6_S260,100255,2390
3,D2-e003Coalescence-Inoculumn-mGAM,141,C_F8_e003Assembly_6_S260,100255,2390
4,D3-e003Coalescence-Inoculumn-mGAM,9,C_F8_e003Assembly_6_S260,100255,2390
5,C5-e003Coalescence-Inoculumn-mGAM,12,C_F8_e003Assembly_6_S260,100255,2390
6,D10-e003Coalescence-mGAM-p1_S771,30,C_F8_e003Assembly_6_S260,100255,2390
7,H10-e003Coalescence-mGAM-p1_S835,24,C_F8_e003Assembly_6_S260,100255,2390
8,H9-e003Coalescence-mGAM-p1_S827,22,C_F8_e003Assembly_6_S260,100255,2390
9,G11-e003Coalescence-mGAM-p1_S842,27,C_F8_e003Assembly_6_S260,100255,2390
10,H11-e003Coalescence-mGAM-p1_S843,25,C_F8_e003Assembly_6_S260,100255,2390
11,D11-e003Coalescence-mGAM-p1_S779,21,C_F8_e003Assembly_6_S260,100255,2390
12,B11-e003Assembly-mGAM-p3,12,C_F8_e003Assembly_6_S260,100255,2390
13,B11-e003Assembly-mGAM-p5,6,C_F8_e003Assembly_6_S260,100255,2390
14,B11-e003GlycerolRevival-mGAM-p2,9,C_F8_e003Assembly_6_S260,100255,2390
15,C_B9_e003Assembly_4_S213,177,C_F8_e003Assembly_6_S260,100255,2390
16,C_F4_e003Assembly_6_S256,1138,C_F8_e003Assembly_6_S260,100255,2390
17,C_F8_e003Assembly_6_S260,2390,C_F8_e003Assembly_6_S260,100255,2390
18,D_B8_e003Assembly_S308,24,C_F8_e003Assembly_6_S260,100255,2390
19,D_F8_e003Assembly_S356,301,C_F8_e003Assembly_6_S260,100255,2390
20,C_H2_e003Assembly_S278,21,C_F8_e003Assembly_6_S260,100255,2390
0,B5-e003Coalescence-Inoculumn-mGAM,19,D_B8_e003Assembly_S308,100255,63
1,D5-e003Coalescence-Inoculumn-mGAM,12,D_B8_e003Assembly_S308,100255,63
2,A5-e003Coalescence-Inoculumn-mGAM,15,D_B8_e003Assembly_S308,100255,63
3,D2-e003Coalescence-Inoculumn-mGAM,11,D_B8_e003Assembly_S308,100255,63
4,D3-e003Coalescence-Inoculumn-mGAM,15,D_B8_e003Assembly_S308,100255,63
5,C5-e003Coalescence-Inoculumn-mGAM,21,D_B8_e003Assembly_S308,100255,63
6,D10-e003Coalescence-mGAM-p1_S771,38,D_B8_e003Assembly_S308,100255,63
7,H10-e003Coalescence-mGAM-p1_S835,36,D_B8_e003Assembly_S308,100255,63
8,H9-e003Coalescence-mGAM-p1_S827,32,D_B8_e003Assembly_S308,100255,63
9,G11-e003Coalescence-mGAM-p1_S842,38,D_B8_e003Assembly_S308,100255,63
10,H11-e003Coalescence-mGAM-p1_S843,32,D_B8_e003Assembly_S308,100255,63
11,D11-e003Coalescence-mGAM-p1_S779,36,D_B8_e003Assembly_S308,100255,63
12,B11-e003Assembly-mGAM-p3,17,D_B8_e003Assembly_S308,100255,63
13,B11-e003Assembly-mGAM-p5,17,D_B8_e003Assembly_S308,100255,63
14,B11-e003GlycerolRevival-mGAM-p2,14,D_B8_e003Assembly_S308,100255,63
15,C_B9_e003Assembly_4_S213,10,D_B8_e003Assembly_S308,100255,63
16,C_F4_e003Assembly_6_S256,26,D_B8_e003Assembly_S308,100255,63
17,C_F8_e003Assembly_6_S260,24,D_B8_e003Assembly_S308,100255,63
18,D_B8_e003Assembly_S308,63,D_B8_e003Assembly_S308,100255,63
19,D_F8_e003Assembly_S356,23,D_B8_e003Assembly_S308,100255,63
20,C_H2_e003Assembly_S278,37,D_B8_e003Assembly_S308,100255,63
0,B5-e003Coalescence-Inoculumn-mGAM,10,D_F8_e003Assembly_S356,100255,2183
1,D5-e003Coalescence-Inoculumn-mGAM,3,D_F8_e003Assembly_S356,100255,2183
2,A5-e003Coalescence-Inoculumn-mGAM,266,D_F8_e003Assembly_S356,100255,2183
3,D2-e003Coalescence-Inoculumn-mGAM,262,D_F8_e003Assembly_S356,100255,2183
4,D3-e003Coalescence-Inoculumn-mGAM,5,D_F8_e003Assembly_S356,100255,2183
5,C5-e003Coalescence-Inoculumn-mGAM,8,D_F8_e003Assembly_S356,100255,2183
6,D10-e003Coalescence-mGAM-p1_S771,24,D_F8_e003Assembly_S356,100255,2183
7,H10-e003Coalescence-mGAM-p1_S835,21,D_F8_e003Assembly_S356,100255,2183
8,H9-e003Coalescence-mGAM-p1_S827,29,D_F8_e003Assembly_S356,100255,2183
9,G11-e003Coalescence-mGAM-p1_S842,25,D_F8_e003Assembly_S356,100255,2183
10,H11-e003Coalescence-mGAM-p1_S843,22,D_F8_e003Assembly_S356,100255,2183
11,D11-e003Coalescence-mGAM-p1_S779,22,D_F8_e003Assembly_S356,100255,2183
12,B11-e003Assembly-mGAM-p3,8,D_F8_e003Assembly_S356,100255,2183
13,B11-e003Assembly-mGAM-p5,7,D_F8_e003Assembly_S356,100255,2183
14,B11-e003GlycerolRevival-mGAM-p2,7,D_F8_e003Assembly_S356,100255,2183
15,C_B9_e003Assembly_4_S213,251,D_F8_e003Assembly_S356,100255,2183
16,C_F4_e003Assembly_6_S256,519,D_F8_e003Assembly_S356,100255,2183
17,C_F8_e003Assembly_6_S260,301,D_F8_e003Assembly_S356,100255,2183
18,D_B8_e003Assembly_S308,23,D_F8_e003Assembly_S356,100255,2183
19,D_F8_e003Assembly_S356,2183,D_F8_e003Assembly_S356,100255,2183
20,C_H2_e003Assembly_S278,25,D_F8_e003Assembly_S356,100255,2183
0,B5-e003Coalescence-Inoculumn-mGAM,19,C_H2_e003Assembly_S278,100255,54
1,D5-e003Coalescence-Inoculumn-mGAM,12,C_H2_e003Assembly_S278,100255,54
2,A5-e003Coalescence-Inoculumn-mGAM,11,C_H2_e003Assembly_S278,100255,54
3,D2-e003Coalescence-Inoculumn-mGAM,13,C_H2_e003Assembly_S278,100255,54
4,D3-e003Coalescence-Inoculumn-mGAM,15,C_H2_e003Assembly_S278,100255,54
5,C5-e003Coalescence-Inoculumn-mGAM,20,C_H2_e003Assembly_S278,100255,54
6,D10-e003Coalescence-mGAM-p1_S771,37,C_H2_e003Assembly_S278,100255,54
7,H10-e003Coalescence-mGAM-p1_S835,35,C_H2_e003Assembly_S278,100255,54
8,H9-e003Coalescence-mGAM-p1_S827,42,C_H2_e003Assembly_S278,100255,54
9,G11-e003Coalescence-mGAM-p1_S842,39,C_H2_e003Assembly_S278,100255,54
10,H11-e003Coalescence-mGAM-p1_S843,30,C_H2_e003Assembly_S278,100255,54
11,D11-e003Coalescence-mGAM-p1_S779,34,C_H2_e003Assembly_S278,100255,54
12,B11-e003Assembly-mGAM-p3,15,C_H2_e003Assembly_S278,100255,54
13,B11-e003Assembly-mGAM-p5,18,C_H2_e003Assembly_S278,100255,54
14,B11-e003GlycerolRevival-mGAM-p2,12,C_H2_e003Assembly_S278,100255,54
15,C_B9_e003Assembly_4_S213,9,C_H2_e003Assembly_S278,100255,54
16,C_F4_e003Assembly_6_S256,28,C_H2_e003Assembly_S278,100255,54
17,C_F8_e003Assembly_6_S260,21,C_H2_e003Assembly_S278,100255,54
18,D_B8_e003Assembly_S308,37,C_H2_e003Assembly_S278,100255,54
19,D_F8_e003Assembly_S356,25,C_H2_e003Assembly_S278,100255,54
20,C_H2_e003Assembly_S278,54,C_H2_e003Assembly_S278,100255,54
