,sample_name,round2,sample,ise003,comm,is_inoculumn,passage,media,parent_media,parent_subjects,mesocosm,type_mesocosm,inoculumn
1,C9-e003Coalescence-mGAM-p3,False,C9-e003Coalescence-mGAM-p3,True,C9,False,3,mGAM,mGAM,AE-AC/PP,C9-AE-AC/PP-mGAM-mGAM,AE-AC/PP-mGAM-mGAM,AE-AC/PP-mGAM
3,C3-e003Coalescence-mBHI-p3,False,C3-e003Coalescence-mBHI-p3,True,C3,False,3,mBHI,mBHI,AE-AC/PP,C3-AE-AC/PP-mBHI-mBHI,AE-AC/PP-mBHI-mBHI,AE-AC/PP-mBHI
5,C11-e003Coalescence-mBHI-p3,False,C11-e003Coalescence-mBHI-p3,True,C11,False,3,mBHI,mGAM,AE-AF,C11-AE-AF-mGAM-mBHI,AE-AF-mGAM-mBHI,AE-AF-mGAM
6,D11-e003Coalescence-mBHI-p5,False,D11-e003Coalescence-mBHI-p5,True,D11,False,5,mBHI,mGAM,AF-AF,D11-AF-AF-mGAM-mBHI,AF-AF-mGAM-mBHI,AF-AF-mGAM
7,C9-e003Coalescence-mGAM-p7,False,C9-e003Coalescence-mGAM-p7,True,C9,False,7,mGAM,mGAM,AE-AC/PP,C9-AE-AC/PP-mGAM-mGAM,AE-AC/PP-mGAM-mGAM,AE-AC/PP-mGAM
8,C8-e003Coalescence-mGAM-p7,False,C8-e003Coalescence-mGAM-p7,True,C8,False,7,mGAM,mGAM,AE-AA,C8-AE-AA-mGAM-mGAM,AE-AA-mGAM-mGAM,AE-AA-mGAM
9,D10-e003Coalescence-mBHI-p3,False,D10-e003Coalescence-mBHI-p3,True,D10,False,3,mBHI,mGAM,AF-AE,D10-AF-AE-mGAM-mBHI,AF-AE-mGAM-mBHI,AF-AE-mGAM
11,B2-e003Coalescence-mBHI-p3,False,B2-e003Coalescence-mBHI-p3,True,B2,False,3,mBHI,mBHI,AC/PP-AA,B2-AC/PP-AA-mBHI-mBHI,AC/PP-AA-mBHI-mBHI,AC/PP-AA-mBHI
12,A8-e003Coalescence-mBHI-p3,False,A8-e003Coalescence-mBHI-p3,True,A8,False,3,mBHI,mGAM,AA-AA,A8-AA-AA-mGAM-mBHI,AA-AA-mGAM-mBHI,AA-AA-mGAM
14,A4-e003Coalescence-mBHI-p7,False,A4-e003Coalescence-mBHI-p7,True,A4,False,7,mBHI,mBHI,AA-AE,A4-AA-AE-mBHI-mBHI,AA-AE-mBHI-mBHI,AA-AE-mBHI
15,A5-e003Coalescence-mGAM-p5,False,A5-e003Coalescence-mGAM-p5,True,A5,False,5,mGAM,mBHI,AA-AF,A5-AA-AF-mBHI-mGAM,AA-AF-mBHI-mGAM,AA-AF-mBHI
16,B4-e003Coalescence-mBHI-p5,False,B4-e003Coalescence-mBHI-p5,True,B4,False,5,mBHI,mBHI,AC/PP-AE,B4-AC/PP-AE-mBHI-mBHI,AC/PP-AE-mBHI-mBHI,AC/PP-AE-mBHI
17,A3-e003Coalescence-mBHI-p7,False,A3-e003Coalescence-mBHI-p7,True,A3,False,7,mBHI,mBHI,AA-AC/PP,A3-AA-AC/PP-mBHI-mBHI,AA-AC/PP-mBHI-mBHI,AA-AC/PP-mBHI
18,B9-e003Coalescence-mGAM-p5,False,B9-e003Coalescence-mGAM-p5,True,B9,False,5,mGAM,mGAM,AC/PP-AC/PP,B9-AC/PP-AC/PP-mGAM-mGAM,AC/PP-AC/PP-mGAM-mGAM,AC/PP-AC/PP-mGAM
20,B3-e003Coalescence-mBHI-p3,False,B3-e003Coalescence-mBHI-p3,True,B3,False,3,mBHI,mBHI,AC/PP-AC/PP,B3-AC/PP-AC/PP-mBHI-mBHI,AC/PP-AC/PP-mBHI-mBHI,AC/PP-AC/PP-mBHI
21,D4-e003Coalescence-mBHI-p5,False,D4-e003Coalescence-mBHI-p5,True,D4,False,5,mBHI,mBHI,AF-AE,D4-AF-AE-mBHI-mBHI,AF-AE-mBHI-mBHI,AF-AE-mBHI
22,C2-e003Coalescence-mBHI-p5,False,C2-e003Coalescence-mBHI-p5,True,C2,False,5,mBHI,mBHI,AE-AA,C2-AE-AA-mBHI-mBHI,AE-AA-mBHI-mBHI,AE-AA-mBHI
25,D4-e003Coalescence-mBHI-p3,False,D4-e003Coalescence-mBHI-p3,True,D4,False,3,mBHI,mBHI,AF-AE,D4-AF-AE-mBHI-mBHI,AF-AE-mBHI-mBHI,AF-AE-mBHI
32,B2-e003Coalescence-mBHI-p5,False,B2-e003Coalescence-mBHI-p5,True,B2,False,5,mBHI,mBHI,AC/PP-AA,B2-AC/PP-AA-mBHI-mBHI,AC/PP-AA-mBHI-mBHI,AC/PP-AA-mBHI
36,C4-e003Coalescence-mGAM-p7,False,C4-e003Coalescence-mGAM-p7,True,C4,False,7,mGAM,mBHI,AE-AE,C4-AE-AE-mBHI-mGAM,AE-AE-mBHI-mGAM,AE-AE-mBHI
39,B2-e003Coalescence-mGAM-p7,False,B2-e003Coalescence-mGAM-p7,True,B2,False,7,mGAM,mBHI,AC/PP-AA,B2-AC/PP-AA-mBHI-mGAM,AC/PP-AA-mBHI-mGAM,AC/PP-AA-mBHI
42,C3-e003Coalescence-mGAM-p3,False,C3-e003Coalescence-mGAM-p3,True,C3,False,3,mGAM,mBHI,AE-AC/PP,C3-AE-AC/PP-mBHI-mGAM,AE-AC/PP-mBHI-mGAM,AE-AC/PP-mBHI
48,C3-e003Coalescence-mBHI-p7,False,C3-e003Coalescence-mBHI-p7,True,C3,False,7,mBHI,mBHI,AE-AC/PP,C3-AE-AC/PP-mBHI-mBHI,AE-AC/PP-mBHI-mBHI,AE-AC/PP-mBHI
49,D11-e003Coalescence-mGAM-p5,False,D11-e003Coalescence-mGAM-p5,True,D11,False,5,mGAM,mGAM,AF-AF,D11-AF-AF-mGAM-mGAM,AF-AF-mGAM-mGAM,AF-AF-mGAM
50,A11-e003Coalescence-mGAM-p7,False,A11-e003Coalescence-mGAM-p7,True,A11,False,7,mGAM,mGAM,AA-AF,A11-AA-AF-mGAM-mGAM,AA-AF-mGAM-mGAM,AA-AF-mGAM
51,A3-e003Coalescence-mGAM-p3,False,A3-e003Coalescence-mGAM-p3,True,A3,False,3,mGAM,mBHI,AA-AC/PP,A3-AA-AC/PP-mBHI-mGAM,AA-AC/PP-mBHI-mGAM,AA-AC/PP-mBHI
52,B8-e003Coalescence-mBHI-p5,False,B8-e003Coalescence-mBHI-p5,True,B8,False,5,mBHI,mGAM,AC/PP-AA,B8-AC/PP-AA-mGAM-mBHI,AC/PP-AA-mGAM-mBHI,AC/PP-AA-mGAM
54,C2-e003Coalescence-mGAM-p7,False,C2-e003Coalescence-mGAM-p7,True,C2,False,7,mGAM,mBHI,AE-AA,C2-AE-AA-mBHI-mGAM,AE-AA-mBHI-mGAM,AE-AA-mBHI
55,D3-e003Coalescence-mBHI-p5,False,D3-e003Coalescence-mBHI-p5,True,D3,False,5,mBHI,mBHI,AF-AC/PP,D3-AF-AC/PP-mBHI-mBHI,AF-AC/PP-mBHI-mBHI,AF-AC/PP-mBHI
56,B11-e003Coalescence-mGAM-p3,False,B11-e003Coalescence-mGAM-p3,True,B11,False,3,mGAM,mGAM,AC/PP-AF,B11-AC/PP-AF-mGAM-mGAM,AC/PP-AF-mGAM-mGAM,AC/PP-AF-mGAM
59,D2-e003Coalescence-mBHI-p5,False,D2-e003Coalescence-mBHI-p5,True,D2,False,5,mBHI,mBHI,AF-AA,D2-AF-AA-mBHI-mBHI,AF-AA-mBHI-mBHI,AF-AA-mBHI
61,C8-e003Coalescence-mGAM-p5,False,C8-e003Coalescence-mGAM-p5,True,C8,False,5,mGAM,mGAM,AE-AA,C8-AE-AA-mGAM-mGAM,AE-AA-mGAM-mGAM,AE-AA-mGAM
62,D5-e003Coalescence-mGAM-p5,False,D5-e003Coalescence-mGAM-p5,True,D5,False,5,mGAM,mBHI,AF-AF,D5-AF-AF-mBHI-mGAM,AF-AF-mBHI-mGAM,AF-AF-mBHI
63,B5-e003Coalescence-mBHI-p5,False,B5-e003Coalescence-mBHI-p5,True,B5,False,5,mBHI,mBHI,AC/PP-AF,B5-AC/PP-AF-mBHI-mBHI,AC/PP-AF-mBHI-mBHI,AC/PP-AF-mBHI
64,D5-e003Coalescence-mBHI-p7,False,D5-e003Coalescence-mBHI-p7,True,D5,False,7,mBHI,mBHI,AF-AF,D5-AF-AF-mBHI-mBHI,AF-AF-mBHI-mBHI,AF-AF-mBHI
65,C9-e003Coalescence-mBHI-p5,False,C9-e003Coalescence-mBHI-p5,True,C9,False,5,mBHI,mGAM,AE-AC/PP,C9-AE-AC/PP-mGAM-mBHI,AE-AC/PP-mGAM-mBHI,AE-AC/PP-mGAM
66,A10-e003Coalescence-mBHI-p3,False,A10-e003Coalescence-mBHI-p3,True,A10,False,3,mBHI,mGAM,AA-AE,A10-AA-AE-mGAM-mBHI,AA-AE-mGAM-mBHI,AA-AE-mGAM
67,A5-e003Coalescence-mGAM-p3,False,A5-e003Coalescence-mGAM-p3,True,A5,False,3,mGAM,mBHI,AA-AF,A5-AA-AF-mBHI-mGAM,AA-AF-mBHI-mGAM,AA-AF-mBHI
71,D8-e003Coalescence-mGAM-p5,False,D8-e003Coalescence-mGAM-p5,True,D8,False,5,mGAM,mGAM,AF-AA,D8-AF-AA-mGAM-mGAM,AF-AA-mGAM-mGAM,AF-AA-mGAM
74,C2-e003Coalescence-mBHI-p3,False,C2-e003Coalescence-mBHI-p3,True,C2,False,3,mBHI,mBHI,AE-AA,C2-AE-AA-mBHI-mBHI,AE-AA-mBHI-mBHI,AE-AA-mBHI
76,D9-e003Coalescence-mGAM-p7,False,D9-e003Coalescence-mGAM-p7,True,D9,False,7,mGAM,mGAM,AF-AC/PP,D9-AF-AC/PP-mGAM-mGAM,AF-AC/PP-mGAM-mGAM,AF-AC/PP-mGAM
77,D4-e003Coalescence-mBHI-p7,False,D4-e003Coalescence-mBHI-p7,True,D4,False,7,mBHI,mBHI,AF-AE,D4-AF-AE-mBHI-mBHI,AF-AE-mBHI-mBHI,AF-AE-mBHI
82,B10-e003Coalescence-mGAM-p3,False,B10-e003Coalescence-mGAM-p3,True,B10,False,3,mGAM,mGAM,AC/PP-AE,B10-AC/PP-AE-mGAM-mGAM,AC/PP-AE-mGAM-mGAM,AC/PP-AE-mGAM
83,A9-e003Coalescence-mGAM-p7,False,A9-e003Coalescence-mGAM-p7,True,A9,False,7,mGAM,mGAM,AA-AC/PP,A9-AA-AC/PP-mGAM-mGAM,AA-AC/PP-mGAM-mGAM,AA-AC/PP-mGAM
86,D10-e003Coalescence-mBHI-p5,False,D10-e003Coalescence-mBHI-p5,True,D10,False,5,mBHI,mGAM,AF-AE,D10-AF-AE-mGAM-mBHI,AF-AE-mGAM-mBHI,AF-AE-mGAM
87,D5-e003Coalescence-mBHI-p3,False,D5-e003Coalescence-mBHI-p3,True,D5,False,3,mBHI,mBHI,AF-AF,D5-AF-AF-mBHI-mBHI,AF-AF-mBHI-mBHI,AF-AF-mBHI
88,A5-e003Coalescence-mBHI-p5,False,A5-e003Coalescence-mBHI-p5,True,A5,False,5,mBHI,mBHI,AA-AF,A5-AA-AF-mBHI-mBHI,AA-AF-mBHI-mBHI,AA-AF-mBHI
89,C5-e003Coalescence-mBHI-p3,False,C5-e003Coalescence-mBHI-p3,True,C5,False,3,mBHI,mBHI,AE-AF,C5-AE-AF-mBHI-mBHI,AE-AF-mBHI-mBHI,AE-AF-mBHI
90,D9-e003Coalescence-mGAM-p5,False,D9-e003Coalescence-mGAM-p5,True,D9,False,5,mGAM,mGAM,AF-AC/PP,D9-AF-AC/PP-mGAM-mGAM,AF-AC/PP-mGAM-mGAM,AF-AC/PP-mGAM
91,C9-e003Coalescence-mBHI-p3,False,C9-e003Coalescence-mBHI-p3,True,C9,False,3,mBHI,mGAM,AE-AC/PP,C9-AE-AC/PP-mGAM-mBHI,AE-AC/PP-mGAM-mBHI,AE-AC/PP-mGAM
92,D10-e003Coalescence-mGAM-p5,False,D10-e003Coalescence-mGAM-p5,True,D10,False,5,mGAM,mGAM,AF-AE,D10-AF-AE-mGAM-mGAM,AF-AE-mGAM-mGAM,AF-AE-mGAM
93,C8-e003Coalescence-mBHI-p7,False,C8-e003Coalescence-mBHI-p7,True,C8,False,7,mBHI,mGAM,AE-AA,C8-AE-AA-mGAM-mBHI,AE-AA-mGAM-mBHI,AE-AA-mGAM
94,C4-e003Coalescence-mBHI-p3,False,C4-e003Coalescence-mBHI-p3,True,C4,False,3,mBHI,mBHI,AE-AE,C4-AE-AE-mBHI-mBHI,AE-AE-mBHI-mBHI,AE-AE-mBHI
97,B4-e003Coalescence-mGAM-p5,False,B4-e003Coalescence-mGAM-p5,True,B4,False,5,mGAM,mBHI,AC/PP-AE,B4-AC/PP-AE-mBHI-mGAM,AC/PP-AE-mBHI-mGAM,AC/PP-AE-mBHI
98,D4-e003Coalescence-mGAM-p5,False,D4-e003Coalescence-mGAM-p5,True,D4,False,5,mGAM,mBHI,AF-AE,D4-AF-AE-mBHI-mGAM,AF-AE-mBHI-mGAM,AF-AE-mBHI
100,B5-e003Coalescence-mGAM-p5,False,B5-e003Coalescence-mGAM-p5,True,B5,False,5,mGAM,mBHI,AC/PP-AF,B5-AC/PP-AF-mBHI-mGAM,AC/PP-AF-mBHI-mGAM,AC/PP-AF-mBHI
104,C2-e003Coalescence-mGAM-p3,False,C2-e003Coalescence-mGAM-p3,True,C2,False,3,mGAM,mBHI,AE-AA,C2-AE-AA-mBHI-mGAM,AE-AA-mBHI-mGAM,AE-AA-mBHI
105,B5-e003Coalescence-mGAM-p7,False,B5-e003Coalescence-mGAM-p7,True,B5,False,7,mGAM,mBHI,AC/PP-AF,B5-AC/PP-AF-mBHI-mGAM,AC/PP-AF-mBHI-mGAM,AC/PP-AF-mBHI
106,D8-e003Coalescence-mBHI-p5,False,D8-e003Coalescence-mBHI-p5,True,D8,False,5,mBHI,mGAM,AF-AA,D8-AF-AA-mGAM-mBHI,AF-AA-mGAM-mBHI,AF-AA-mGAM
109,C4-e003Coalescence-mBHI-p7,False,C4-e003Coalescence-mBHI-p7,True,C4,False,7,mBHI,mBHI,AE-AE,C4-AE-AE-mBHI-mBHI,AE-AE-mBHI-mBHI,AE-AE-mBHI
111,B10-e003Coalescence-mBHI-p5,False,B10-e003Coalescence-mBHI-p5,True,B10,False,5,mBHI,mGAM,AC/PP-AE,B10-AC/PP-AE-mGAM-mBHI,AC/PP-AE-mGAM-mBHI,AC/PP-AE-mGAM
113,D11-e003Coalescence-mBHI-p3,False,D11-e003Coalescence-mBHI-p3,True,D11,False,3,mBHI,mGAM,AF-AF,D11-AF-AF-mGAM-mBHI,AF-AF-mGAM-mBHI,AF-AF-mGAM
116,B5-e003Coalescence-mBHI-p3,False,B5-e003Coalescence-mBHI-p3,True,B5,False,3,mBHI,mBHI,AC/PP-AF,B5-AC/PP-AF-mBHI-mBHI,AC/PP-AF-mBHI-mBHI,AC/PP-AF-mBHI
118,C4-e003Coalescence-mGAM-p5,False,C4-e003Coalescence-mGAM-p5,True,C4,False,5,mGAM,mBHI,AE-AE,C4-AE-AE-mBHI-mGAM,AE-AE-mBHI-mGAM,AE-AE-mBHI
119,C5-e003Coalescence-mGAM-p7,False,C5-e003Coalescence-mGAM-p7,True,C5,False,7,mGAM,mBHI,AE-AF,C5-AE-AF-mBHI-mGAM,AE-AF-mBHI-mGAM,AE-AF-mBHI
121,A2-e003Coalescence-mBHI-p7,False,A2-e003Coalescence-mBHI-p7,True,A2,False,7,mBHI,mBHI,AA-AA,A2-AA-AA-mBHI-mBHI,AA-AA-mBHI-mBHI,AA-AA-mBHI
122,A10-e003Coalescence-mBHI-p5,False,A10-e003Coalescence-mBHI-p5,True,A10,False,5,mBHI,mGAM,AA-AE,A10-AA-AE-mGAM-mBHI,AA-AE-mGAM-mBHI,AA-AE-mGAM
124,D2-e003Coalescence-mBHI-p7,False,D2-e003Coalescence-mBHI-p7,True,D2,False,7,mBHI,mBHI,AF-AA,D2-AF-AA-mBHI-mBHI,AF-AA-mBHI-mBHI,AF-AA-mBHI
127,A4-e003Coalescence-mGAM-p5,False,A4-e003Coalescence-mGAM-p5,True,A4,False,5,mGAM,mBHI,AA-AE,A4-AA-AE-mBHI-mGAM,AA-AE-mBHI-mGAM,AA-AE-mBHI
128,D5-e003Coalescence-mBHI-p5,False,D5-e003Coalescence-mBHI-p5,True,D5,False,5,mBHI,mBHI,AF-AF,D5-AF-AF-mBHI-mBHI,AF-AF-mBHI-mBHI,AF-AF-mBHI
131,D4-e003Coalescence-mGAM-p7,False,D4-e003Coalescence-mGAM-p7,True,D4,False,7,mGAM,mBHI,AF-AE,D4-AF-AE-mBHI-mGAM,AF-AE-mBHI-mGAM,AF-AE-mBHI
133,A8-e003Coalescence-mBHI-p7,False,A8-e003Coalescence-mBHI-p7,True,A8,False,7,mBHI,mGAM,AA-AA,A8-AA-AA-mGAM-mBHI,AA-AA-mGAM-mBHI,AA-AA-mGAM
137,C4-e003Coalescence-mGAM-p3,False,C4-e003Coalescence-mGAM-p3,True,C4,False,3,mGAM,mBHI,AE-AE,C4-AE-AE-mBHI-mGAM,AE-AE-mBHI-mGAM,AE-AE-mBHI
139,D5-e003Coalescence-mGAM-p7,False,D5-e003Coalescence-mGAM-p7,True,D5,False,7,mGAM,mBHI,AF-AF,D5-AF-AF-mBHI-mGAM,AF-AF-mBHI-mGAM,AF-AF-mBHI
140,C5-e003Coalescence-mBHI-p5,False,C5-e003Coalescence-mBHI-p5,True,C5,False,5,mBHI,mBHI,AE-AF,C5-AE-AF-mBHI-mBHI,AE-AF-mBHI-mBHI,AE-AF-mBHI
141,C5-e003Coalescence-mGAM-p3,False,C5-e003Coalescence-mGAM-p3,True,C5,False,3,mGAM,mBHI,AE-AF,C5-AE-AF-mBHI-mGAM,AE-AF-mBHI-mGAM,AE-AF-mBHI
145,A11-e003Coalescence-mBHI-p7,False,A11-e003Coalescence-mBHI-p7,True,A11,False,7,mBHI,mGAM,AA-AF,A11-AA-AF-mGAM-mBHI,AA-AF-mGAM-mBHI,AA-AF-mGAM
147,A4-e003Coalescence-mGAM-p3,False,A4-e003Coalescence-mGAM-p3,True,A4,False,3,mGAM,mBHI,AA-AE,A4-AA-AE-mBHI-mGAM,AA-AE-mBHI-mGAM,AA-AE-mBHI
149,C3-e003Coalescence-mGAM-p5,False,C3-e003Coalescence-mGAM-p5,True,C3,False,5,mGAM,mBHI,AE-AC/PP,C3-AE-AC/PP-mBHI-mGAM,AE-AC/PP-mBHI-mGAM,AE-AC/PP-mBHI
153,A10-e003Coalescence-mGAM-p3,False,A10-e003Coalescence-mGAM-p3,True,A10,False,3,mGAM,mGAM,AA-AE,A10-AA-AE-mGAM-mGAM,AA-AE-mGAM-mGAM,AA-AE-mGAM
154,A9-e003Coalescence-mBHI-p3,False,A9-e003Coalescence-mBHI-p3,True,A9,False,3,mBHI,mGAM,AA-AC/PP,A9-AA-AC/PP-mGAM-mBHI,AA-AC/PP-mGAM-mBHI,AA-AC/PP-mGAM
156,D3-e003Coalescence-mBHI-p7,False,D3-e003Coalescence-mBHI-p7,True,D3,False,7,mBHI,mBHI,AF-AC/PP,D3-AF-AC/PP-mBHI-mBHI,AF-AC/PP-mBHI-mBHI,AF-AC/PP-mBHI
157,D11-e003Coalescence-mGAM-p3,False,D11-e003Coalescence-mGAM-p3,True,D11,False,3,mGAM,mGAM,AF-AF,D11-AF-AF-mGAM-mGAM,AF-AF-mGAM-mGAM,AF-AF-mGAM
158,C3-e003Coalescence-mBHI-p5,False,C3-e003Coalescence-mBHI-p5,True,C3,False,5,mBHI,mBHI,AE-AC/PP,C3-AE-AC/PP-mBHI-mBHI,AE-AC/PP-mBHI-mBHI,AE-AC/PP-mBHI
162,A9-e003Coalescence-mBHI-p5,False,A9-e003Coalescence-mBHI-p5,True,A9,False,5,mBHI,mGAM,AA-AC/PP,A9-AA-AC/PP-mGAM-mBHI,AA-AC/PP-mGAM-mBHI,AA-AC/PP-mGAM
164,B2-e003Coalescence-mGAM-p3,False,B2-e003Coalescence-mGAM-p3,True,B2,False,3,mGAM,mBHI,AC/PP-AA,B2-AC/PP-AA-mBHI-mGAM,AC/PP-AA-mBHI-mGAM,AC/PP-AA-mBHI
166,C11-e003Coalescence-mGAM-p5,False,C11-e003Coalescence-mGAM-p5,True,C11,False,5,mGAM,mGAM,AE-AF,C11-AE-AF-mGAM-mGAM,AE-AF-mGAM-mGAM,AE-AF-mGAM
169,A8-e003Coalescence-mBHI-p5,False,A8-e003Coalescence-mBHI-p5,True,A8,False,5,mBHI,mGAM,AA-AA,A8-AA-AA-mGAM-mBHI,AA-AA-mGAM-mBHI,AA-AA-mGAM
172,D9-e003Coalescence-mBHI-p3,False,D9-e003Coalescence-mBHI-p3,True,D9,False,3,mBHI,mGAM,AF-AC/PP,D9-AF-AC/PP-mGAM-mBHI,AF-AC/PP-mGAM-mBHI,AF-AC/PP-mGAM
173,C5-e003Coalescence-mGAM-p5,False,C5-e003Coalescence-mGAM-p5,True,C5,False,5,mGAM,mBHI,AE-AF,C5-AE-AF-mBHI-mGAM,AE-AF-mBHI-mGAM,AE-AF-mBHI
175,A5-e003Coalescence-mBHI-p7,False,A5-e003Coalescence-mBHI-p7,True,A5,False,7,mBHI,mBHI,AA-AF,A5-AA-AF-mBHI-mBHI,AA-AF-mBHI-mBHI,AA-AF-mBHI
178,D2-e003Coalescence-mGAM-p5,False,D2-e003Coalescence-mGAM-p5,True,D2,False,5,mGAM,mBHI,AF-AA,D2-AF-AA-mBHI-mGAM,AF-AA-mBHI-mGAM,AF-AA-mBHI
180,D3-e003Coalescence-mGAM-p3,False,D3-e003Coalescence-mGAM-p3,True,D3,False,3,mGAM,mBHI,AF-AC/PP,D3-AF-AC/PP-mBHI-mGAM,AF-AC/PP-mBHI-mGAM,AF-AC/PP-mBHI
182,D9-e003Coalescence-mGAM-p3,False,D9-e003Coalescence-mGAM-p3,True,D9,False,3,mGAM,mGAM,AF-AC/PP,D9-AF-AC/PP-mGAM-mGAM,AF-AC/PP-mGAM-mGAM,AF-AC/PP-mGAM
184,D3-e003Coalescence-mGAM-p5,False,D3-e003Coalescence-mGAM-p5,True,D3,False,5,mGAM,mBHI,AF-AC/PP,D3-AF-AC/PP-mBHI-mGAM,AF-AC/PP-mBHI-mGAM,AF-AC/PP-mBHI
185,C10-e003Coalescence-mGAM-p3,False,C10-e003Coalescence-mGAM-p3,True,C10,False,3,mGAM,mGAM,AE-AE,C10-AE-AE-mGAM-mGAM,AE-AE-mGAM-mGAM,AE-AE-mGAM
189,B9-e003Coalescence-mGAM-p7,False,B9-e003Coalescence-mGAM-p7,True,B9,False,7,mGAM,mGAM,AC/PP-AC/PP,B9-AC/PP-AC/PP-mGAM-mGAM,AC/PP-AC/PP-mGAM-mGAM,AC/PP-AC/PP-mGAM
190,B11-e003Coalescence-mGAM-p7,False,B11-e003Coalescence-mGAM-p7,True,B11,False,7,mGAM,mGAM,AC/PP-AF,B11-AC/PP-AF-mGAM-mGAM,AC/PP-AF-mGAM-mGAM,AC/PP-AF-mGAM
192,B5-e003Coalescence-mBHI-p7,False,B5-e003Coalescence-mBHI-p7,True,B5,False,7,mBHI,mBHI,AC/PP-AF,B5-AC/PP-AF-mBHI-mBHI,AC/PP-AF-mBHI-mBHI,AC/PP-AF-mBHI
193,A3-e003Coalescence-mGAM-p7,False,A3-e003Coalescence-mGAM-p7,True,A3,False,7,mGAM,mBHI,AA-AC/PP,A3-AA-AC/PP-mBHI-mGAM,AA-AC/PP-mBHI-mGAM,AA-AC/PP-mBHI
195,A4-e003Coalescence-mBHI-p5,False,A4-e003Coalescence-mBHI-p5,True,A4,False,5,mBHI,mBHI,AA-AE,A4-AA-AE-mBHI-mBHI,AA-AE-mBHI-mBHI,AA-AE-mBHI
196,B3-e003Coalescence-mBHI-p7,False,B3-e003Coalescence-mBHI-p7,True,B3,False,7,mBHI,mBHI,AC/PP-AC/PP,B3-AC/PP-AC/PP-mBHI-mBHI,AC/PP-AC/PP-mBHI-mBHI,AC/PP-AC/PP-mBHI
198,D10-e003Coalescence-mGAM-p7,False,D10-e003Coalescence-mGAM-p7,True,D10,False,7,mGAM,mGAM,AF-AE,D10-AF-AE-mGAM-mGAM,AF-AE-mGAM-mGAM,AF-AE-mGAM
200,C11-e003Coalescence-mGAM-p3,False,C11-e003Coalescence-mGAM-p3,True,C11,False,3,mGAM,mGAM,AE-AF,C11-AE-AF-mGAM-mGAM,AE-AF-mGAM-mGAM,AE-AF-mGAM
202,A10-e003Coalescence-mBHI-p7,False,A10-e003Coalescence-mBHI-p7,True,A10,False,7,mBHI,mGAM,AA-AE,A10-AA-AE-mGAM-mBHI,AA-AE-mGAM-mBHI,AA-AE-mGAM
203,C10-e003Coalescence-mBHI-p7,False,C10-e003Coalescence-mBHI-p7,True,C10,False,7,mBHI,mGAM,AE-AE,C10-AE-AE-mGAM-mBHI,AE-AE-mGAM-mBHI,AE-AE-mGAM
204,B9-e003Coalescence-mBHI-p5,False,B9-e003Coalescence-mBHI-p5,True,B9,False,5,mBHI,mGAM,AC/PP-AC/PP,B9-AC/PP-AC/PP-mGAM-mBHI,AC/PP-AC/PP-mGAM-mBHI,AC/PP-AC/PP-mGAM
206,B10-e003Coalescence-mBHI-p3,False,B10-e003Coalescence-mBHI-p3,True,B10,False,3,mBHI,mGAM,AC/PP-AE,B10-AC/PP-AE-mGAM-mBHI,AC/PP-AE-mGAM-mBHI,AC/PP-AE-mGAM
207,C11-e003Coalescence-mBHI-p5,False,C11-e003Coalescence-mBHI-p5,True,C11,False,5,mBHI,mGAM,AE-AF,C11-AE-AF-mGAM-mBHI,AE-AF-mGAM-mBHI,AE-AF-mGAM
208,A2-e003Coalescence-mGAM-p7,False,A2-e003Coalescence-mGAM-p7,True,A2,False,7,mGAM,mBHI,AA-AA,A2-AA-AA-mBHI-mGAM,AA-AA-mBHI-mGAM,AA-AA-mBHI
214,D10-e003Coalescence-mGAM-p3,False,D10-e003Coalescence-mGAM-p3,True,D10,False,3,mGAM,mGAM,AF-AE,D10-AF-AE-mGAM-mGAM,AF-AE-mGAM-mGAM,AF-AE-mGAM
215,B10-e003Coalescence-mGAM-p7,False,B10-e003Coalescence-mGAM-p7,True,B10,False,7,mGAM,mGAM,AC/PP-AE,B10-AC/PP-AE-mGAM-mGAM,AC/PP-AE-mGAM-mGAM,AC/PP-AE-mGAM
217,B4-e003Coalescence-mBHI-p7,False,B4-e003Coalescence-mBHI-p7,True,B4,False,7,mBHI,mBHI,AC/PP-AE,B4-AC/PP-AE-mBHI-mBHI,AC/PP-AE-mBHI-mBHI,AC/PP-AE-mBHI
218,A9-e003Coalescence-mBHI-p7,False,A9-e003Coalescence-mBHI-p7,True,A9,False,7,mBHI,mGAM,AA-AC/PP,A9-AA-AC/PP-mGAM-mBHI,AA-AC/PP-mGAM-mBHI,AA-AC/PP-mGAM
221,D11-e003Coalescence-mGAM-p7,False,D11-e003Coalescence-mGAM-p7,True,D11,False,7,mGAM,mGAM,AF-AF,D11-AF-AF-mGAM-mGAM,AF-AF-mGAM-mGAM,AF-AF-mGAM
222,D5-e003Coalescence-mGAM-p3,False,D5-e003Coalescence-mGAM-p3,True,D5,False,3,mGAM,mBHI,AF-AF,D5-AF-AF-mBHI-mGAM,AF-AF-mBHI-mGAM,AF-AF-mBHI
229,A10-e003Coalescence-mGAM-p7,False,A10-e003Coalescence-mGAM-p7,True,A10,False,7,mGAM,mGAM,AA-AE,A10-AA-AE-mGAM-mGAM,AA-AE-mGAM-mGAM,AA-AE-mGAM
232,D9-e003Coalescence-mBHI-p5,False,D9-e003Coalescence-mBHI-p5,True,D9,False,5,mBHI,mGAM,AF-AC/PP,D9-AF-AC/PP-mGAM-mBHI,AF-AC/PP-mGAM-mBHI,AF-AC/PP-mGAM
234,D4-e003Coalescence-mGAM-p3,False,D4-e003Coalescence-mGAM-p3,True,D4,False,3,mGAM,mBHI,AF-AE,D4-AF-AE-mBHI-mGAM,AF-AE-mBHI-mGAM,AF-AE-mBHI
235,B9-e003Coalescence-mBHI-p7,False,B9-e003Coalescence-mBHI-p7,True,B9,False,7,mBHI,mGAM,AC/PP-AC/PP,B9-AC/PP-AC/PP-mGAM-mBHI,AC/PP-AC/PP-mGAM-mBHI,AC/PP-AC/PP-mGAM
236,A2-e003Coalescence-mGAM-p5,False,A2-e003Coalescence-mGAM-p5,True,A2,False,5,mGAM,mBHI,AA-AA,A2-AA-AA-mBHI-mGAM,AA-AA-mBHI-mGAM,AA-AA-mBHI
238,C3-e003Coalescence-mGAM-p7,False,C3-e003Coalescence-mGAM-p7,True,C3,False,7,mGAM,mBHI,AE-AC/PP,C3-AE-AC/PP-mBHI-mGAM,AE-AC/PP-mBHI-mGAM,AE-AC/PP-mBHI
239,A3-e003Coalescence-mGAM-p5,False,A3-e003Coalescence-mGAM-p5,True,A3,False,5,mGAM,mBHI,AA-AC/PP,A3-AA-AC/PP-mBHI-mGAM,AA-AC/PP-mBHI-mGAM,AA-AC/PP-mBHI
242,B3-e003Coalescence-mGAM-p5,False,B3-e003Coalescence-mGAM-p5,True,B3,False,5,mGAM,mBHI,AC/PP-AC/PP,B3-AC/PP-AC/PP-mBHI-mGAM,AC/PP-AC/PP-mBHI-mGAM,AC/PP-AC/PP-mBHI
243,D9-e003Coalescence-mBHI-p7,False,D9-e003Coalescence-mBHI-p7,True,D9,False,7,mBHI,mGAM,AF-AC/PP,D9-AF-AC/PP-mGAM-mBHI,AF-AC/PP-mGAM-mBHI,AF-AC/PP-mGAM
247,C5-e003Coalescence-mBHI-p7,False,C5-e003Coalescence-mBHI-p7,True,C5,False,7,mBHI,mBHI,AE-AF,C5-AE-AF-mBHI-mBHI,AE-AF-mBHI-mBHI,AE-AF-mBHI
251,C11-e003Coalescence-mGAM-p7,False,C11-e003Coalescence-mGAM-p7,True,C11,False,7,mGAM,mGAM,AE-AF,C11-AE-AF-mGAM-mGAM,AE-AF-mGAM-mGAM,AE-AF-mGAM
253,D10-e003Coalescence-mBHI-p7,False,D10-e003Coalescence-mBHI-p7,True,D10,False,7,mBHI,mGAM,AF-AE,D10-AF-AE-mGAM-mBHI,AF-AE-mGAM-mBHI,AF-AE-mGAM
254,C9-e003Coalescence-mBHI-p7,False,C9-e003Coalescence-mBHI-p7,True,C9,False,7,mBHI,mGAM,AE-AC/PP,C9-AE-AC/PP-mGAM-mBHI,AE-AC/PP-mGAM-mBHI,AE-AC/PP-mGAM
255,A2-e003Coalescence-mBHI-p3,False,A2-e003Coalescence-mBHI-p3,True,A2,False,3,mBHI,mBHI,AA-AA,A2-AA-AA-mBHI-mBHI,AA-AA-mBHI-mBHI,AA-AA-mBHI
256,B8-e003Coalescence-mGAM-p5,False,B8-e003Coalescence-mGAM-p5,True,B8,False,5,mGAM,mGAM,AC/PP-AA,B8-AC/PP-AA-mGAM-mGAM,AC/PP-AA-mGAM-mGAM,AC/PP-AA-mGAM
260,B3-e003Coalescence-mBHI-p5,False,B3-e003Coalescence-mBHI-p5,True,B3,False,5,mBHI,mBHI,AC/PP-AC/PP,B3-AC/PP-AC/PP-mBHI-mBHI,AC/PP-AC/PP-mBHI-mBHI,AC/PP-AC/PP-mBHI
262,A8-e003Coalescence-mGAM-p7,False,A8-e003Coalescence-mGAM-p7,True,A8,False,7,mGAM,mGAM,AA-AA,A8-AA-AA-mGAM-mGAM,AA-AA-mGAM-mGAM,AA-AA-mGAM
265,A11-e003Coalescence-mBHI-p5,False,A11-e003Coalescence-mBHI-p5,True,A11,False,5,mBHI,mGAM,AA-AF,A11-AA-AF-mGAM-mBHI,AA-AF-mGAM-mBHI,AA-AF-mGAM
266,C10-e003Coalescence-mGAM-p5,False,C10-e003Coalescence-mGAM-p5,True,C10,False,5,mGAM,mGAM,AE-AE,C10-AE-AE-mGAM-mGAM,AE-AE-mGAM-mGAM,AE-AE-mGAM
270,A3-e003Coalescence-mBHI-p3,False,A3-e003Coalescence-mBHI-p3,True,A3,False,3,mBHI,mBHI,AA-AC/PP,A3-AA-AC/PP-mBHI-mBHI,AA-AC/PP-mBHI-mBHI,AA-AC/PP-mBHI
273,A2-e003Coalescence-mBHI-p5,False,A2-e003Coalescence-mBHI-p5,True,A2,False,5,mBHI,mBHI,AA-AA,A2-AA-AA-mBHI-mBHI,AA-AA-mBHI-mBHI,AA-AA-mBHI
277,C10-e003Coalescence-mBHI-p5,False,C10-e003Coalescence-mBHI-p5,True,C10,False,5,mBHI,mGAM,AE-AE,C10-AE-AE-mGAM-mBHI,AE-AE-mGAM-mBHI,AE-AE-mGAM
278,B9-e003Coalescence-mBHI-p3,False,B9-e003Coalescence-mBHI-p3,True,B9,False,3,mBHI,mGAM,AC/PP-AC/PP,B9-AC/PP-AC/PP-mGAM-mBHI,AC/PP-AC/PP-mGAM-mBHI,AC/PP-AC/PP-mGAM
281,B5-e003Coalescence-mGAM-p3,False,B5-e003Coalescence-mGAM-p3,True,B5,False,3,mGAM,mBHI,AC/PP-AF,B5-AC/PP-AF-mBHI-mGAM,AC/PP-AF-mBHI-mGAM,AC/PP-AF-mBHI
282,A3-e003Coalescence-mBHI-p5,False,A3-e003Coalescence-mBHI-p5,True,A3,False,5,mBHI,mBHI,AA-AC/PP,A3-AA-AC/PP-mBHI-mBHI,AA-AC/PP-mBHI-mBHI,AA-AC/PP-mBHI
287,A5-e003Coalescence-mBHI-p3,False,A5-e003Coalescence-mBHI-p3,True,A5,False,3,mBHI,mBHI,AA-AF,A5-AA-AF-mBHI-mBHI,AA-AF-mBHI-mBHI,AA-AF-mBHI
289,A4-e003Coalescence-mBHI-p3,False,A4-e003Coalescence-mBHI-p3,True,A4,False,3,mBHI,mBHI,AA-AE,A4-AA-AE-mBHI-mBHI,AA-AE-mBHI-mBHI,AA-AE-mBHI
294,C9-e003Coalescence-mGAM-p5,False,C9-e003Coalescence-mGAM-p5,True,C9,False,5,mGAM,mGAM,AE-AC/PP,C9-AE-AC/PP-mGAM-mGAM,AE-AC/PP-mGAM-mGAM,AE-AC/PP-mGAM
296,C2-e003Coalescence-mGAM-p5,False,C2-e003Coalescence-mGAM-p5,True,C2,False,5,mGAM,mBHI,AE-AA,C2-AE-AA-mBHI-mGAM,AE-AA-mBHI-mGAM,AE-AA-mBHI
298,C8-e003Coalescence-mBHI-p5,False,C8-e003Coalescence-mBHI-p5,True,C8,False,5,mBHI,mGAM,AE-AA,C8-AE-AA-mGAM-mBHI,AE-AA-mGAM-mBHI,AE-AA-mGAM
299,B8-e003Coalescence-mGAM-p7,False,B8-e003Coalescence-mGAM-p7,True,B8,False,7,mGAM,mGAM,AC/PP-AA,B8-AC/PP-AA-mGAM-mGAM,AC/PP-AA-mGAM-mGAM,AC/PP-AA-mGAM
303,B8-e003Coalescence-mBHI-p7,False,B8-e003Coalescence-mBHI-p7,True,B8,False,7,mBHI,mGAM,AC/PP-AA,B8-AC/PP-AA-mGAM-mBHI,AC/PP-AA-mGAM-mBHI,AC/PP-AA-mGAM
307,B11-e003Coalescence-mBHI-p3,False,B11-e003Coalescence-mBHI-p3,True,B11,False,3,mBHI,mGAM,AC/PP-AF,B11-AC/PP-AF-mGAM-mBHI,AC/PP-AF-mGAM-mBHI,AC/PP-AF-mGAM
309,C4-e003Coalescence-mBHI-p5,False,C4-e003Coalescence-mBHI-p5,True,C4,False,5,mBHI,mBHI,AE-AE,C4-AE-AE-mBHI-mBHI,AE-AE-mBHI-mBHI,AE-AE-mBHI
316,A11-e003Coalescence-mBHI-p3,False,A11-e003Coalescence-mBHI-p3,True,A11,False,3,mBHI,mGAM,AA-AF,A11-AA-AF-mGAM-mBHI,AA-AF-mGAM-mBHI,AA-AF-mGAM
319,B2-e003Coalescence-mBHI-p7,False,B2-e003Coalescence-mBHI-p7,True,B2,False,7,mBHI,mBHI,AC/PP-AA,B2-AC/PP-AA-mBHI-mBHI,AC/PP-AA-mBHI-mBHI,AC/PP-AA-mBHI
321,B4-e003Coalescence-mBHI-p3,False,B4-e003Coalescence-mBHI-p3,True,B4,False,3,mBHI,mBHI,AC/PP-AE,B4-AC/PP-AE-mBHI-mBHI,AC/PP-AE-mBHI-mBHI,AC/PP-AE-mBHI
323,C2-e003Coalescence-mBHI-p7,False,C2-e003Coalescence-mBHI-p7,True,C2,False,7,mBHI,mBHI,AE-AA,C2-AE-AA-mBHI-mBHI,AE-AA-mBHI-mBHI,AE-AA-mBHI
324,A9-e003Coalescence-mGAM-p5,False,A9-e003Coalescence-mGAM-p5,True,A9,False,5,mGAM,mGAM,AA-AC/PP,A9-AA-AC/PP-mGAM-mGAM,AA-AC/PP-mGAM-mGAM,AA-AC/PP-mGAM
325,C10-e003Coalescence-mGAM-p7,False,C10-e003Coalescence-mGAM-p7,True,C10,False,7,mGAM,mGAM,AE-AE,C10-AE-AE-mGAM-mGAM,AE-AE-mGAM-mGAM,AE-AE-mGAM
327,A11-e003Coalescence-mGAM-p3,False,A11-e003Coalescence-mGAM-p3,True,A11,False,3,mGAM,mGAM,AA-AF,A11-AA-AF-mGAM-mGAM,AA-AF-mGAM-mGAM,AA-AF-mGAM
328,C10-e003Coalescence-mBHI-p3,False,C10-e003Coalescence-mBHI-p3,True,C10,False,3,mBHI,mGAM,AE-AE,C10-AE-AE-mGAM-mBHI,AE-AE-mGAM-mBHI,AE-AE-mGAM
329,D2-e003Coalescence-mBHI-p3,False,D2-e003Coalescence-mBHI-p3,True,D2,False,3,mBHI,mBHI,AF-AA,D2-AF-AA-mBHI-mBHI,AF-AA-mBHI-mBHI,AF-AA-mBHI
331,H5-e003Coalescence-mBHI-p5_S40,True,H5-e003Coalescence-mBHI-p5,True,H5,False,5,mBHI,mBHI,AF-AF,H5-AF-AF-mBHI-mBHI,AF-AF-mBHI-mBHI,AF-AF-mBHI
332,E2-e003Coalescence-mGAM-p7_S145,True,E2-e003Coalescence-mGAM-p7,True,E2,False,7,mGAM,mBHI,AA-AA,E2-AA-AA-mBHI-mGAM,AA-AA-mBHI-mGAM,AA-AA-mBHI
333,G5-e003Coalescence-mBHI-p7_S124,True,G5-e003Coalescence-mBHI-p7,True,G5,False,7,mBHI,mBHI,AE-AF,G5-AE-AF-mBHI-mBHI,AE-AF-mBHI-mBHI,AE-AF-mBHI
334,H111-e003Coalescence-mGAM-p7_S188,True,H11-e003Coalescence-mGAM-p7,True,H11,False,7,mGAM,mGAM,AF-AF,H11-AF-AF-mGAM-mGAM,AF-AF-mGAM-mGAM,AF-AF-mGAM
335,H4-e003Coalescence-mGAM-p7_S183,True,H4-e003Coalescence-mGAM-p7,True,H4,False,7,mGAM,mBHI,AF-AE,H4-AF-AE-mBHI-mGAM,AF-AE-mBHI-mGAM,AF-AE-mBHI
336,F5-e003Coalescence-mGAM-p5_S64,True,F5-e003Coalescence-mGAM-p5,True,F5,False,5,mGAM,mBHI,AC/PP-AF,F5-AC/PP-AF-mBHI-mGAM,AC/PP-AF-mBHI-mGAM,AC/PP-AF-mBHI
337,F5-e003Coalescence-mGAM-p7_S160,True,F5-e003Coalescence-mGAM-p7,True,F5,False,7,mGAM,mBHI,AC/PP-AF,F5-AC/PP-AF-mBHI-mGAM,AC/PP-AF-mBHI-mGAM,AC/PP-AF-mBHI
338,F8-e003Coalescence-mBHI-p3_S117,True,F8-e003Coalescence-mBHI-p3,True,F8,False,3,mBHI,mGAM,AC/PP-AA,F8-AC/PP-AA-mGAM-mBHI,AC/PP-AA-mGAM-mBHI,AC/PP-AA-mGAM
339,H3-e003Coalescence-mBHI-p3_S46,True,H3-e003Coalescence-mBHI-p3,True,H3,False,3,mBHI,mBHI,AF-AC/PP,H3-AF-AC/PP-mBHI-mBHI,AF-AC/PP-mBHI-mBHI,AF-AC/PP-mBHI
340,H2-e003Coalescence-mBHI-p7_S133,True,H2-e003Coalescence-mBHI-p7,True,H2,False,7,mBHI,mBHI,AF-AA,H2-AF-AA-mBHI-mBHI,AF-AA-mBHI-mBHI,AF-AA-mBHI
341,E3-e003Coalescence-mBHI-p7_S98,True,E3-e003Coalescence-mBHI-p7,True,E3,False,7,mBHI,mBHI,AA-AC/PP,E3-AA-AC/PP-mBHI-mBHI,AA-AC/PP-mBHI-mBHI,AA-AC/PP-mBHI
342,E5-e003Coalescence-mBHI-p3_S12,True,E5-e003Coalescence-mBHI-p3,True,E5,False,3,mBHI,mBHI,AA-AF,E5-AA-AF-mBHI-mBHI,AA-AF-mBHI-mBHI,AA-AF-mBHI
343,F100-e003Coalescence-mGAM-p7_S163,True,F10-e003Coalescence-mGAM-p7,True,F10,False,7,mGAM,mGAM,AC/PP-AE,F10-AC/PP-AE-mGAM-mGAM,AC/PP-AE-mGAM-mGAM,AC/PP-AE-mGAM
344,E111-e003Coalescence-mGAM-p7_S152,True,E11-e003Coalescence-mGAM-p7,True,E11,False,7,mGAM,mGAM,AA-AF,E11-AA-AF-mGAM-mGAM,AA-AF-mGAM-mGAM,AA-AF-mGAM
345,F9-e003Coalescence-mBHI-p5_S18,True,F9-e003Coalescence-mBHI-p5,True,F9,False,5,mBHI,mGAM,AC/PP-AC/PP,F9-AC/PP-AC/PP-mGAM-mBHI,AC/PP-AC/PP-mGAM-mBHI,AC/PP-AC/PP-mGAM
346,H3-e003Coalescence-mBHI-p7_S134,True,H3-e003Coalescence-mBHI-p7,True,H3,False,7,mBHI,mBHI,AF-AC/PP,H3-AF-AC/PP-mBHI-mBHI,AF-AC/PP-mBHI-mBHI,AF-AC/PP-mBHI
347,E3-e003Coalescence-mGAM-p3_S58,True,E3-e003Coalescence-mGAM-p3,True,E3,False,3,mGAM,mBHI,AA-AC/PP,E3-AA-AC/PP-mBHI-mGAM,AA-AC/PP-mBHI-mGAM,AA-AC/PP-mBHI
348,H8-e003Coalescence-mBHI-p3_S141,True,H8-e003Coalescence-mBHI-p3,True,H8,False,3,mBHI,mGAM,AF-AA,H8-AF-AA-mGAM-mBHI,AF-AA-mGAM-mBHI,AF-AA-mGAM
349,G4-e003Coalescence-mBHI-p5_S27,True,G4-e003Coalescence-mBHI-p5,True,G4,False,5,mBHI,mBHI,AE-AE,G4-AE-AE-mBHI-mBHI,AE-AE-mBHI-mBHI,AE-AE-mBHI
350,E8-e003Coalescence-mBHI-p5_S5,True,E8-e003Coalescence-mBHI-p5,True,E8,False,5,mBHI,mGAM,AA-AA,E8-AA-AA-mGAM-mBHI,AA-AA-mGAM-mBHI,AA-AA-mGAM
351,G2-e003Coalescence-mBHI-p3_S33,True,G2-e003Coalescence-mBHI-p3,True,G2,False,3,mBHI,mBHI,AE-AA,G2-AE-AA-mBHI-mBHI,AE-AA-mBHI-mBHI,AE-AA-mBHI
352,F100-e003Coalescence-mBHI-p3_S119,True,F10-e003Coalescence-mBHI-p3,True,F10,False,3,mBHI,mGAM,AC/PP-AE,F10-AC/PP-AE-mGAM-mBHI,AC/PP-AE-mGAM-mBHI,AC/PP-AE-mGAM
353,E9-e003Coalescence-mBHI-p5_S6,True,E9-e003Coalescence-mBHI-p5,True,E9,False,5,mBHI,mGAM,AA-AC/PP,E9-AA-AC/PP-mGAM-mBHI,AA-AC/PP-mGAM-mBHI,AA-AC/PP-mGAM
354,G3-e003Coalescence-mGAM-p7_S170,True,G3-e003Coalescence-mGAM-p7,True,G3,False,7,mGAM,mBHI,AE-AC/PP,G3-AE-AC/PP-mBHI-mGAM,AE-AC/PP-mBHI-mGAM,AE-AC/PP-mBHI
355,H111-e003Coalescence-mBHI-p3_S144,True,H11-e003Coalescence-mBHI-p3,True,H11,False,3,mBHI,mGAM,AF-AF,H11-AF-AF-mGAM-mBHI,AF-AF-mGAM-mBHI,AF-AF-mGAM
356,G111-e003Coalescence-mGAM-p5_S80,True,G11-e003Coalescence-mGAM-p5,True,G11,False,5,mGAM,mGAM,AE-AF,G11-AE-AF-mGAM-mGAM,AE-AF-mGAM-mGAM,AE-AF-mGAM
357,G100-e003Coalescence-mGAM-p3_S179,True,G10-e003Coalescence-mGAM-p3,True,G10,False,3,mGAM,mGAM,AE-AE,G10-AE-AE-mGAM-mGAM,AE-AE-mGAM-mGAM,AE-AE-mGAM
358,F111-e003Coalescence-mGAM-p5_S68,True,F11-e003Coalescence-mGAM-p5,True,F11,False,5,mGAM,mGAM,AC/PP-AF,F11-AC/PP-AF-mGAM-mGAM,AC/PP-AF-mGAM-mGAM,AC/PP-AF-mGAM
359,G111-e003Coalescence-mBHI-p5_S32,True,G11-e003Coalescence-mBHI-p5,True,G11,False,5,mBHI,mGAM,AE-AF,G11-AE-AF-mGAM-mBHI,AE-AF-mGAM-mBHI,AE-AF-mGAM
360,G5-e003Coalescence-mBHI-p3_S36,True,G5-e003Coalescence-mBHI-p3,True,G5,False,3,mBHI,mBHI,AE-AF,G5-AE-AF-mBHI-mBHI,AE-AF-mBHI-mBHI,AE-AF-mBHI
361,H2-e003Coalescence-mGAM-p7_S181,True,H2-e003Coalescence-mGAM-p7,True,H2,False,7,mGAM,mBHI,AF-AA,H2-AF-AA-mBHI-mGAM,AF-AA-mBHI-mGAM,AF-AA-mBHI
362,H9-e003Coalescence-mGAM-p3_S190,True,H9-e003Coalescence-mGAM-p3,True,H9,False,3,mGAM,mGAM,AF-AC/PP,H9-AF-AC/PP-mGAM-mGAM,AF-AC/PP-mGAM-mGAM,AF-AC/PP-mGAM
363,F2-e003Coalescence-mBHI-p7_S109,True,F2-e003Coalescence-mBHI-p7,True,F2,False,7,mBHI,mBHI,AC/PP-AA,F2-AC/PP-AA-mBHI-mBHI,AC/PP-AA-mBHI-mBHI,AC/PP-AA-mBHI
364,E3-e003Coalescence-mBHI-p3_S10,True,E3-e003Coalescence-mBHI-p3,True,E3,False,3,mBHI,mBHI,AA-AC/PP,E3-AA-AC/PP-mBHI-mBHI,AA-AC/PP-mBHI-mBHI,AA-AC/PP-mBHI
365,H2-e003Coalescence-mGAM-p5_S85,True,H2-e003Coalescence-mGAM-p5,True,H2,False,5,mGAM,mBHI,AF-AA,H2-AF-AA-mBHI-mGAM,AF-AA-mBHI-mGAM,AF-AA-mBHI
366,G8-e003Coalescence-mGAM-p3_S177,True,G8-e003Coalescence-mGAM-p3,True,G8,False,3,mGAM,mGAM,AE-AA,G8-AE-AA-mGAM-mGAM,AE-AA-mGAM-mGAM,AE-AA-mGAM
367,H111-e003Coalescence-mBHI-p7_S140,True,H11-e003Coalescence-mBHI-p7,True,H11,False,7,mBHI,mGAM,AF-AF,H11-AF-AF-mGAM-mBHI,AF-AF-mGAM-mBHI,AF-AF-mGAM
368,F2-e003Coalescence-mGAM-p7_S157,True,F2-e003Coalescence-mGAM-p7,True,F2,False,7,mGAM,mBHI,AC/PP-AA,F2-AC/PP-AA-mBHI-mGAM,AC/PP-AA-mBHI-mGAM,AC/PP-AA-mBHI
369,H3-e003Coalescence-mGAM-p3_S94,True,H3-e003Coalescence-mGAM-p3,True,H3,False,3,mGAM,mBHI,AF-AC/PP,H3-AF-AC/PP-mBHI-mGAM,AF-AC/PP-mBHI-mGAM,AF-AC/PP-mBHI
370,H8-e003Coalescence-mGAM-p3_S189,True,H8-e003Coalescence-mGAM-p3,True,H8,False,3,mGAM,mGAM,AF-AA,H8-AF-AA-mGAM-mGAM,AF-AA-mGAM-mGAM,AF-AA-mGAM
371,H4-e003Coalescence-mGAM-p3_S95,True,H4-e003Coalescence-mGAM-p3,True,H4,False,3,mGAM,mBHI,AF-AE,H4-AF-AE-mBHI-mGAM,AF-AE-mBHI-mGAM,AF-AE-mBHI
372,E5-e003Coalescence-mBHI-p7_S100,True,E5-e003Coalescence-mBHI-p7,True,E5,False,7,mBHI,mBHI,AA-AF,E5-AA-AF-mBHI-mBHI,AA-AF-mBHI-mBHI,AA-AF-mBHI
373,G111-e003Coalescence-mBHI-p3_S132,True,G11-e003Coalescence-mBHI-p3,True,G11,False,3,mBHI,mGAM,AE-AF,G11-AE-AF-mGAM-mBHI,AE-AF-mGAM-mBHI,AE-AF-mGAM
374,F3-e003Coalescence-mGAM-p3_S70,True,F3-e003Coalescence-mGAM-p3,True,F3,False,3,mGAM,mBHI,AC/PP-AC/PP,F3-AC/PP-AC/PP-mBHI-mGAM,AC/PP-AC/PP-mBHI-mGAM,AC/PP-AC/PP-mBHI
375,E100-e003Coalescence-mBHI-p7_S103,True,E10-e003Coalescence-mBHI-p7,True,E10,False,7,mBHI,mGAM,AA-AE,E10-AA-AE-mGAM-mBHI,AA-AE-mGAM-mBHI,AA-AE-mGAM
376,F9-e003Coalescence-mGAM-p5_S66,True,F9-e003Coalescence-mGAM-p5,True,F9,False,5,mGAM,mGAM,AC/PP-AC/PP,F9-AC/PP-AC/PP-mGAM-mGAM,AC/PP-AC/PP-mGAM-mGAM,AC/PP-AC/PP-mGAM
377,G111-e003Coalescence-mGAM-p7_S176,True,G11-e003Coalescence-mGAM-p7,True,G11,False,7,mGAM,mGAM,AE-AF,G11-AE-AF-mGAM-mGAM,AE-AF-mGAM-mGAM,AE-AF-mGAM
378,H100-e003Coalescence-mGAM-p7_S187,True,H10-e003Coalescence-mGAM-p7,True,H10,False,7,mGAM,mGAM,AF-AE,H10-AF-AE-mGAM-mGAM,AF-AE-mGAM-mGAM,AF-AE-mGAM
379,E100-e003Coalescence-mGAM-p3_S155,True,E10-e003Coalescence-mGAM-p3,True,E10,False,3,mGAM,mGAM,AA-AE,E10-AA-AE-mGAM-mGAM,AA-AE-mGAM-mGAM,AA-AE-mGAM
380,E3-e003Coalescence-mGAM-p5_S50,True,E3-e003Coalescence-mGAM-p5,True,E3,False,5,mGAM,mBHI,AA-AC/PP,E3-AA-AC/PP-mBHI-mGAM,AA-AC/PP-mBHI-mGAM,AA-AC/PP-mBHI
381,F5-e003Coalescence-mGAM-p3_S72,True,F5-e003Coalescence-mGAM-p3,True,F5,False,3,mGAM,mBHI,AC/PP-AF,F5-AC/PP-AF-mBHI-mGAM,AC/PP-AF-mBHI-mGAM,AC/PP-AF-mBHI
382,E9-e003Coalescence-mBHI-p7_S102,True,E9-e003Coalescence-mBHI-p7,True,E9,False,7,mBHI,mGAM,AA-AC/PP,E9-AA-AC/PP-mGAM-mBHI,AA-AC/PP-mGAM-mBHI,AA-AC/PP-mGAM
383,E5-e003Coalescence-mBHI-p5_S4,True,E5-e003Coalescence-mBHI-p5,True,E5,False,5,mBHI,mBHI,AA-AF,E5-AA-AF-mBHI-mBHI,AA-AF-mBHI-mBHI,AA-AF-mBHI
384,F111-e003Coalescence-mGAM-p7_S164,True,F11-e003Coalescence-mGAM-p7,True,F11,False,7,mGAM,mGAM,AC/PP-AF,F11-AC/PP-AF-mGAM-mGAM,AC/PP-AF-mGAM-mGAM,AC/PP-AF-mGAM
385,E111-e003Coalescence-mBHI-p5_S8,True,E11-e003Coalescence-mBHI-p5,True,E11,False,5,mBHI,mGAM,AA-AF,E11-AA-AF-mGAM-mBHI,AA-AF-mGAM-mBHI,AA-AF-mGAM
386,H100-e003Coalescence-mBHI-p5_S43,True,H10-e003Coalescence-mBHI-p5,True,H10,False,5,mBHI,mGAM,AF-AE,H10-AF-AE-mGAM-mBHI,AF-AE-mGAM-mBHI,AF-AE-mGAM
387,G2-e003Coalescence-mGAM-p7_S169,True,G2-e003Coalescence-mGAM-p7,True,G2,False,7,mGAM,mBHI,AE-AA,G2-AE-AA-mBHI-mGAM,AE-AA-mBHI-mGAM,AE-AA-mBHI
388,F2-e003Coalescence-mGAM-p5_S61,True,F2-e003Coalescence-mGAM-p5,True,F2,False,5,mGAM,mBHI,AC/PP-AA,F2-AC/PP-AA-mBHI-mGAM,AC/PP-AA-mBHI-mGAM,AC/PP-AA-mBHI
389,F5-e003Coalescence-mBHI-p5_S16,True,F5-e003Coalescence-mBHI-p5,True,F5,False,5,mBHI,mBHI,AC/PP-AF,F5-AC/PP-AF-mBHI-mBHI,AC/PP-AF-mBHI-mBHI,AC/PP-AF-mBHI
390,F8-e003Coalescence-mGAM-p5_S65,True,F8-e003Coalescence-mGAM-p5,True,F8,False,5,mGAM,mGAM,AC/PP-AA,F8-AC/PP-AA-mGAM-mGAM,AC/PP-AA-mGAM-mGAM,AC/PP-AA-mGAM
391,H8-e003Coalescence-mBHI-p7_S137,True,H8-e003Coalescence-mBHI-p7,True,H8,False,7,mBHI,mGAM,AF-AA,H8-AF-AA-mGAM-mBHI,AF-AA-mGAM-mBHI,AF-AA-mGAM
392,E111-e003Coalescence-mGAM-p3_S156,True,E11-e003Coalescence-mGAM-p3,True,E11,False,3,mGAM,mGAM,AA-AF,E11-AA-AF-mGAM-mGAM,AA-AF-mGAM-mGAM,AA-AF-mGAM
393,H5-e003Coalescence-mBHI-p3_S48,True,H5-e003Coalescence-mBHI-p3,True,H5,False,3,mBHI,mBHI,AF-AF,H5-AF-AF-mBHI-mBHI,AF-AF-mBHI-mBHI,AF-AF-mBHI
394,G9-e003Coalescence-mGAM-p5_S78,True,G9-e003Coalescence-mGAM-p5,True,G9,False,5,mGAM,mGAM,AE-AC/PP,G9-AE-AC/PP-mGAM-mGAM,AE-AC/PP-mGAM-mGAM,AE-AC/PP-mGAM
395,E2-e003Coalescence-mBHI-p5_S1,True,E2-e003Coalescence-mBHI-p5,True,E2,False,5,mBHI,mBHI,AA-AA,E2-AA-AA-mBHI-mBHI,AA-AA-mBHI-mBHI,AA-AA-mBHI
396,E2-e003Coalescence-mBHI-p3_S9,True,E2-e003Coalescence-mBHI-p3,True,E2,False,3,mBHI,mBHI,AA-AA,E2-AA-AA-mBHI-mBHI,AA-AA-mBHI-mBHI,AA-AA-mBHI
397,G8-e003Coalescence-mGAM-p5_S77,True,G8-e003Coalescence-mGAM-p5,True,G8,False,5,mGAM,mGAM,AE-AA,G8-AE-AA-mGAM-mGAM,AE-AA-mGAM-mGAM,AE-AA-mGAM
398,G3-e003Coalescence-mBHI-p3_S34,True,G3-e003Coalescence-mBHI-p3,True,G3,False,3,mBHI,mBHI,AE-AC/PP,G3-AE-AC/PP-mBHI-mBHI,AE-AC/PP-mBHI-mBHI,AE-AC/PP-mBHI
399,G100-e003Coalescence-mBHI-p5_S31,True,G10-e003Coalescence-mBHI-p5,True,G10,False,5,mBHI,mGAM,AE-AE,G10-AE-AE-mGAM-mBHI,AE-AE-mGAM-mBHI,AE-AE-mGAM
400,F9-e003Coalescence-mBHI-p3_S118,True,F9-e003Coalescence-mBHI-p3,True,F9,False,3,mBHI,mGAM,AC/PP-AC/PP,F9-AC/PP-AC/PP-mGAM-mBHI,AC/PP-AC/PP-mGAM-mBHI,AC/PP-AC/PP-mGAM
401,E111-e003Coalescence-mBHI-p3_S108,True,E11-e003Coalescence-mBHI-p3,True,E11,False,3,mBHI,mGAM,AA-AF,E11-AA-AF-mGAM-mBHI,AA-AF-mGAM-mBHI,AA-AF-mGAM
402,F8-e003Coalescence-mGAM-p3_S165,True,F8-e003Coalescence-mGAM-p3,True,F8,False,3,mGAM,mGAM,AC/PP-AA,F8-AC/PP-AA-mGAM-mGAM,AC/PP-AA-mGAM-mGAM,AC/PP-AA-mGAM
403,G3-e003Coalescence-mBHI-p5_S26,True,G3-e003Coalescence-mBHI-p5,True,G3,False,5,mBHI,mBHI,AE-AC/PP,G3-AE-AC/PP-mBHI-mBHI,AE-AC/PP-mBHI-mBHI,AE-AC/PP-mBHI
404,G5-e003Coalescence-mBHI-p5_S28,True,G5-e003Coalescence-mBHI-p5,True,G5,False,5,mBHI,mBHI,AE-AF,G5-AE-AF-mBHI-mBHI,AE-AF-mBHI-mBHI,AE-AF-mBHI
405,H111-e003Coalescence-mGAM-p5_S92,True,H11-e003Coalescence-mGAM-p5,True,H11,False,5,mGAM,mGAM,AF-AF,H11-AF-AF-mGAM-mGAM,AF-AF-mGAM-mGAM,AF-AF-mGAM
406,G4-e003Coalescence-mBHI-p3_S35,True,G4-e003Coalescence-mBHI-p3,True,G4,False,3,mBHI,mBHI,AE-AE,G4-AE-AE-mBHI-mBHI,AE-AE-mBHI-mBHI,AE-AE-mBHI
407,H9-e003Coalescence-mGAM-p5_S90,True,H9-e003Coalescence-mGAM-p5,True,H9,False,5,mGAM,mGAM,AF-AC/PP,H9-AF-AC/PP-mGAM-mGAM,AF-AC/PP-mGAM-mGAM,AF-AC/PP-mGAM
408,H2-e003Coalescence-mBHI-p3_S45,True,H2-e003Coalescence-mBHI-p3,True,H2,False,3,mBHI,mBHI,AF-AA,H2-AF-AA-mBHI-mBHI,AF-AA-mBHI-mBHI,AF-AA-mBHI
409,E8-e003Coalescence-mBHI-p7_S101,True,E8-e003Coalescence-mBHI-p7,True,E8,False,7,mBHI,mGAM,AA-AA,E8-AA-AA-mGAM-mBHI,AA-AA-mGAM-mBHI,AA-AA-mGAM
410,E4-e003Coalescence-mBHI-p5_S3,True,E4-e003Coalescence-mBHI-p5,True,E4,False,5,mBHI,mBHI,AA-AE,E4-AA-AE-mBHI-mBHI,AA-AE-mBHI-mBHI,AA-AE-mBHI
411,H2-e003Coalescence-mGAM-p3_S93,True,H2-e003Coalescence-mGAM-p3,True,H2,False,3,mGAM,mBHI,AF-AA,H2-AF-AA-mBHI-mGAM,AF-AA-mBHI-mGAM,AF-AA-mBHI
412,E4-e003Coalescence-mGAM-p5_S51,True,E4-e003Coalescence-mGAM-p5,True,E4,False,5,mGAM,mBHI,AA-AE,E4-AA-AE-mBHI-mGAM,AA-AE-mBHI-mGAM,AA-AE-mBHI
413,G9-e003Coalescence-mGAM-p7_S174,True,G9-e003Coalescence-mGAM-p7,True,G9,False,7,mGAM,mGAM,AE-AC/PP,G9-AE-AC/PP-mGAM-mGAM,AE-AC/PP-mGAM-mGAM,AE-AC/PP-mGAM
414,F9-e003Coalescence-mBHI-p7_S114,True,F9-e003Coalescence-mBHI-p7,True,F9,False,7,mBHI,mGAM,AC/PP-AC/PP,F9-AC/PP-AC/PP-mGAM-mBHI,AC/PP-AC/PP-mGAM-mBHI,AC/PP-AC/PP-mGAM
415,F2-e003Coalescence-mBHI-p3_S21,True,F2-e003Coalescence-mBHI-p3,True,F2,False,3,mBHI,mBHI,AC/PP-AA,F2-AC/PP-AA-mBHI-mBHI,AC/PP-AA-mBHI-mBHI,AC/PP-AA-mBHI
416,E8-e003Coalescence-mGAM-p3_S153,True,E8-e003Coalescence-mGAM-p3,True,E8,False,3,mGAM,mGAM,AA-AA,E8-AA-AA-mGAM-mGAM,AA-AA-mGAM-mGAM,AA-AA-mGAM
417,G111-e003Coalescence-mGAM-p3_S180,True,G11-e003Coalescence-mGAM-p3,True,G11,False,3,mGAM,mGAM,AE-AF,G11-AE-AF-mGAM-mGAM,AE-AF-mGAM-mGAM,AE-AF-mGAM
418,G5-e003Coalescence-mGAM-p3_S84,True,G5-e003Coalescence-mGAM-p3,True,G5,False,3,mGAM,mBHI,AE-AF,G5-AE-AF-mBHI-mGAM,AE-AF-mBHI-mGAM,AE-AF-mBHI
419,H8-e003Coalescence-mBHI-p5_S41,True,H8-e003Coalescence-mBHI-p5,True,H8,False,5,mBHI,mGAM,AF-AA,H8-AF-AA-mGAM-mBHI,AF-AA-mGAM-mBHI,AF-AA-mGAM
420,E100-e003Coalescence-mBHI-p5_S7,True,E10-e003Coalescence-mBHI-p5,True,E10,False,5,mBHI,mGAM,AA-AE,E10-AA-AE-mGAM-mBHI,AA-AE-mGAM-mBHI,AA-AE-mGAM
421,G100-e003Coalescence-mGAM-p7_S175,True,G10-e003Coalescence-mGAM-p7,True,G10,False,7,mGAM,mGAM,AE-AE,G10-AE-AE-mGAM-mGAM,AE-AE-mGAM-mGAM,AE-AE-mGAM
422,F9-e003Coalescence-mGAM-p7_S162,True,F9-e003Coalescence-mGAM-p7,True,F9,False,7,mGAM,mGAM,AC/PP-AC/PP,F9-AC/PP-AC/PP-mGAM-mGAM,AC/PP-AC/PP-mGAM-mGAM,AC/PP-AC/PP-mGAM
423,E2-e003Coalescence-mBHI-p7_S97,True,E2-e003Coalescence-mBHI-p7,True,E2,False,7,mBHI,mBHI,AA-AA,E2-AA-AA-mBHI-mBHI,AA-AA-mBHI-mBHI,AA-AA-mBHI
424,F8-e003Coalescence-mGAM-p7_S161,True,F8-e003Coalescence-mGAM-p7,True,F8,False,7,mGAM,mGAM,AC/PP-AA,F8-AC/PP-AA-mGAM-mGAM,AC/PP-AA-mGAM-mGAM,AC/PP-AA-mGAM
425,F3-e003Coalescence-mBHI-p3_S22,True,F3-e003Coalescence-mBHI-p3,True,F3,False,3,mBHI,mBHI,AC/PP-AC/PP,F3-AC/PP-AC/PP-mBHI-mBHI,AC/PP-AC/PP-mBHI-mBHI,AC/PP-AC/PP-mBHI
426,G3-e003Coalescence-mBHI-p7_S122,True,G3-e003Coalescence-mBHI-p7,True,G3,False,7,mBHI,mBHI,AE-AC/PP,G3-AE-AC/PP-mBHI-mBHI,AE-AC/PP-mBHI-mBHI,AE-AC/PP-mBHI
427,G5-e003Coalescence-mGAM-p5_S76,True,G5-e003Coalescence-mGAM-p5,True,G5,False,5,mGAM,mBHI,AE-AF,G5-AE-AF-mBHI-mGAM,AE-AF-mBHI-mGAM,AE-AF-mBHI
428,G5-e003Coalescence-mGAM-p7_S172,True,G5-e003Coalescence-mGAM-p7,True,G5,False,7,mGAM,mBHI,AE-AF,G5-AE-AF-mBHI-mGAM,AE-AF-mBHI-mGAM,AE-AF-mBHI
429,H100-e003Coalescence-mBHI-p3_S143,True,H10-e003Coalescence-mBHI-p3,True,H10,False,3,mBHI,mGAM,AF-AE,H10-AF-AE-mGAM-mBHI,AF-AE-mGAM-mBHI,AF-AE-mGAM
430,G4-e003Coalescence-mGAM-p5_S75,True,G4-e003Coalescence-mGAM-p5,True,G4,False,5,mGAM,mBHI,AE-AE,G4-AE-AE-mBHI-mGAM,AE-AE-mBHI-mGAM,AE-AE-mBHI
431,G8-e003Coalescence-mBHI-p3_S129,True,G8-e003Coalescence-mBHI-p3,True,G8,False,3,mBHI,mGAM,AE-AA,G8-AE-AA-mGAM-mBHI,AE-AA-mGAM-mBHI,AE-AA-mGAM
432,E5-e003Coalescence-mGAM-p3_S60,True,E5-e003Coalescence-mGAM-p3,True,E5,False,3,mGAM,mBHI,AA-AF,E5-AA-AF-mBHI-mGAM,AA-AF-mBHI-mGAM,AA-AF-mBHI
433,G2-e003Coalescence-mGAM-p5_S73,True,G2-e003Coalescence-mGAM-p5,True,G2,False,5,mGAM,mBHI,AE-AA,G2-AE-AA-mBHI-mGAM,AE-AA-mBHI-mGAM,AE-AA-mBHI
434,E5-e003Coalescence-mGAM-p7_S148,True,E5-e003Coalescence-mGAM-p7,True,E5,False,7,mGAM,mBHI,AA-AF,E5-AA-AF-mBHI-mGAM,AA-AF-mBHI-mGAM,AA-AF-mBHI
435,H9-e003Coalescence-mGAM-p7_S186,True,H9-e003Coalescence-mGAM-p7,True,H9,False,7,mGAM,mGAM,AF-AC/PP,H9-AF-AC/PP-mGAM-mGAM,AF-AC/PP-mGAM-mGAM,AF-AC/PP-mGAM
436,E100-e003Coalescence-mGAM-p5_S55,True,E10-e003Coalescence-mGAM-p5,True,E10,False,5,mGAM,mGAM,AA-AE,E10-AA-AE-mGAM-mGAM,AA-AE-mGAM-mGAM,AA-AE-mGAM
437,E8-e003Coalescence-mGAM-p5_S53,True,E8-e003Coalescence-mGAM-p5,True,E8,False,5,mGAM,mGAM,AA-AA,E8-AA-AA-mGAM-mGAM,AA-AA-mGAM-mGAM,AA-AA-mGAM
438,H5-e003Coalescence-mGAM-p3_S96,True,H5-e003Coalescence-mGAM-p3,True,H5,False,3,mGAM,mBHI,AF-AF,H5-AF-AF-mBHI-mGAM,AF-AF-mBHI-mGAM,AF-AF-mBHI
439,G4-e003Coalescence-mGAM-p3_S83,True,G4-e003Coalescence-mGAM-p3,True,G4,False,3,mGAM,mBHI,AE-AE,G4-AE-AE-mBHI-mGAM,AE-AE-mBHI-mGAM,AE-AE-mBHI
440,F4-e003Coalescence-mBHI-p7_S111,True,F4-e003Coalescence-mBHI-p7,True,F4,False,7,mBHI,mBHI,AC/PP-AE,F4-AC/PP-AE-mBHI-mBHI,AC/PP-AE-mBHI-mBHI,AC/PP-AE-mBHI
441,H3-e003Coalescence-mGAM-p7_S182,True,H3-e003Coalescence-mGAM-p7,True,H3,False,7,mGAM,mBHI,AF-AC/PP,H3-AF-AC/PP-mBHI-mGAM,AF-AC/PP-mBHI-mGAM,AF-AC/PP-mBHI
442,H5-e003Coalescence-mGAM-p5_S88,True,H5-e003Coalescence-mGAM-p5,True,H5,False,5,mGAM,mBHI,AF-AF,H5-AF-AF-mBHI-mGAM,AF-AF-mBHI-mGAM,AF-AF-mBHI
443,F4-e003Coalescence-mGAM-p5_S63,True,F4-e003Coalescence-mGAM-p5,True,F4,False,5,mGAM,mBHI,AC/PP-AE,F4-AC/PP-AE-mBHI-mGAM,AC/PP-AE-mBHI-mGAM,AC/PP-AE-mBHI
444,G4-e003Coalescence-mGAM-p7_S171,True,G4-e003Coalescence-mGAM-p7,True,G4,False,7,mGAM,mBHI,AE-AE,G4-AE-AE-mBHI-mGAM,AE-AE-mBHI-mGAM,AE-AE-mBHI
445,H8-e003Coalescence-mGAM-p5_S89,True,H8-e003Coalescence-mGAM-p5,True,H8,False,5,mGAM,mGAM,AF-AA,H8-AF-AA-mGAM-mGAM,AF-AA-mGAM-mGAM,AF-AA-mGAM
446,F3-e003Coalescence-mBHI-p5_S14,True,F3-e003Coalescence-mBHI-p5,True,F3,False,5,mBHI,mBHI,AC/PP-AC/PP,F3-AC/PP-AC/PP-mBHI-mBHI,AC/PP-AC/PP-mBHI-mBHI,AC/PP-AC/PP-mBHI
447,F100-e003Coalescence-mBHI-p7_S115,True,F10-e003Coalescence-mBHI-p7,True,F10,False,7,mBHI,mGAM,AC/PP-AE,F10-AC/PP-AE-mGAM-mBHI,AC/PP-AE-mGAM-mBHI,AC/PP-AE-mGAM
448,E3-e003Coalescence-mGAM-p7_S146,True,E3-e003Coalescence-mGAM-p7,True,E3,False,7,mGAM,mBHI,AA-AC/PP,E3-AA-AC/PP-mBHI-mGAM,AA-AC/PP-mBHI-mGAM,AA-AC/PP-mBHI
449,F100-e003Coalescence-mGAM-p3_S167,True,F10-e003Coalescence-mGAM-p3,True,F10,False,3,mGAM,mGAM,AC/PP-AE,F10-AC/PP-AE-mGAM-mGAM,AC/PP-AE-mGAM-mGAM,AC/PP-AE-mGAM
450,G100-e003Coalescence-mBHI-p3_S131,True,G10-e003Coalescence-mBHI-p3,True,G10,False,3,mBHI,mGAM,AE-AE,G10-AE-AE-mGAM-mBHI,AE-AE-mGAM-mBHI,AE-AE-mGAM
451,G4-e003Coalescence-mBHI-p7_S123,True,G4-e003Coalescence-mBHI-p7,True,G4,False,7,mBHI,mBHI,AE-AE,G4-AE-AE-mBHI-mBHI,AE-AE-mBHI-mBHI,AE-AE-mBHI
452,E9-e003Coalescence-mGAM-p3_S154,True,E9-e003Coalescence-mGAM-p3,True,E9,False,3,mGAM,mGAM,AA-AC/PP,E9-AA-AC/PP-mGAM-mGAM,AA-AC/PP-mGAM-mGAM,AA-AC/PP-mGAM
453,F3-e003Coalescence-mGAM-p5_S62,True,F3-e003Coalescence-mGAM-p5,True,F3,False,5,mGAM,mBHI,AC/PP-AC/PP,F3-AC/PP-AC/PP-mBHI-mGAM,AC/PP-AC/PP-mBHI-mGAM,AC/PP-AC/PP-mBHI
454,H4-e003Coalescence-mBHI-p7_S135,True,H4-e003Coalescence-mBHI-p7,True,H4,False,7,mBHI,mBHI,AF-AE,H4-AF-AE-mBHI-mBHI,AF-AE-mBHI-mBHI,AF-AE-mBHI
455,E3-e003Coalescence-mBHI-p5_S2,True,E3-e003Coalescence-mBHI-p5,True,E3,False,5,mBHI,mBHI,AA-AC/PP,E3-AA-AC/PP-mBHI-mBHI,AA-AC/PP-mBHI-mBHI,AA-AC/PP-mBHI
456,H100-e003Coalescence-mGAM-p3_S191,True,H10-e003Coalescence-mGAM-p3,True,H10,False,3,mGAM,mGAM,AF-AE,H10-AF-AE-mGAM-mGAM,AF-AE-mGAM-mGAM,AF-AE-mGAM
457,G111-e003Coalescence-mBHI-p7_S128,True,G11-e003Coalescence-mBHI-p7,True,G11,False,7,mBHI,mGAM,AE-AF,G11-AE-AF-mGAM-mBHI,AE-AF-mGAM-mBHI,AE-AF-mGAM
458,H3-e003Coalescence-mBHI-p5_S38,True,H3-e003Coalescence-mBHI-p5,True,H3,False,5,mBHI,mBHI,AF-AC/PP,H3-AF-AC/PP-mBHI-mBHI,AF-AC/PP-mBHI-mBHI,AF-AC/PP-mBHI
459,G3-e003Coalescence-mGAM-p3_S82,True,G3-e003Coalescence-mGAM-p3,True,G3,False,3,mGAM,mBHI,AE-AC/PP,G3-AE-AC/PP-mBHI-mGAM,AE-AC/PP-mBHI-mGAM,AE-AC/PP-mBHI
460,F111-e003Coalescence-mGAM-p3_S168,True,F11-e003Coalescence-mGAM-p3,True,F11,False,3,mGAM,mGAM,AC/PP-AF,F11-AC/PP-AF-mGAM-mGAM,AC/PP-AF-mGAM-mGAM,AC/PP-AF-mGAM
461,F3-e003Coalescence-mGAM-p7_S158,True,F3-e003Coalescence-mGAM-p7,True,F3,False,7,mGAM,mBHI,AC/PP-AC/PP,F3-AC/PP-AC/PP-mBHI-mGAM,AC/PP-AC/PP-mBHI-mGAM,AC/PP-AC/PP-mBHI
462,E9-e003Coalescence-mBHI-p3_S106,True,E9-e003Coalescence-mBHI-p3,True,E9,False,3,mBHI,mGAM,AA-AC/PP,E9-AA-AC/PP-mGAM-mBHI,AA-AC/PP-mGAM-mBHI,AA-AC/PP-mGAM
463,F8-e003Coalescence-mBHI-p7_S113,True,F8-e003Coalescence-mBHI-p7,True,F8,False,7,mBHI,mGAM,AC/PP-AA,F8-AC/PP-AA-mGAM-mBHI,AC/PP-AA-mGAM-mBHI,AC/PP-AA-mGAM
464,G2-e003Coalescence-mBHI-p7_S121,True,G2-e003Coalescence-mBHI-p7,True,G2,False,7,mBHI,mBHI,AE-AA,G2-AE-AA-mBHI-mBHI,AE-AA-mBHI-mBHI,AE-AA-mBHI
465,H4-e003Coalescence-mBHI-p3_S47,True,H4-e003Coalescence-mBHI-p3,True,H4,False,3,mBHI,mBHI,AF-AE,H4-AF-AE-mBHI-mBHI,AF-AE-mBHI-mBHI,AF-AE-mBHI
466,F3-e003Coalescence-mBHI-p7_S110,True,F3-e003Coalescence-mBHI-p7,True,F3,False,7,mBHI,mBHI,AC/PP-AC/PP,F3-AC/PP-AC/PP-mBHI-mBHI,AC/PP-AC/PP-mBHI-mBHI,AC/PP-AC/PP-mBHI
467,F100-e003Coalescence-mGAM-p5_S67,True,F10-e003Coalescence-mGAM-p5,True,F10,False,5,mGAM,mGAM,AC/PP-AE,F10-AC/PP-AE-mGAM-mGAM,AC/PP-AE-mGAM-mGAM,AC/PP-AE-mGAM
468,G8-e003Coalescence-mBHI-p7_S125,True,G8-e003Coalescence-mBHI-p7,True,G8,False,7,mBHI,mGAM,AE-AA,G8-AE-AA-mGAM-mBHI,AE-AA-mGAM-mBHI,AE-AA-mGAM
469,F4-e003Coalescence-mBHI-p5_S15,True,F4-e003Coalescence-mBHI-p5,True,F4,False,5,mBHI,mBHI,AC/PP-AE,F4-AC/PP-AE-mBHI-mBHI,AC/PP-AE-mBHI-mBHI,AC/PP-AE-mBHI
470,H111-e003Coalescence-mBHI-p5_S44,True,H11-e003Coalescence-mBHI-p5,True,H11,False,5,mBHI,mGAM,AF-AF,H11-AF-AF-mGAM-mBHI,AF-AF-mGAM-mBHI,AF-AF-mGAM
471,H2-e003Coalescence-mBHI-p5_S37,True,H2-e003Coalescence-mBHI-p5,True,H2,False,5,mBHI,mBHI,AF-AA,H2-AF-AA-mBHI-mBHI,AF-AA-mBHI-mBHI,AF-AA-mBHI
472,E111-e003Coalescence-mBHI-p7_S104,True,E11-e003Coalescence-mBHI-p7,True,E11,False,7,mBHI,mGAM,AA-AF,E11-AA-AF-mGAM-mBHI,AA-AF-mGAM-mBHI,AA-AF-mGAM
473,E2-e003Coalescence-mGAM-p3_S57,True,E2-e003Coalescence-mGAM-p3,True,E2,False,3,mGAM,mBHI,AA-AA,E2-AA-AA-mBHI-mGAM,AA-AA-mBHI-mGAM,AA-AA-mBHI
474,F2-e003Coalescence-mBHI-p5_S13,True,F2-e003Coalescence-mBHI-p5,True,F2,False,5,mBHI,mBHI,AC/PP-AA,F2-AC/PP-AA-mBHI-mBHI,AC/PP-AA-mBHI-mBHI,AC/PP-AA-mBHI
475,F4-e003Coalescence-mBHI-p3_S23,True,F4-e003Coalescence-mBHI-p3,True,F4,False,3,mBHI,mBHI,AC/PP-AE,F4-AC/PP-AE-mBHI-mBHI,AC/PP-AE-mBHI-mBHI,AC/PP-AE-mBHI
476,F2-e003Coalescence-mGAM-p3_S69,True,F2-e003Coalescence-mGAM-p3,True,F2,False,3,mGAM,mBHI,AC/PP-AA,F2-AC/PP-AA-mBHI-mGAM,AC/PP-AA-mBHI-mGAM,AC/PP-AA-mBHI
477,E9-e003Coalescence-mGAM-p5_S54,True,E9-e003Coalescence-mGAM-p5,True,E9,False,5,mGAM,mGAM,AA-AC/PP,E9-AA-AC/PP-mGAM-mGAM,AA-AC/PP-mGAM-mGAM,AA-AC/PP-mGAM
478,G3-e003Coalescence-mGAM-p5_S74,True,G3-e003Coalescence-mGAM-p5,True,G3,False,5,mGAM,mBHI,AE-AC/PP,G3-AE-AC/PP-mBHI-mGAM,AE-AC/PP-mBHI-mGAM,AE-AC/PP-mBHI
479,E111-e003Coalescence-mGAM-p5_S56,True,E11-e003Coalescence-mGAM-p5,True,E11,False,5,mGAM,mGAM,AA-AF,E11-AA-AF-mGAM-mGAM,AA-AF-mGAM-mGAM,AA-AF-mGAM
480,G100-e003Coalescence-mGAM-p5_S79,True,G10-e003Coalescence-mGAM-p5,True,G10,False,5,mGAM,mGAM,AE-AE,G10-AE-AE-mGAM-mGAM,AE-AE-mGAM-mGAM,AE-AE-mGAM
481,H100-e003Coalescence-mGAM-p5_S91,True,H10-e003Coalescence-mGAM-p5,True,H10,False,5,mGAM,mGAM,AF-AE,H10-AF-AE-mGAM-mGAM,AF-AE-mGAM-mGAM,AF-AE-mGAM
482,G9-e003Coalescence-mBHI-p3_S130,True,G9-e003Coalescence-mBHI-p3,True,G9,False,3,mBHI,mGAM,AE-AC/PP,G9-AE-AC/PP-mGAM-mBHI,AE-AC/PP-mGAM-mBHI,AE-AC/PP-mGAM
483,E4-e003Coalescence-mGAM-p7_S147,True,E4-e003Coalescence-mGAM-p7,True,E4,False,7,mGAM,mBHI,AA-AE,E4-AA-AE-mBHI-mGAM,AA-AE-mBHI-mGAM,AA-AE-mBHI
484,G9-e003Coalescence-mBHI-p7_S126,True,G9-e003Coalescence-mBHI-p7,True,G9,False,7,mBHI,mGAM,AE-AC/PP,G9-AE-AC/PP-mGAM-mBHI,AE-AC/PP-mGAM-mBHI,AE-AC/PP-mGAM
485,E4-e003Coalescence-mGAM-p3_S59,True,E4-e003Coalescence-mGAM-p3,True,E4,False,3,mGAM,mBHI,AA-AE,E4-AA-AE-mBHI-mGAM,AA-AE-mBHI-mGAM,AA-AE-mBHI
486,F9-e003Coalescence-mGAM-p3_S166,True,F9-e003Coalescence-mGAM-p3,True,F9,False,3,mGAM,mGAM,AC/PP-AC/PP,F9-AC/PP-AC/PP-mGAM-mGAM,AC/PP-AC/PP-mGAM-mGAM,AC/PP-AC/PP-mGAM
487,H4-e003Coalescence-mBHI-p5_S39,True,H4-e003Coalescence-mBHI-p5,True,H4,False,5,mBHI,mBHI,AF-AE,H4-AF-AE-mBHI-mBHI,AF-AE-mBHI-mBHI,AF-AE-mBHI
488,H9-e003Coalescence-mBHI-p3_S142,True,H9-e003Coalescence-mBHI-p3,True,H9,False,3,mBHI,mGAM,AF-AC/PP,H9-AF-AC/PP-mGAM-mBHI,AF-AC/PP-mGAM-mBHI,AF-AC/PP-mGAM
489,F4-e003Coalescence-mGAM-p3_S71,True,F4-e003Coalescence-mGAM-p3,True,F4,False,3,mGAM,mBHI,AC/PP-AE,F4-AC/PP-AE-mBHI-mGAM,AC/PP-AE-mBHI-mGAM,AC/PP-AE-mBHI
490,H100-e003Coalescence-mBHI-p7_S139,True,H10-e003Coalescence-mBHI-p7,True,H10,False,7,mBHI,mGAM,AF-AE,H10-AF-AE-mGAM-mBHI,AF-AE-mGAM-mBHI,AF-AE-mGAM
491,G8-e003Coalescence-mBHI-p5_S29,True,G8-e003Coalescence-mBHI-p5,True,G8,False,5,mBHI,mGAM,AE-AA,G8-AE-AA-mGAM-mBHI,AE-AA-mGAM-mBHI,AE-AA-mGAM
492,G2-e003Coalescence-mBHI-p5_S25,True,G2-e003Coalescence-mBHI-p5,True,G2,False,5,mBHI,mBHI,AE-AA,G2-AE-AA-mBHI-mBHI,AE-AA-mBHI-mBHI,AE-AA-mBHI
493,G8-e003Coalescence-mGAM-p7_S173,True,G8-e003Coalescence-mGAM-p7,True,G8,False,7,mGAM,mGAM,AE-AA,G8-AE-AA-mGAM-mGAM,AE-AA-mGAM-mGAM,AE-AA-mGAM
494,E4-e003Coalescence-mBHI-p3_S11,True,E4-e003Coalescence-mBHI-p3,True,E4,False,3,mBHI,mBHI,AA-AE,E4-AA-AE-mBHI-mBHI,AA-AE-mBHI-mBHI,AA-AE-mBHI
495,E2-e003Coalescence-mGAM-p5_S49,True,E2-e003Coalescence-mGAM-p5,True,E2,False,5,mGAM,mBHI,AA-AA,E2-AA-AA-mBHI-mGAM,AA-AA-mBHI-mGAM,AA-AA-mBHI
496,H9-e003Coalescence-mBHI-p5_S42,True,H9-e003Coalescence-mBHI-p5,True,H9,False,5,mBHI,mGAM,AF-AC/PP,H9-AF-AC/PP-mGAM-mBHI,AF-AC/PP-mGAM-mBHI,AF-AC/PP-mGAM
497,H111-e003Coalescence-mGAM-p3_S192,True,H11-e003Coalescence-mGAM-p3,True,H11,False,3,mGAM,mGAM,AF-AF,H11-AF-AF-mGAM-mGAM,AF-AF-mGAM-mGAM,AF-AF-mGAM
498,F5-e003Coalescence-mBHI-p3_S24,True,F5-e003Coalescence-mBHI-p3,True,F5,False,3,mBHI,mBHI,AC/PP-AF,F5-AC/PP-AF-mBHI-mBHI,AC/PP-AF-mBHI-mBHI,AC/PP-AF-mBHI
499,E8-e003Coalescence-mBHI-p3_S105,True,E8-e003Coalescence-mBHI-p3,True,E8,False,3,mBHI,mGAM,AA-AA,E8-AA-AA-mGAM-mBHI,AA-AA-mGAM-mBHI,AA-AA-mGAM
500,E8-e003Coalescence-mGAM-p7_S149,True,E8-e003Coalescence-mGAM-p7,True,E8,False,7,mGAM,mGAM,AA-AA,E8-AA-AA-mGAM-mGAM,AA-AA-mGAM-mGAM,AA-AA-mGAM
501,E9-e003Coalescence-mGAM-p7_S150,True,E9-e003Coalescence-mGAM-p7,True,E9,False,7,mGAM,mGAM,AA-AC/PP,E9-AA-AC/PP-mGAM-mGAM,AA-AC/PP-mGAM-mGAM,AA-AC/PP-mGAM
502,H5-e003Coalescence-mBHI-p7_S136,True,H5-e003Coalescence-mBHI-p7,True,H5,False,7,mBHI,mBHI,AF-AF,H5-AF-AF-mBHI-mBHI,AF-AF-mBHI-mBHI,AF-AF-mBHI
503,G9-e003Coalescence-mBHI-p5_S30,True,G9-e003Coalescence-mBHI-p5,True,G9,False,5,mBHI,mGAM,AE-AC/PP,G9-AE-AC/PP-mGAM-mBHI,AE-AC/PP-mGAM-mBHI,AE-AC/PP-mGAM
504,F111-e003Coalescence-mBHI-p7_S116,True,F11-e003Coalescence-mBHI-p7,True,F11,False,7,mBHI,mGAM,AC/PP-AF,F11-AC/PP-AF-mGAM-mBHI,AC/PP-AF-mGAM-mBHI,AC/PP-AF-mGAM
505,F5-e003Coalescence-mBHI-p7_S112,True,F5-e003Coalescence-mBHI-p7,True,F5,False,7,mBHI,mBHI,AC/PP-AF,F5-AC/PP-AF-mBHI-mBHI,AC/PP-AF-mBHI-mBHI,AC/PP-AF-mBHI
506,F4-e003Coalescence-mGAM-p7_S159,True,F4-e003Coalescence-mGAM-p7,True,F4,False,7,mGAM,mBHI,AC/PP-AE,F4-AC/PP-AE-mBHI-mGAM,AC/PP-AE-mBHI-mGAM,AC/PP-AE-mBHI
507,E100-e003Coalescence-mBHI-p3_S107,True,E10-e003Coalescence-mBHI-p3,True,E10,False,3,mBHI,mGAM,AA-AE,E10-AA-AE-mGAM-mBHI,AA-AE-mGAM-mBHI,AA-AE-mGAM
508,F111-e003Coalescence-mBHI-p3_S120,True,F11-e003Coalescence-mBHI-p3,True,F11,False,3,mBHI,mGAM,AC/PP-AF,F11-AC/PP-AF-mGAM-mBHI,AC/PP-AF-mGAM-mBHI,AC/PP-AF-mGAM
509,H3-e003Coalescence-mGAM-p5_S86,True,H3-e003Coalescence-mGAM-p5,True,H3,False,5,mGAM,mBHI,AF-AC/PP,H3-AF-AC/PP-mBHI-mGAM,AF-AC/PP-mBHI-mGAM,AF-AC/PP-mBHI
510,E4-e003Coalescence-mBHI-p7_S99,True,E4-e003Coalescence-mBHI-p7,True,E4,False,7,mBHI,mBHI,AA-AE,E4-AA-AE-mBHI-mBHI,AA-AE-mBHI-mBHI,AA-AE-mBHI
511,H4-e003Coalescence-mGAM-p5_S87,True,H4-e003Coalescence-mGAM-p5,True,H4,False,5,mGAM,mBHI,AF-AE,H4-AF-AE-mBHI-mGAM,AF-AE-mBHI-mGAM,AF-AE-mBHI
512,F100-e003Coalescence-mBHI-p5_S19,True,F10-e003Coalescence-mBHI-p5,True,F10,False,5,mBHI,mGAM,AC/PP-AE,F10-AC/PP-AE-mGAM-mBHI,AC/PP-AE-mGAM-mBHI,AC/PP-AE-mGAM
513,E100-e003Coalescence-mGAM-p7_S151,True,E10-e003Coalescence-mGAM-p7,True,E10,False,7,mGAM,mGAM,AA-AE,E10-AA-AE-mGAM-mGAM,AA-AE-mGAM-mGAM,AA-AE-mGAM
514,G9-e003Coalescence-mGAM-p3_S178,True,G9-e003Coalescence-mGAM-p3,True,G9,False,3,mGAM,mGAM,AE-AC/PP,G9-AE-AC/PP-mGAM-mGAM,AE-AC/PP-mGAM-mGAM,AE-AC/PP-mGAM
515,H9-e003Coalescence-mBHI-p7_S138,True,H9-e003Coalescence-mBHI-p7,True,H9,False,7,mBHI,mGAM,AF-AC/PP,H9-AF-AC/PP-mGAM-mBHI,AF-AC/PP-mGAM-mBHI,AF-AC/PP-mGAM
516,H8-e003Coalescence-mGAM-p7_S185,True,H8-e003Coalescence-mGAM-p7,True,H8,False,7,mGAM,mGAM,AF-AA,H8-AF-AA-mGAM-mGAM,AF-AA-mGAM-mGAM,AF-AA-mGAM
517,G2-e003Coalescence-mGAM-p3_S81,True,G2-e003Coalescence-mGAM-p3,True,G2,False,3,mGAM,mBHI,AE-AA,G2-AE-AA-mBHI-mGAM,AE-AA-mBHI-mGAM,AE-AA-mBHI
518,F111-e003Coalescence-mBHI-p5_S20,True,F11-e003Coalescence-mBHI-p5,True,F11,False,5,mBHI,mGAM,AC/PP-AF,F11-AC/PP-AF-mGAM-mBHI,AC/PP-AF-mGAM-mBHI,AC/PP-AF-mGAM
519,F8-e003Coalescence-mBHI-p5_S17,True,F8-e003Coalescence-mBHI-p5,True,F8,False,5,mBHI,mGAM,AC/PP-AA,F8-AC/PP-AA-mGAM-mBHI,AC/PP-AA-mGAM-mBHI,AC/PP-AA-mGAM
520,G100-e003Coalescence-mBHI-p7_S127,True,G10-e003Coalescence-mBHI-p7,True,G10,False,7,mBHI,mGAM,AE-AE,G10-AE-AE-mGAM-mBHI,AE-AE-mGAM-mBHI,AE-AE-mGAM
521,E5-e003Coalescence-mGAM-p5_S52,True,E5-e003Coalescence-mGAM-p5,True,E5,False,5,mGAM,mBHI,AA-AF,E5-AA-AF-mBHI-mGAM,AA-AF-mBHI-mGAM,AA-AF-mBHI
19,A4-e003Coalescence-mBHI-inoculumn-redo,False,A4-e003Coalescence-mBHI-inoculumn-redo,True,A4,True,0,mBHI,mBHI,AA-AE,A4-AA-AE-mBHI-mBHI,AA-AE-mBHI-mBHI,AA-AE-mBHI
45,D3-e003Coalescence-Inoculumn-mBHI,False,D3-e003Coalescence-Inoculumn-mBHI,True,D3,True,0,mBHI,mBHI,AF-AC/PP,D3-AF-AC/PP-mBHI-mBHI,AF-AC/PP-mBHI-mBHI,AF-AC/PP-mBHI
57,C4-e003Coalescence-mBHI-inoculumn-redo,False,C4-e003Coalescence-mBHI-inoculumn-redo,True,C4,True,0,mBHI,mBHI,AE-AE,C4-AE-AE-mBHI-mBHI,AE-AE-mBHI-mBHI,AE-AE-mBHI
68,A2-e003Coalescence-Inoculumn-mGAM,False,A2-e003Coalescence-Inoculumn-mGAM,True,A2,True,0,mGAM,mBHI,AA-AA,A2-AA-AA-mBHI-mGAM,AA-AA-mBHI-mGAM,AA-AA-mBHI
85,B5-e003Coalescence-Inoculumn-mGAM,False,B5-e003Coalescence-Inoculumn-mGAM,True,B5,True,0,mGAM,mBHI,AC/PP-AF,B5-AC/PP-AF-mBHI-mGAM,AC/PP-AF-mBHI-mGAM,AC/PP-AF-mBHI
102,B5-e003Coalescence-Inoculumn-mBHI,False,B5-e003Coalescence-Inoculumn-mBHI,True,B5,True,0,mBHI,mBHI,AC/PP-AF,B5-AC/PP-AF-mBHI-mBHI,AC/PP-AF-mBHI-mBHI,AC/PP-AF-mBHI
112,D5-e003Coalescence-Inoculumn-mGAM,False,D5-e003Coalescence-Inoculumn-mGAM,True,D5,True,0,mGAM,mBHI,AF-AF,D5-AF-AF-mBHI-mGAM,AF-AF-mBHI-mGAM,AF-AF-mBHI
120,C5-e003Coalescence-mBHI-inoculumn-redo,False,C5-e003Coalescence-mBHI-inoculumn-redo,True,C5,True,0,mBHI,mBHI,AE-AF,C5-AE-AF-mBHI-mBHI,AE-AF-mBHI-mBHI,AE-AF-mBHI
138,B2-e003Coalescence-Inoculumn-mGAM,False,B2-e003Coalescence-Inoculumn-mGAM,True,B2,True,0,mGAM,mBHI,AC/PP-AA,B2-AC/PP-AA-mBHI-mGAM,AC/PP-AA-mBHI-mGAM,AC/PP-AA-mBHI
142,A3-e003Coalescence-mBHI-inoculumn-redo,False,A3-e003Coalescence-mBHI-inoculumn-redo,True,A3,True,0,mBHI,mBHI,AA-AC/PP,A3-AA-AC/PP-mBHI-mBHI,AA-AC/PP-mBHI-mBHI,AA-AC/PP-mBHI
146,A3-e003Coalescence-Inoculumn-mGAM,False,A3-e003Coalescence-Inoculumn-mGAM,True,A3,True,0,mGAM,mBHI,AA-AC/PP,A3-AA-AC/PP-mBHI-mGAM,AA-AC/PP-mBHI-mGAM,AA-AC/PP-mBHI
155,A2-e003Coalescence-Inoculumn-mBHI,False,A2-e003Coalescence-Inoculumn-mBHI,True,A2,True,0,mBHI,mBHI,AA-AA,A2-AA-AA-mBHI-mBHI,AA-AA-mBHI-mBHI,AA-AA-mBHI
163,D5-e003Coalescence-Inoculumn-mBHI,False,D5-e003Coalescence-Inoculumn-mBHI,True,D5,True,0,mBHI,mBHI,AF-AF,D5-AF-AF-mBHI-mBHI,AF-AF-mBHI-mBHI,AF-AF-mBHI
168,B3-e003Coalescence-Inoculumn-mBHI,False,B3-e003Coalescence-Inoculumn-mBHI,True,B3,True,0,mBHI,mBHI,AC/PP-AC/PP,B3-AC/PP-AC/PP-mBHI-mBHI,AC/PP-AC/PP-mBHI-mBHI,AC/PP-AC/PP-mBHI
186,A5-e003Coalescence-mBHI-inoculumn-redo,False,A5-e003Coalescence-mBHI-inoculumn-redo,True,A5,True,0,mBHI,mBHI,AA-AF,A5-AA-AF-mBHI-mBHI,AA-AF-mBHI-mBHI,AA-AF-mBHI
191,C3-e003Coalescence-Inoculumn-mGAM,False,C3-e003Coalescence-Inoculumn-mGAM,True,C3,True,0,mGAM,mBHI,AE-AC/PP,C3-AE-AC/PP-mBHI-mGAM,AE-AC/PP-mBHI-mGAM,AE-AC/PP-mBHI
194,D4-e003Coalescence-Inoculumn-mBHI,False,D4-e003Coalescence-Inoculumn-mBHI,True,D4,True,0,mBHI,mBHI,AF-AE,D4-AF-AE-mBHI-mBHI,AF-AE-mBHI-mBHI,AF-AE-mBHI
219,C2-e003Coalescence-Inoculumn-mGAM,False,C2-e003Coalescence-Inoculumn-mGAM,True,C2,True,0,mGAM,mBHI,AE-AA,C2-AE-AA-mBHI-mGAM,AE-AA-mBHI-mGAM,AE-AA-mBHI
220,B3-e003Coalescence-Inoculumn-mGAM,False,B3-e003Coalescence-Inoculumn-mGAM,True,B3,True,0,mGAM,mBHI,AC/PP-AC/PP,B3-AC/PP-AC/PP-mBHI-mGAM,AC/PP-AC/PP-mBHI-mGAM,AC/PP-AC/PP-mBHI
226,D2-e003Coalescence-Inoculumn-mBHI,False,D2-e003Coalescence-Inoculumn-mBHI,True,D2,True,0,mBHI,mBHI,AF-AA,D2-AF-AA-mBHI-mBHI,AF-AA-mBHI-mBHI,AF-AA-mBHI
227,B4-e003Coalescence-Inoculumn-mGAM,False,B4-e003Coalescence-Inoculumn-mGAM,True,B4,True,0,mGAM,mBHI,AC/PP-AE,B4-AC/PP-AE-mBHI-mGAM,AC/PP-AE-mBHI-mGAM,AC/PP-AE-mBHI
233,C4-e003Coalescence-Inoculumn-mGAM,False,C4-e003Coalescence-Inoculumn-mGAM,True,C4,True,0,mGAM,mBHI,AE-AE,C4-AE-AE-mBHI-mGAM,AE-AE-mBHI-mGAM,AE-AE-mBHI
261,C2-e003Coalescence-mBHI-inoculumn-redo,False,C2-e003Coalescence-mBHI-inoculumn-redo,True,C2,True,0,mBHI,mBHI,AE-AA,C2-AE-AA-mBHI-mBHI,AE-AA-mBHI-mBHI,AE-AA-mBHI
264,B2-e003Coalescence-Inoculumn-mBHI,False,B2-e003Coalescence-Inoculumn-mBHI,True,B2,True,0,mBHI,mBHI,AC/PP-AA,B2-AC/PP-AA-mBHI-mBHI,AC/PP-AA-mBHI-mBHI,AC/PP-AA-mBHI
269,A5-e003Coalescence-Inoculumn-mGAM,False,A5-e003Coalescence-Inoculumn-mGAM,True,A5,True,0,mGAM,mBHI,AA-AF,A5-AA-AF-mBHI-mGAM,AA-AF-mBHI-mGAM,AA-AF-mBHI
272,D4-e003Coalescence-Inoculumn-mGAM,False,D4-e003Coalescence-Inoculumn-mGAM,True,D4,True,0,mGAM,mBHI,AF-AE,D4-AF-AE-mBHI-mGAM,AF-AE-mBHI-mGAM,AF-AE-mBHI
279,C3-e003Coalescence-mBHI-inoculumn-redo,False,C3-e003Coalescence-mBHI-inoculumn-redo,True,C3,True,0,mBHI,mBHI,AE-AC/PP,C3-AE-AC/PP-mBHI-mBHI,AE-AC/PP-mBHI-mBHI,AE-AC/PP-mBHI
295,A2-e003Coalescence-mBHI-inoculumn-redo,False,A2-e003Coalescence-mBHI-inoculumn-redo,True,A2,True,0,mBHI,mBHI,AA-AA,A2-AA-AA-mBHI-mBHI,AA-AA-mBHI-mBHI,AA-AA-mBHI
300,B4-e003Coalescence-Inoculumn-mBHI,False,B4-e003Coalescence-Inoculumn-mBHI,True,B4,True,0,mBHI,mBHI,AC/PP-AE,B4-AC/PP-AE-mBHI-mBHI,AC/PP-AE-mBHI-mBHI,AC/PP-AE-mBHI
301,D2-e003Coalescence-Inoculumn-mGAM,False,D2-e003Coalescence-Inoculumn-mGAM,True,D2,True,0,mGAM,mBHI,AF-AA,D2-AF-AA-mBHI-mGAM,AF-AA-mBHI-mGAM,AF-AA-mBHI
306,D3-e003Coalescence-Inoculumn-mGAM,False,D3-e003Coalescence-Inoculumn-mGAM,True,D3,True,0,mGAM,mBHI,AF-AC/PP,D3-AF-AC/PP-mBHI-mGAM,AF-AC/PP-mBHI-mGAM,AF-AC/PP-mBHI
308,C5-e003Coalescence-Inoculumn-mGAM,False,C5-e003Coalescence-Inoculumn-mGAM,True,C5,True,0,mGAM,mBHI,AE-AF,C5-AE-AF-mBHI-mGAM,AE-AF-mBHI-mGAM,AE-AF-mBHI
320,A4-e003Coalescence-Inoculumn-mGAM,False,A4-e003Coalescence-Inoculumn-mGAM,True,A4,True,0,mGAM,mBHI,AA-AE,A4-AA-AE-mBHI-mGAM,AA-AE-mBHI-mGAM,AA-AE-mBHI
322,A5-e003Coalescence-Inoculumn-mBHI,False,A5-e003Coalescence-Inoculumn-mBHI,True,A5,True,0,mBHI,mBHI,AA-AF,A5-AA-AF-mBHI-mBHI,AA-AF-mBHI-mBHI,AA-AF-mBHI
