	sample_name	midas_outdir
0	D11-e003Coalescence-mGAM-p5	workflow/out/midas2_output
1	F2-e004Assembly-epsilon-p5	workflow/out/midas2_output
2	D9-e003Coalescence-mGAM-p5	workflow/out/midas2_output
3	B3-e003Assembly-mBHI-p5	workflow/out/midas2_output
4	C5-e003Coalescence-mGAM-p7	workflow/out/midas2_output
5	F4-e004Assembly-epsilon-p7	workflow/out/midas2_output
6	D5-e003Assembly-mBHI-p5	workflow/out/midas2_output
7	C3-e003Coalescence-mBHI-inoculumn-redo	workflow/out/midas2_output
8	C4-e004Assembly-mBHI-p3	workflow/out/midas2_output
9	C9-e003Coalescence-mBHI-p5	workflow/out/midas2_output
10	D9-e003Coalescence-mBHI-p3	workflow/out/midas2_output
11	C5-e003Coalescence-mBHI-p7	workflow/out/midas2_output
12	C10-e003GlycerolRevival-mGAM-p2	workflow/out/midas2_output
13	A10-e003Coalescence-mBHI-p5	workflow/out/midas2_output
14	B9-e003GlycerolRevival-mGAM-p2	workflow/out/midas2_output
15	A4-e003Coalescence-Inoculumn-mGAM	workflow/out/midas2_output
16	A3-e003Coalescence-mBHI-inoculumn-redo	workflow/out/midas2_output
17	D2-e003Coalescence-mBHI-p7	workflow/out/midas2_output
18	C9-e003Coalescence-mGAM-p5	workflow/out/midas2_output
19	B4-e004Assembly-mBHI-p7	workflow/out/midas2_output
20	A2-e003Coalescence-mBHI-p7	workflow/out/midas2_output
21	B3-e003Coalescence-mBHI-p5	workflow/out/midas2_output
22	A3-e003Coalescence-mGAM-p5	workflow/out/midas2_output
23	B11-e003Assembly-mGAM-p5	workflow/out/midas2_output
24	D2-e003Coalescence-mBHI-p5	workflow/out/midas2_output
25	B2-e003Coalescence-mBHI-p3	workflow/out/midas2_output
26	B3-e004Assembly-mBHI-p3	workflow/out/midas2_output
27	D2-e003Coalescence-mBHI-p3	workflow/out/midas2_output
28	BF-Fecal	workflow/out/midas2_output
29	B8-e003GlycerolRevival-mGAM-p2	workflow/out/midas2_output
30	B5-e003Assembly-mBHI-p5	workflow/out/midas2_output
31	C4-e003Coalescence-mGAM-p5	workflow/out/midas2_output
32	A9-e003Coalescence-mBHI-p7	workflow/out/midas2_output
33	C4-e003Coalescence-mBHI-p7	workflow/out/midas2_output
34	F5-e004Assembly-epsilon-p5	workflow/out/midas2_output
35	C11-e003Coalescence-mGAM-p3	workflow/out/midas2_output
36	D4-e003Coalescence-Inoculumn-mGAM	workflow/out/midas2_output
37	B3-e003Coalescence-mGAM-p5	workflow/out/midas2_output
38	B4-e004Assembly-mBHI-p5	workflow/out/midas2_output
39	G5-e004Assembly-epsilon-p7	workflow/out/midas2_output
40	C3-e004Assembly-mBHI-p3	workflow/out/midas2_output
41	D4-e003Coalescence-Inoculumn-mBHI	workflow/out/midas2_output
42	B5-e003Coalescence-mBHI-p5	workflow/out/midas2_output
43	B9-e003Coalescence-mGAM-p5	workflow/out/midas2_output
44	D9-e003Assembly-mGAM-p5	workflow/out/midas2_output
45	D8-e003Coalescence-mBHI-p5	workflow/out/midas2_output
46	C8-e003Assembly-mGAM-p3	workflow/out/midas2_output
47	C2-e003Coalescence-mBHI-p3	workflow/out/midas2_output
48	C10-e003Coalescence-mBHI-p3	workflow/out/midas2_output
49	A5-e003Coalescence-Inoculumn-mGAM	workflow/out/midas2_output
50	B12-e003Coalescence-mBHI-p3	workflow/out/midas2_output
51	B3-e004Assembly-mBHI-p5	workflow/out/midas2_output
52	A5-e003Coalescence-mBHI-inoculumn-redo	workflow/out/midas2_output
53	AM-Fecal	workflow/out/midas2_output
54	A4-e003Coalescence-mBHI-p7	workflow/out/midas2_output
55	B11-e003GlycerolRevival-mGAM-p2	workflow/out/midas2_output
56	D2-e003Coalescence-Inoculumn-mGAM	workflow/out/midas2_output
57	B2-e003Coalescence-Inoculumn-mGAM	workflow/out/midas2_output
58	B4-e003Coalescence-mBHI-p7	workflow/out/midas2_output
59	B11-e003Assembly-mGAM-p3	workflow/out/midas2_output
60	C9-e003Coalescence-mGAM-p3	workflow/out/midas2_output
61	C2-e003Coalescence-mBHI-p5	workflow/out/midas2_output
62	A11-e003Coalescence-mBHI-p3	workflow/out/midas2_output
63	C12-e003Coalescence-mGAM-p3	workflow/out/midas2_output
64	C3-e003GlycerolRevival-mBHI-p2	workflow/out/midas2_output
65	B11-e003Coalescence-mBHI-p3	workflow/out/midas2_output
66	C9-e003GlycerolRevival-mGAM-p2	workflow/out/midas2_output
67	D2-e003Coalescence-mGAM-p5	workflow/out/midas2_output
68	C8-e003Coalescence-mGAM-p5	workflow/out/midas2_output
69	C3-e004Assembly-mBHI-p5	workflow/out/midas2_output
70	D10-e003Assembly-mGAM-p3	workflow/out/midas2_output
71	D11-e003Coalescence-mBHI-p3	workflow/out/midas2_output
72	G4-e004Assembly-epsilon-p5	workflow/out/midas2_output
73	C10-e003Coalescence-mBHI-p7	workflow/out/midas2_output
74	D3-e003Coalescence-mBHI-p5	workflow/out/midas2_output
75	C3-e003Coalescence-mBHI-p5	workflow/out/midas2_output
76	C2-e003Coalescence-mBHI-p7	workflow/out/midas2_output
77	B10-e003Coalescence-mGAM-p7	workflow/out/midas2_output
78	C2-e003Coalescence-mBHI-inoculumn-redo	workflow/out/midas2_output
79	C10-e003Coalescence-mGAM-p5	workflow/out/midas2_output
80	D5-e003Coalescence-mGAM-p5	workflow/out/midas2_output
81	C3-e003Coalescence-mGAM-p3	workflow/out/midas2_output
82	D3-e003Coalescence-mBHI-p7	workflow/out/midas2_output
83	B2-e004Assembly-mBHI-p3	workflow/out/midas2_output
84	C11-e003GlycerolRevival-mGAM-p2	workflow/out/midas2_output
85	C2-e003Coalescence-mGAM-p3	workflow/out/midas2_output
86	E2-e004Assembly-mGAM-p3	workflow/out/midas2_output
87	C5-e003Assembly-mBHI-p3	workflow/out/midas2_output
88	D10-e003Assembly-mGAM-p5	workflow/out/midas2_output
89	B8-e003Coalescence-mBHI-p7	workflow/out/midas2_output
90	BG-Fecal	workflow/out/midas2_output
91	B9-e003Coalescence-mBHI-p5	workflow/out/midas2_output
92	B5-e003Coalescence-mGAM-p3	workflow/out/midas2_output
93	BA-Fecal	workflow/out/midas2_output
94	E5-e004Assembly-mGAM-p7	workflow/out/midas2_output
95	C11-e003Assembly-mGAM-p3	workflow/out/midas2_output
96	B5-e004Assembly-mBHI-p3	workflow/out/midas2_output
97	A5-e003Coalescence-mBHI-p5	workflow/out/midas2_output
98	C5-e003Coalescence-mGAM-p3	workflow/out/midas2_output
99	B4-e003Coalescence-Inoculumn-mGAM	workflow/out/midas2_output
100	C11-e003Coalescence-mBHI-p5	workflow/out/midas2_output
101	E3-e004Assembly-mGAM-p7	workflow/out/midas2_output
102	B2-e003Assembly-mBHI-p3	workflow/out/midas2_output
103	D5-e003Coalescence-mGAM-p7	workflow/out/midas2_output
104	F4-e004Assembly-epsilon-p3	workflow/out/midas2_output
105	C5-e003Coalescence-mBHI-inoculumn-redo	workflow/out/midas2_output
106	G3-e004Assembly-epsilon-p7	workflow/out/midas2_output
107	B5-e003Coalescence-mBHI-p7	workflow/out/midas2_output
108	A5-e003Coalescence-mGAM-p5	workflow/out/midas2_output
109	A9-e003Coalescence-mBHI-p3	workflow/out/midas2_output
110	F5-e004Assembly-epsilon-p3	workflow/out/midas2_output
111	AG-Fecal	workflow/out/midas2_output
112	e003-inoculumn-fecal-AC	workflow/out/midas2_output
113	B10-e003GlycerolRevival-mGAM-p2	workflow/out/midas2_output
114	A11-e003Coalescence-mBHI-p5	workflow/out/midas2_output
115	A8-e003Coalescence-mBHI-p5	workflow/out/midas2_output
116	C4-e003Assembly-mBHI-p5	workflow/out/midas2_output
117	C5-e003Coalescence-mBHI-p3	workflow/out/midas2_output
118	D2-e003Coalescence-Inoculumn-mBHI	workflow/out/midas2_output
119	D3-e004Assembly-mGAM-p5	workflow/out/midas2_output
120	A4-e003Coalescence-mGAM-p5	workflow/out/midas2_output
121	C11-e003Coalescence-mGAM-p5	workflow/out/midas2_output
122	e004-inoculumn-fecal-BD	workflow/out/midas2_output
123	D10-e003Coalescence-mGAM-p3	workflow/out/midas2_output
124	E3-e004Assembly-mGAM-p3	workflow/out/midas2_output
125	C3-e003Coalescence-mGAM-p5	workflow/out/midas2_output
126	D9-e003Coalescence-mBHI-p7	workflow/out/midas2_output
127	B10-e003Assembly-mGAM-p3	workflow/out/midas2_output
128	D3-e003Coalescence-Inoculumn-mGAM	workflow/out/midas2_output
129	e003-inoculumn-fecal-inoculumn	workflow/out/midas2_output
130	B3-e003Coalescence-mBHI-p7	workflow/out/midas2_output
131	C9-e003Coalescence-mBHI-p3	workflow/out/midas2_output
132	C2-e004Assembly-mBHI-p3	workflow/out/midas2_output
133	A11-e003Coalescence-mGAM-p7	workflow/out/midas2_output
134	D11-e003Coalescence-mGAM-p7	workflow/out/midas2_output
135	E4-e004Assembly-mGAM-p5	workflow/out/midas2_output
136	D5-e003Coalescence-mGAM-p3	workflow/out/midas2_output
137	A5-e003Coalescence-mBHI-p7	workflow/out/midas2_output
138	D5-e004Assembly-mGAM-p7	workflow/out/midas2_output
139	A4-e003Coalescence-mBHI-p3	workflow/out/midas2_output
140	C2-e003Coalescence-mGAM-p5	workflow/out/midas2_output
141	B5-e004Assembly-mBHI-p7	workflow/out/midas2_output
142	BB-Fecal	workflow/out/midas2_output
143	D4-e003Coalescence-mGAM-p5	workflow/out/midas2_output
144	B5-e003Coalescence-Inoculumn-mBHI	workflow/out/midas2_output
145	B4-e003Coalescence-mGAM-p5	workflow/out/midas2_output
146	A5-e003Coalescence-Inoculumn-mBHI	workflow/out/midas2_output
147	C8-e003Assembly-mGAM-p5	workflow/out/midas2_output
148	B10-e003Coalescence-mBHI-p3	workflow/out/midas2_output
149	C2-e004Assembly-mBHI-p7	workflow/out/midas2_output
150	A2-e003Coalescence-Inoculumn-mGAM	workflow/out/midas2_output
151	D11-e003Coalescence-mBHI-p5	workflow/out/midas2_output
152	C4-e003Coalescence-mBHI-p5	workflow/out/midas2_output
153	B2-e004Assembly-mBHI-p5	workflow/out/midas2_output
154	C10-e003Assembly-mGAM-p3	workflow/out/midas2_output
155	C3-e003Coalescence-Inoculumn-mGAM	workflow/out/midas2_output
156	A4-e003Coalescence-mBHI-inoculumn-redo	workflow/out/midas2_output
157	C3-e003Coalescence-mBHI-p3	workflow/out/midas2_output
158	A10-e003Coalescence-mBHI-p3	workflow/out/midas2_output
159	A9-e003Coalescence-mGAM-p7	workflow/out/midas2_output
160	C10-e003Coalescence-mGAM-p7	workflow/out/midas2_output
161	F3-e004Assembly-epsilon-p3	workflow/out/midas2_output
162	C4-e003Coalescence-mBHI-inoculumn-redo	workflow/out/midas2_output
163	B9-e003Coalescence-mBHI-p3	workflow/out/midas2_output
164	A3-e003Coalescence-mGAM-p7	workflow/out/midas2_output
165	C11-e003Assembly-mGAM-p5	workflow/out/midas2_output
166	D5-e003Coalescence-Inoculumn-mBHI	workflow/out/midas2_output
167	D4-e003Coalescence-mBHI-p3	workflow/out/midas2_output
168	F2-e004Assembly-epsilon-p3	workflow/out/midas2_output
169	B2-e003Coalescence-Inoculumn-mBHI	workflow/out/midas2_output
170	C4-e004Assembly-mBHI-p5	workflow/out/midas2_output
171	C9-e003Coalescence-mGAM-p7	workflow/out/midas2_output
172	D4-e003Coalescence-mBHI-p7	workflow/out/midas2_output
173	B8-e003Coalescence-mBHI-p5	workflow/out/midas2_output
174	e003-inoculumn-fecal-AF	workflow/out/midas2_output
175	D3-e004Assembly-mGAM-p7	workflow/out/midas2_output
176	C3-e003Coalescence-mBHI-p7	workflow/out/midas2_output
177	C8-e003GlycerolRevival-mGAM-p2	workflow/out/midas2_output
178	B3-e004Assembly-mBHI-p7	workflow/out/midas2_output
179	E4-e004Assembly-mGAM-p7	workflow/out/midas2_output
180	e004-inoculumn-fecal-BE	workflow/out/midas2_output
181	B10-e003Assembly-mGAM-p5	workflow/out/midas2_output
182	B2-e003Coalescence-mGAM-p7	workflow/out/midas2_output
183	B9-e003Assembly-mGAM-p5	workflow/out/midas2_output
184	G2-e004Assembly-epsilon-p5	workflow/out/midas2_output
185	A11-e003Coalescence-mGAM-p3	workflow/out/midas2_output
186	C3-e003Assembly-mBHI-p5	workflow/out/midas2_output
187	E5-e004Assembly-mGAM-p5	workflow/out/midas2_output
188	C5-e003Coalescence-mBHI-p5	workflow/out/midas2_output
189	C11-e003Coalescence-mBHI-p3	workflow/out/midas2_output
190	B2-e003Coalescence-mGAM-p3	workflow/out/midas2_output
191	B8-e003Assembly-mGAM-p3	workflow/out/midas2_output
192	BK-Fecal	workflow/out/midas2_output
193	A3-e003Coalescence-Inoculumn-mGAM	workflow/out/midas2_output
194	A3-e003Coalescence-mBHI-p7	workflow/out/midas2_output
195	B5-e003Coalescence-Inoculumn-mGAM	workflow/out/midas2_output
196	C5-e003Assembly-mBHI-p5	workflow/out/midas2_output
197	C4-e003Coalescence-mGAM-p7	workflow/out/midas2_output
198	D11-e003Assembly-mGAM-p3	workflow/out/midas2_output
199	B3-e003Coalescence-Inoculumn-mGAM	workflow/out/midas2_output
200	D3-e003Assembly-mBHI-p5	workflow/out/midas2_output
201	B8-e003Assembly-mGAM-p5	workflow/out/midas2_output
202	D10-e003Coalescence-mBHI-p3	workflow/out/midas2_output
203	A12-e003Coalescence-mGAM-p3	workflow/out/midas2_output
204	C12-e003Coalescence-mBHI-p3	workflow/out/midas2_output
205	A8-e003Coalescence-mBHI-p7	workflow/out/midas2_output
206	B5-e003Coalescence-mBHI-p3	workflow/out/midas2_output
207	D5-e004Assembly-mGAM-p3	workflow/out/midas2_output
208	C4-e003Coalescence-mBHI-p3	workflow/out/midas2_output
209	C8-e003Coalescence-mBHI-p7	workflow/out/midas2_output
210	B4-e003Coalescence-mBHI-p3	workflow/out/midas2_output
211	E2-e004Assembly-mGAM-p7	workflow/out/midas2_output
212	D9-e003Coalescence-mGAM-p7	workflow/out/midas2_output
213	A2-e003Coalescence-mBHI-p3	workflow/out/midas2_output
214	C9-e003Assembly-mGAM-p5	workflow/out/midas2_output
215	D3-e003Coalescence-mGAM-p3	workflow/out/midas2_output
216	G3-e004Assembly-epsilon-p5	workflow/out/midas2_output
217	B10-e003Coalescence-mGAM-p3	workflow/out/midas2_output
218	E5-e004Assembly-mGAM-p3	workflow/out/midas2_output
219	C4-e003GlycerolRevival-mBHI-p2	workflow/out/midas2_output
220	D2-e003Assembly-mBHI-p3	workflow/out/midas2_output
221	D10-e003Coalescence-mBHI-p5	workflow/out/midas2_output
222	C8-e003Coalescence-mGAM-p7	workflow/out/midas2_output
223	D2-e004Assembly-mGAM-p5	workflow/out/midas2_output
224	D12-e003Coalescence-mBHI-p3	workflow/out/midas2_output
225	D5-e003Coalescence-mBHI-p3	workflow/out/midas2_output
226	G2-e004Assembly-epsilon-p7	workflow/out/midas2_output
227	B3-e003Coalescence-Inoculumn-mBHI	workflow/out/midas2_output
228	D4-e003Coalescence-mGAM-p7	workflow/out/midas2_output
229	A2-e003Coalescence-mBHI-inoculumn-redo	workflow/out/midas2_output
230	F4-e004Assembly-epsilon-p5	workflow/out/midas2_output
231	G5-e004Assembly-epsilon-p5	workflow/out/midas2_output
232	G5-e004Assembly-epsilon-p3	workflow/out/midas2_output
233	B10-e003Coalescence-mBHI-p5	workflow/out/midas2_output
234	D5-e004Assembly-mGAM-p5	workflow/out/midas2_output
235	D8-e003Assembly-mGAM-p3	workflow/out/midas2_output
236	D4-e004Assembly-mGAM-p7	workflow/out/midas2_output
237	E3-e004Assembly-mGAM-p5	workflow/out/midas2_output
238	C5-e003Coalescence-Inoculumn-mGAM	workflow/out/midas2_output
239	A10-e003Coalescence-mBHI-p7	workflow/out/midas2_output
240	C4-e003Coalescence-mGAM-p3	workflow/out/midas2_output
241	C4-e003Assembly-mBHI-p3	workflow/out/midas2_output
242	B3-e003Assembly-mBHI-p3	workflow/out/midas2_output
243	B2-e003Coalescence-mBHI-p7	workflow/out/midas2_output
244	C10-e003Coalescence-mGAM-p3	workflow/out/midas2_output
245	D4-e004Assembly-mGAM-p5	workflow/out/midas2_output
246	F3-e004Assembly-epsilon-p7	workflow/out/midas2_output
247	D9-e003Coalescence-mGAM-p3	workflow/out/midas2_output
248	B4-e003Assembly-mBHI-p3	workflow/out/midas2_output
249	A9-e003Coalescence-mGAM-p5	workflow/out/midas2_output
250	C9-e003Coalescence-mBHI-p7	workflow/out/midas2_output
251	D5-e003Coalescence-mBHI-p7	workflow/out/midas2_output
252	G2-e004Assembly-epsilon-p3	workflow/out/midas2_output
253	D4-e003Coalescence-mGAM-p3	workflow/out/midas2_output
254	A11-e003Coalescence-mBHI-p7	workflow/out/midas2_output
255	e003-inoculumn-fecal-AE	workflow/out/midas2_output
256	B5-e004Assembly-mBHI-p5	workflow/out/midas2_output
257	C5-e004Assembly-mBHI-p7	workflow/out/midas2_output
258	E2-e004Assembly-mGAM-p5	workflow/out/midas2_output
259	B11-e003Coalescence-mGAM-p7	workflow/out/midas2_output
260	D3-e003Assembly-mBHI-p3	workflow/out/midas2_output
261	B4-e003Assembly-mBHI-p5	workflow/out/midas2_output
262	e004-inoculumn-fecal-AK	workflow/out/midas2_output
263	D3-e003Coalescence-mGAM-p5	workflow/out/midas2_output
264	A2-e003Coalescence-mGAM-p7	workflow/out/midas2_output
265	F3-e004Assembly-epsilon-p5	workflow/out/midas2_output
266	C4-e004Assembly-mBHI-p7	workflow/out/midas2_output
267	D11-e003Assembly-mGAM-p5	workflow/out/midas2_output
268	D8-e003Coalescence-mGAM-p5	workflow/out/midas2_output
269	C10-e003Coalescence-mBHI-p5	workflow/out/midas2_output
270	A8-e003Coalescence-mBHI-p3	workflow/out/midas2_output
271	A3-e003Coalescence-mGAM-p3	workflow/out/midas2_output
272	B8-e003Coalescence-mGAM-p5	workflow/out/midas2_output
273	C5-e004Assembly-mBHI-p3	workflow/out/midas2_output
274	B12-e003Coalescence-mGAM-p3	workflow/out/midas2_output
275	B11-e003Coalescence-mGAM-p3	workflow/out/midas2_output
276	C8-e003Coalescence-mBHI-p5	workflow/out/midas2_output
277	B3-e003Coalescence-mBHI-p3	workflow/out/midas2_output
278	A4-e003Coalescence-mGAM-p3	workflow/out/midas2_output
279	C2-e003Assembly-mBHI-p5	workflow/out/midas2_output
280	C4-e003Coalescence-Inoculumn-mGAM	workflow/out/midas2_output
281	B4-e003Coalescence-Inoculumn-mBHI	workflow/out/midas2_output
282	D2-e004Assembly-mGAM-p3	workflow/out/midas2_output
283	D10-e003Coalescence-mGAM-p5	workflow/out/midas2_output
284	B8-e003Coalescence-mGAM-p7	workflow/out/midas2_output
285	BC-Fecal	workflow/out/midas2_output
286	A4-e003Coalescence-mBHI-p5	workflow/out/midas2_output
287	e004-inoculumn-fecal-AR	workflow/out/midas2_output
288	B2-e003Coalescence-mBHI-p5	workflow/out/midas2_output
289	D5-e003Coalescence-Inoculumn-mGAM	workflow/out/midas2_output
290	D4-e003Coalescence-mBHI-p5	workflow/out/midas2_output
291	D2-e003Assembly-mBHI-p5	workflow/out/midas2_output
292	B2-e004Assembly-mBHI-p7	workflow/out/midas2_output
293	D11-e003Coalescence-mGAM-p3	workflow/out/midas2_output
294	B9-e003Coalescence-mBHI-p7	workflow/out/midas2_output
295	A10-e003Coalescence-mGAM-p3	workflow/out/midas2_output
296	C5-e003Coalescence-mGAM-p5	workflow/out/midas2_output
297	B9-e003Coalescence-mGAM-p7	workflow/out/midas2_output
298	A3-e003Coalescence-mBHI-p3	workflow/out/midas2_output
299	C2-e003Coalescence-mGAM-p7	workflow/out/midas2_output
300	A5-e003Coalescence-mGAM-p3	workflow/out/midas2_output
301	B5-e003Coalescence-mGAM-p7	workflow/out/midas2_output
302	G3-e004Assembly-epsilon-p3	workflow/out/midas2_output
303	D4-e004Assembly-mGAM-p3	workflow/out/midas2_output
304	A10-e003Coalescence-mGAM-p7	workflow/out/midas2_output
305	A3-e003Coalescence-mBHI-p5	workflow/out/midas2_output
306	D3-e003Coalescence-Inoculumn-mBHI	workflow/out/midas2_output
307	C11-e003Coalescence-mGAM-p7	workflow/out/midas2_output
308	F2-e004Assembly-epsilon-p7	workflow/out/midas2_output
309	D2-e004Assembly-mGAM-p7	workflow/out/midas2_output
310	A2-e003Coalescence-mGAM-p5	workflow/out/midas2_output
311	C5-e003GlycerolRevival-mBHI-p2	workflow/out/midas2_output
312	A9-e003Coalescence-mBHI-p5	workflow/out/midas2_output
313	C3-e004Assembly-mBHI-p7	workflow/out/midas2_output
314	B4-e003Coalescence-mBHI-p5	workflow/out/midas2_output
315	A5-e003Coalescence-mBHI-p3	workflow/out/midas2_output
316	A8-e003Coalescence-mGAM-p7	workflow/out/midas2_output
317	B5-e003Coalescence-mGAM-p5	workflow/out/midas2_output
318	C2-e003Coalescence-Inoculumn-mGAM	workflow/out/midas2_output
319	D9-e003Coalescence-mBHI-p5	workflow/out/midas2_output
320	C3-e003Coalescence-mGAM-p7	workflow/out/midas2_output
321	B4-e004Assembly-mBHI-p3	workflow/out/midas2_output
322	B2-e003Assembly-mBHI-p5	workflow/out/midas2_output
323	D8-e003Assembly-mGAM-p5	workflow/out/midas2_output
324	E4-e004Assembly-mGAM-p3	workflow/out/midas2_output
325	D10-e003Coalescence-mGAM-p7	workflow/out/midas2_output
326	G4-e004Assembly-epsilon-p3	workflow/out/midas2_output
327	A2-e003Coalescence-mBHI-p5	workflow/out/midas2_output
328	D10-e003Coalescence-mBHI-p7	workflow/out/midas2_output
329	D5-e003Coalescence-mBHI-p5	workflow/out/midas2_output
330	A2-e003Coalescence-Inoculumn-mBHI	workflow/out/midas2_output
