Study_Description,BioSample_ID,BioSample_Description,Sample_ID,Sample_Name,Sample_Owner,Index_ID,Index,Index2_ID,Index2,Organism
Explore community assembly from human fecal samples. ,Anaerobic Culture from Human Fecal Sample,PP1_0819_SW_0,PP1_0819,Sophie_Walton,UDP0009-i7,GACTGAGTAG,UDP0009-i5,CACTATCAAC,Human gut microbes,
Explore community assembly from human fecal samples. ,Anaerobic Culture from Human Fecal Sample,AA2_0819_SW_1,AA2_0819,Sophie_Walton,UDP0017-i7,GAGAATGGTT,UDP0017-i5,TTGCTGCCGA,Human gut microbes,
Explore community assembly from human fecal samples. ,Anaerobic Culture from Human Fecal Sample,AA1_0819_SW_2,AA1_0819,Sophie_Walton,UDP0025-i7,AACCATAGAA,UDP0025-i5,CCATCTCGCC,Human gut microbes,
Explore community assembly from human fecal samples. ,Anaerobic Culture from Human Fecal Sample,PP2_0826_SW_3,PP2_0826,Sophie_Walton,UDP0033-i7,TGATTATACG,UDP0033-i5,TGTAATCGAC,Human gut microbes,
Explore community assembly from human fecal samples. ,Anaerobic Culture from Human Fecal Sample,AA1_0826_SW_4,AA1_0826,Sophie_Walton,UDP0057-i7,TCTATCCTAA,UDP0057-i5,CCAGTCGACG,Human gut microbes,
Explore community assembly from human fecal samples. ,Anaerobic Culture from Human Fecal Sample,PP2_0828_SW_5,PP2_0828,Sophie_Walton,UDP0065-i7,TAATGTGTCT,UDP0065-i5,TATGCCTTAC,Human gut microbes,
Explore community assembly from human fecal samples. ,Anaerobic Culture from Human Fecal Sample,PP1_0828_SW_6,PP1_0828,Sophie_Walton,UDP0073-i7,CCTGCGGAAC,UDP0073-i5,AGCCTATGAT,Human gut microbes,
Explore community assembly from human fecal samples. ,Anaerobic Culture from Human Fecal Sample,AA1_0828_SW_7,AA1_0828,Sophie_Walton,UDP0089-i7,GTCCGTAAGC,UDP0089-i5,AAGATACACG,Human gut microbes,
Explore community assembly from human fecal samples. ,Anaerobic Culture from Human Fecal Sample,PP2_0729_SW_8,PP2_0729,Sophie_Walton,UDP0010-i7,AGTCAGACGA,UDP0010-i5,TGTCGCTGGT,Human gut microbes,
Explore community assembly from human fecal samples. ,Anaerobic Culture from Human Fecal Sample,PP2_0802_SW_9,PP2_0802,Sophie_Walton,UDP0034-i7,CAGCCGCGTA,UDP0034-i5,CACGGCTAGT,Human gut microbes,
Explore community assembly from human fecal samples. ,Anaerobic Culture from Human Fecal Sample,PP1_0822_SW_10,PP1_0822,Sophie_Walton,UDP0050-i7,GACACCATGT,UDP0050-i5,TACACGTTGA,Human gut microbes,
Explore community assembly from human fecal samples. ,Anaerobic Culture from Human Fecal Sample,AA1_0822_SW_11,AA1_0822,Sophie_Walton,UDP0066-i7,ATACCAACGC,UDP0066-i5,CGCAGCAATT,Human gut microbes,
Explore community assembly from human fecal samples. ,Anaerobic Culture from Human Fecal Sample,PP1_0830_SW_12,PP1_0830,Sophie_Walton,UDP0082-i7,ACCGTTACAA,UDP0082-i5,TCGCTATGAG,Human gut microbes,
Explore community assembly from human fecal samples. ,Anaerobic Culture from Human Fecal Sample,AA1_0830_SW_13,AA1_0830,Sophie_Walton,UDP0003-i7,CGTCTCATAT,UDP0003-i5,AGCTACTATA,Human gut microbes,
Explore community assembly from human fecal samples. ,Anaerobic Culture from Human Fecal Sample,AA2_0830_SW_14,AA2_0830,Sophie_Walton,UDP0011-i7,CCGTATGTTC,UDP0011-i5,ACAGTGTATG,Human gut microbes,
Explore community assembly from human fecal samples. ,Anaerobic Culture from Human Fecal Sample,PP2_0806_SW_15,PP2_0806,Sophie_Walton,UDP0019-i7,CCATCATTAG,UDP0019-i5,AGAGGCAACC,Human gut microbes,
Explore community assembly from human fecal samples. ,Anaerobic Culture from Human Fecal Sample,PP_powersoil_DNA_SW_16,PP_powersoil_DNA,Sophie_Walton,UDP0027-i7,TAAGCATCCA,UDP0027-i5,AATGGATTGA,Human gut microbes,
Explore community assembly from human fecal samples. ,Anaerobic Culture from Human Fecal Sample,PPS_0810_SW_17,PPS_0810,Sophie_Walton,UDP0043-i7,CCATCTCGCC,UDP0043-i5,AACCATAGAA,Human gut microbes,
Explore community assembly from human fecal samples. ,Anaerobic Culture from Human Fecal Sample,PP2_0810_SW_18,PP2_0810,Sophie_Walton,UDP0051-i7,CCTGTCTGTC,UDP0051-i5,TCACAACAGT,Human gut microbes,
Explore community assembly from human fecal samples. ,Anaerobic Culture from Human Fecal Sample,PP1_0731_SW_19,PP1_0731,Sophie_Walton,UDP0059-i7,CTGTTGGTCC,UDP0059-i5,AACGGTCTAT,Human gut microbes,
Explore community assembly from human fecal samples. ,Anaerobic Culture from Human Fecal Sample,PP2_0731_SW_20,PP2_0731,Sophie_Walton,UDP0067-i7,AGGATGTGCT,UDP0067-i5,GGAATTGTAA,Human gut microbes,
Explore community assembly from human fecal samples. ,Anaerobic Culture from Human Fecal Sample,PP1_0804_SW_21,PP1_0804,Sophie_Walton,UDP0075-i7,CTCTGCAGCG,UDP0075-i5,TACATCCATC,Human gut microbes,
Explore community assembly from human fecal samples. ,Anaerobic Culture from Human Fecal Sample,PP2_0804_SW_22,PP2_0804,Sophie_Walton,UDP0083-i7,TATGCCTTAC,UDP0083-i5,TAATGTGTCT,Human gut microbes,
Explore community assembly from human fecal samples. ,Anaerobic Culture from Human Fecal Sample,PPS_0804_SW_23,PPS_0804,Sophie_Walton,UDP0091-i7,TCAGAAGGCG,UDP0091-i5,TATGATGGCC,Human gut microbes,
Explore community assembly from human fecal samples. ,Anaerobic Culture from Human Fecal Sample,AA_0808_SW_24,AA_0808,Sophie_Walton,UDP0004-i7,ATTCCATAAG,UDP0004-i5,CCACCAGGCA,Human gut microbes,
Explore community assembly from human fecal samples. ,Anaerobic Culture from Human Fecal Sample,AA_0809_SW_25,AA_0809,Sophie_Walton,UDP0044-i7,CTGCGAGCCA,UDP0044-i5,TGGCCGGATT,Human gut microbes,
Explore community assembly from human fecal samples. ,Anaerobic Culture from Human Fecal Sample,AD_0809_SW_26,AD_0809,Sophie_Walton,UDP0060-i7,TTACCTGGAA,UDP0060-i5,CTGGAACTGT,Human gut microbes,
Explore community assembly from human fecal samples. ,Fecal Sample ,AF_0809_SW_27,AF_0809,Sophie_Walton,UDP0068-i7,CACGGAACAA,UDP0068-i5,GTGCTAGGTT,Human gut microbes,
Explore community assembly from human fecal samples. ,Anaerobic Culture from Human Fecal Sample,AJ_0809_SW_28,AJ_0809,Sophie_Walton,UDP0076-i7,CTGACTCTAC,UDP0076-i5,TGACGGCCGT,Human gut microbes,
Explore community assembly from human fecal samples. ,Anaerobic Culture from Human Fecal Sample,PP_in_BHI_0819_SW_29,PP_in_BHI_0819,Sophie_Walton,UDP0084-i7,ACAAGTGGAC,UDP0084-i5,AACATCGCGC,Human gut microbes,
Explore community assembly from human fecal samples. ,Anaerobic Culture from Human Fecal Sample,AA_in_BHI_0819_SW_30,AA_in_BHI_0819,Sophie_Walton,UDP0005-i7,GACGAGATTA,UDP0005-i5,AGGATAATGT,Human gut microbes,
Explore community assembly from human fecal samples. ,Anaerobic Culture from Human Fecal Sample,AA_in_BHI_gent_0819_SW_31,AA_in_BHI_gent_0819,Sophie_Walton,UDP0013-i7,CTTGCCATTA,UDP0013-i5,CCTTCGTGAT,Human gut microbes,
Explore community assembly from human fecal samples. ,Anaerobic Culture from Human Fecal Sample,PP2_0824_SW_32,PP2_0824,Sophie_Walton,UDP0021-i7,ATGGTTGACT,UDP0021-i5,AGGACAGGCC,Human gut microbes,
Explore community assembly from human fecal samples. ,Anaerobic Culture from Human Fecal Sample,PP1_0824_SW_33,PP1_0824,Sophie_Walton,UDP0029-i7,GCCGCACTCT,UDP0029-i5,CGAGGTCGGA,Human gut microbes,
Explore community assembly from human fecal samples. ,Anaerobic Culture from Human Fecal Sample,AA2_0824_SW_34,AA2_0824,Sophie_Walton,UDP0045-i7,CGTTATTCTA,UDP0045-i5,AACCTTATGG,Human gut microbes,
Explore community assembly from human fecal samples. ,Anaerobic Culture from Human Fecal Sample,PP1_0901_SW_35,PP1_0901,Sophie_Walton,UDP0053-i7,GGAATTGTAA,UDP0053-i5,AGGATGTGCT,Human gut microbes,
Explore community assembly from human fecal samples. ,Fecal Sample ,AA1_0901_SW_36,AA1_0901,Sophie_Walton,UDP0069-i7,TGGAGTACTT,UDP0069-i5,TCCACACAGA,Human gut microbes,
Explore community assembly from human fecal samples. ,Fecal Sample ,AA2_0901_SW_37,AA2_0901,Sophie_Walton,UDP0077-i7,TCTGGTATCC,UDP0077-i5,GTAAGCAACG,Human gut microbes,
Explore community assembly from human fecal samples. ,Fecal Sample ,PPS_0806_SW_38,PPS_0806,Sophie_Walton,UDP0085-i7,TGGTACCTAA,UDP0085-i5,AGTACTCATG,Human gut microbes,
Explore community assembly from human fecal samples. ,Fecal Sample ,PP1_0808_SW_39,PP1_0808,Sophie_Walton,UDP0093-i7,ACATATCCAG,UDP0093-i5,ATTGCACATA,Human gut microbes,
Explore community assembly from human fecal samples. ,Fecal Sample ,PP1_BHIgent_0903_SW_40,PP1_BHIgent_0903,Sophie_Walton,UDP0038-i7,GTGCAGACAG,UDP0038-i5,ACGGATGGTA,Human gut microbes,
Explore community assembly from human fecal samples. ,Fecal Sample ,AA1_BHI_0903_SW_41,AA1_BHI_0903,Sophie_Walton,UDP0062-i7,AACACTGTTA,UDP0062-i5,TGAGACTTGC,Human gut microbes,
Explore community assembly from human fecal samples. ,Fecal Sample ,AA1_BHIgent_0903_SW_42,AA1_BHIgent_0903,Sophie_Walton,UDP0070-i7,GTATTGACGT,UDP0070-i5,TTGGAATTCC,Human gut microbes,
Explore community assembly from human fecal samples. ,Fecal Sample ,PP2_0808_SW_43,PP2_0808,Sophie_Walton,UDP0078-i7,CATTAGTGCG,UDP0078-i5,TATGTAGTCA,Human gut microbes,
Explore community assembly from human fecal samples. ,Fecal Sample ,AA2_BHI_0903_SW_44,AA2_BHI_0903,Sophie_Walton,UDP0086-i7,TTGGAATTCC,UDP0086-i5,GTATTGACGT,Human gut microbes,
Explore community assembly from human fecal samples. ,Fecal Sample ,PP1_BHIgent_0824_SW_45,PP1_BHIgent_0824,Sophie_Walton,UDP0015-i7,TCCATTGCCG,UDP0015-i5,TCGTGCATTC,Human gut microbes,
Explore community assembly from human fecal samples. ,Anaerobic Culture from Human Fecal Sample,PP2_BHI_0824_SW_46,PP2_BHI_0824,Sophie_Walton,UDP0023-i7,ACGCCTTGTT,UDP0023-i5,ACGTTCCTTA,Human gut microbes,
Explore community assembly from human fecal samples. ,Anaerobic Culture from Human Fecal Sample,PP2_BHIgent_0824_SW_47,PP2_BHIgent_0824,Sophie_Walton,UDP0031-i7,GTGACACGCA,UDP0031-i5,GTCCGTAAGC,Human gut microbes,
Explore community assembly from human fecal samples. ,Anaerobic Culture from Human Fecal Sample,AA1_BHI_0824_SW_48,AA1_BHI_0824,Sophie_Walton,UDP0039-i7,CAATCGGCTG,UDP0039-i5,TTCCTACAGC,Human gut microbes,
Explore community assembly from human fecal samples. ,Anaerobic Culture from Human Fecal Sample,AA1_BHIgent_0824_SW_49,AA1_BHIgent_0824,Sophie_Walton,UDP0047-i7,GTCCTGGATA,UDP0047-i5,TTCGCCACCG,Human gut microbes,
Explore community assembly from human fecal samples. ,Anaerobic Culture from Human Fecal Sample,PPS_0808_SW_50,PPS_0808,Sophie_Walton,UDP0063-i7,ATTGCGCGGT,UDP0063-i5,GCGGAGCCAA,Human gut microbes,
Explore community assembly from human fecal samples. ,Anaerobic Culture from Human Fecal Sample,PP1_0810_SW_51,PP1_0810,Sophie_Walton,UDP0071-i7,CTTGTACACC,UDP0071-i5,AAGCGCGCTT,Human gut microbes,
Explore community assembly from human fecal samples. ,Anaerobic Culture from Human Fecal Sample,PP1_0729_SW_52,PP1_0729,Sophie_Walton,UDP0079-i7,ACGGTCAGGA,UDP0079-i5,AACGAGGCCG,Human gut microbes,
Explore community assembly from human fecal samples. ,Anaerobic Culture from Human Fecal Sample,PP2_0729_SW_53,PP2_0729,Sophie_Walton,UDP0087-i7,CCTCTACATG,UDP0087-i5,AGGAGGTATC,Human gut microbes,
Explore community assembly from human fecal samples. ,Anaerobic Culture from Human Fecal Sample,PP2_0802_SW_54,PP2_0802,Sophie_Walton,UDP0016-i7,CGGTTACGGC,UDP0016-i5,CTATAGTCTT,Human gut microbes,
Explore community assembly from human fecal samples. ,Anaerobic Culture from Human Fecal Sample,PPS_0802_SW_55,PPS_0802,Sophie_Walton,UDP0024-i7,TTCTACATAC,UDP0024-i5,TTACAGTTAG,Human gut microbes,
Explore community assembly from human fecal samples. ,Anaerobic Culture from Human Fecal Sample,PP1_0822_SW_56,PP1_0822,Sophie_Walton,UDP0032-i7,ACAGTGTATG,UDP0032-i5,CCGTATGTTC,Human gut microbes,
Explore community assembly from human fecal samples. ,Anaerobic Culture from Human Fecal Sample,AL_tubea_SW_57,AL_tubea,Sophie_Walton,UDP0048-i7,CAGTGGCACT,UDP0048-i5,CCTATTGTTA,Human gut microbes,
Explore community assembly from human fecal samples. ,Anaerobic Culture from Human Fecal Sample,AE_SW_58,AE,Sophie_Walton,UDP0056-i7,AACGCACGAG,UDP0056-i5,TATCCGAGGC,Human gut microbes,
Explore community assembly from human fecal samples. ,Anaerobic Culture from Human Fecal Sample,AD_SW_59,AD,Sophie_Walton,UDP0064-i7,TGGCGCGAAC,UDP0064-i5,AGTATCAGTT,Human gut microbes,
Explore community assembly from human fecal samples. ,Fecal Sample ,PP_AC_inPowersoil_1007_SW_60,PP_AC_inPowersoil_1007,Sophie_Walton,UDP0072-i7,ACACAGGTGG,UDP0072-i5,ACAACGCTCA,Human gut microbes,
Explore community assembly from human fecal samples. ,Fecal Sample ,AA_powersoil_01312023_SW_61,AA_powersoil_01312023,Sophie_Walton,UDP0097-i7,TGCCGGTCAG,UDP0097-i5,TTGTATCAGG,Human gut microbes,
Explore community assembly from human fecal samples. ,Fecal Sample ,AB_powersoil_01312023_SW_62,AB_powersoil_01312023,Sophie_Walton,UDP0105-i7,CAGCAATCGT,UDP0105-i5,ATACATCACA,Human gut microbes,
Explore community assembly from human fecal samples. ,Anaerobic Culture from Human Fecal Sample,AD_powersoil_01312023_SW_63,AD_powersoil_01312023,Sophie_Walton,UDP0113-i7,GAATTACAAG,UDP0113-i5,CTGAGCCGGT,Human gut microbes,
Explore community assembly from human fecal samples. ,Anaerobic Culture from Human Fecal Sample,AE_powersoil_01312023_SW_64,AE_powersoil_01312023,Sophie_Walton,UDP0121-i7,AGAGAACCTA,UDP0121-i5,TAGCATAACC,Human gut microbes,
Explore community assembly from human fecal samples. ,Anaerobic Culture from Human Fecal Sample,AF_powersoil_01312023_SW_65,AF_powersoil_01312023,Sophie_Walton,UDP0129-i7,TCTAGGCGCG,UDP0129-i5,TTAACCTTCG,Human gut microbes,
Explore community assembly from human fecal samples. ,Anaerobic Culture from Human Fecal Sample,AJ_powersoil_01312023_SW_66,AJ_powersoil_01312023,Sophie_Walton,UDP0137-i7,CCGGTTCCTA,UDP0137-i5,CTCGAATATA,Human gut microbes,
Explore community assembly from human fecal samples. ,Anaerobic Culture from Human Fecal Sample,AL_powersoil_01312023_SW_67,AL_powersoil_01312023,Sophie_Walton,UDP0145-i7,TATGATGGCC,UDP0145-i5,TATGACAATC,Human gut microbes,
Explore community assembly from human fecal samples. ,Anaerobic Culture from Human Fecal Sample,PP_AC_inPowersoil_1007_SW_68,PP_AC_inPowersoil_1007,Sophie_Walton,UDP0153-i7,CCACGCTGAA,UDP0153-i5,CTGAGGAATA,Human gut microbes,
Explore community assembly from human fecal samples. ,Anaerobic Culture from Human Fecal Sample,PPin_0903_SW_69,PPin_0903,Sophie_Walton,UDP0098-i7,CACTCAATTC,UDP0098-i5,CACAACTTAA,Human gut microbes,
Explore community assembly from human fecal samples. ,Anaerobic Culture from Human Fecal Sample,AAin_0903_SW_70,AAin_0903,Sophie_Walton,UDP0106-i7,TTCTGTAGAA,UDP0106-i5,TATTGCGCTC,Human gut microbes,
Explore community assembly from human fecal samples. ,Anaerobic Culture from Human Fecal Sample,PP_in_evi001_SW_71,PP_in_evi001,Sophie_Walton,UDP0114-i7,TAGAATTGGA,UDP0114-i5,TCAGATTAAC,Human gut microbes,
Explore community assembly from human fecal samples. ,Anaerobic Culture from Human Fecal Sample,AA_0808_SW_72,AA_0808,Sophie_Walton,UDP0122-i7,GATATTGTGT,UDP0122-i5,ACCGTGTGGT,Human gut microbes,
Explore community assembly from human fecal samples. ,Anaerobic Culture from Human Fecal Sample,AB_0808_SW_73,AB_0808,Sophie_Walton,UDP0130-i7,ATAGCCAAGA,UDP0130-i5,CAGTGGCACT,Human gut microbes,
Explore community assembly from human fecal samples. ,Anaerobic Culture from Human Fecal Sample,AD_0808_SW_74,AD_0808,Sophie_Walton,UDP0138-i7,GGCCAATATT,UDP0138-i5,TATCGGACCG,Human gut microbes,
Explore community assembly from human fecal samples. ,Anaerobic Culture from Human Fecal Sample,AF_tube_b0808_SW_75,AF_tube_b0808,Sophie_Walton,UDP0146-i7,CGCAGCAATT,UDP0146-i5,ATAGCGGAAT,Human gut microbes,
Explore community assembly from human fecal samples. ,Anaerobic Culture from Human Fecal Sample,AJ_0808_SW_76,AJ_0808,Sophie_Walton,UDP0154-i7,GTTCGGAGTT,UDP0154-i5,TCAGAAGGCG,Human gut microbes,