,s1,s2,fixed_diffs,num_sites,Species
0,A3-e003Coalescence-Inoculumn-mGAM,A5-e003Coalescence-Inoculumn-mGAM,14398,816153,102057
1,A3-e003Coalescence-Inoculumn-mGAM,B2-e003Coalescence-Inoculumn-mGAM,11,824960,102057
2,A3-e003Coalescence-Inoculumn-mGAM,B3-e003Coalescence-Inoculumn-mGAM,3,869979,102057
3,A3-e003Coalescence-Inoculumn-mGAM,B4-e003Coalescence-Inoculumn-mGAM,4,870795,102057
4,A3-e003Coalescence-Inoculumn-mGAM,B5-e003Coalescence-Inoculumn-mGAM,416,868679,102057
5,A3-e003Coalescence-Inoculumn-mGAM,C3-e003Coalescence-Inoculumn-mGAM,5,834874,102057
6,A3-e003Coalescence-Inoculumn-mGAM,C5-e003Coalescence-Inoculumn-mGAM,14795,834110,102057
7,A3-e003Coalescence-Inoculumn-mGAM,D2-e003Coalescence-Inoculumn-mGAM,14210,805597,102057
8,A3-e003Coalescence-Inoculumn-mGAM,D3-e003Coalescence-Inoculumn-mGAM,126,874922,102057
9,A3-e003Coalescence-Inoculumn-mGAM,D5-e003Coalescence-Inoculumn-mGAM,14623,827954,102057
10,A5-e003Coalescence-Inoculumn-mGAM,A3-e003Coalescence-Inoculumn-mGAM,14401,816153,102057
11,A5-e003Coalescence-Inoculumn-mGAM,B2-e003Coalescence-Inoculumn-mGAM,23103,1268063,102057
12,A5-e003Coalescence-Inoculumn-mGAM,B3-e003Coalescence-Inoculumn-mGAM,24686,1340506,102057
13,A5-e003Coalescence-Inoculumn-mGAM,B4-e003Coalescence-Inoculumn-mGAM,24807,1346159,102057
14,A5-e003Coalescence-Inoculumn-mGAM,B5-e003Coalescence-Inoculumn-mGAM,645,1457170,102057
15,A5-e003Coalescence-Inoculumn-mGAM,C3-e003Coalescence-Inoculumn-mGAM,23755,1290433,102057
16,A5-e003Coalescence-Inoculumn-mGAM,C5-e003Coalescence-Inoculumn-mGAM,18,1467750,102057
17,A5-e003Coalescence-Inoculumn-mGAM,D2-e003Coalescence-Inoculumn-mGAM,0,1407449,102057
18,A5-e003Coalescence-Inoculumn-mGAM,D3-e003Coalescence-Inoculumn-mGAM,1310,1459380,102057
19,A5-e003Coalescence-Inoculumn-mGAM,D5-e003Coalescence-Inoculumn-mGAM,0,1454312,102057
20,B2-e003Coalescence-Inoculumn-mGAM,A3-e003Coalescence-Inoculumn-mGAM,11,824960,102057
21,B2-e003Coalescence-Inoculumn-mGAM,A5-e003Coalescence-Inoculumn-mGAM,23109,1268063,102057
22,B2-e003Coalescence-Inoculumn-mGAM,B3-e003Coalescence-Inoculumn-mGAM,1,1348177,102057
23,B2-e003Coalescence-Inoculumn-mGAM,B4-e003Coalescence-Inoculumn-mGAM,6,1351211,102057
24,B2-e003Coalescence-Inoculumn-mGAM,B5-e003Coalescence-Inoculumn-mGAM,909,1349424,102057
25,B2-e003Coalescence-Inoculumn-mGAM,C3-e003Coalescence-Inoculumn-mGAM,6,1294670,102057
26,B2-e003Coalescence-Inoculumn-mGAM,C5-e003Coalescence-Inoculumn-mGAM,23695,1296562,102057
27,B2-e003Coalescence-Inoculumn-mGAM,D2-e003Coalescence-Inoculumn-mGAM,22652,1245869,102057
28,B2-e003Coalescence-Inoculumn-mGAM,D3-e003Coalescence-Inoculumn-mGAM,327,1362489,102057
29,B2-e003Coalescence-Inoculumn-mGAM,D5-e003Coalescence-Inoculumn-mGAM,23330,1284190,102057
30,B3-e003Coalescence-Inoculumn-mGAM,A3-e003Coalescence-Inoculumn-mGAM,3,869979,102057
31,B3-e003Coalescence-Inoculumn-mGAM,A5-e003Coalescence-Inoculumn-mGAM,24696,1340506,102057
32,B3-e003Coalescence-Inoculumn-mGAM,B2-e003Coalescence-Inoculumn-mGAM,1,1348177,102057
33,B3-e003Coalescence-Inoculumn-mGAM,B4-e003Coalescence-Inoculumn-mGAM,0,1430778,102057
34,B3-e003Coalescence-Inoculumn-mGAM,B5-e003Coalescence-Inoculumn-mGAM,997,1427530,102057
35,B3-e003Coalescence-Inoculumn-mGAM,C3-e003Coalescence-Inoculumn-mGAM,0,1369407,102057
36,B3-e003Coalescence-Inoculumn-mGAM,C5-e003Coalescence-Inoculumn-mGAM,25300,1370875,102057
37,B3-e003Coalescence-Inoculumn-mGAM,D2-e003Coalescence-Inoculumn-mGAM,24215,1317739,102057
38,B3-e003Coalescence-Inoculumn-mGAM,D3-e003Coalescence-Inoculumn-mGAM,281,1442393,102057
39,B3-e003Coalescence-Inoculumn-mGAM,D5-e003Coalescence-Inoculumn-mGAM,25007,1359739,102057
40,B4-e003Coalescence-Inoculumn-mGAM,A3-e003Coalescence-Inoculumn-mGAM,4,870795,102057
41,B4-e003Coalescence-Inoculumn-mGAM,A5-e003Coalescence-Inoculumn-mGAM,24819,1346159,102057
42,B4-e003Coalescence-Inoculumn-mGAM,B2-e003Coalescence-Inoculumn-mGAM,6,1351211,102057
43,B4-e003Coalescence-Inoculumn-mGAM,B3-e003Coalescence-Inoculumn-mGAM,0,1430778,102057
44,B4-e003Coalescence-Inoculumn-mGAM,B5-e003Coalescence-Inoculumn-mGAM,1052,1433114,102057
45,B4-e003Coalescence-Inoculumn-mGAM,C3-e003Coalescence-Inoculumn-mGAM,0,1373246,102057
46,B4-e003Coalescence-Inoculumn-mGAM,C5-e003Coalescence-Inoculumn-mGAM,25428,1378055,102057
47,B4-e003Coalescence-Inoculumn-mGAM,D2-e003Coalescence-Inoculumn-mGAM,24341,1322849,102057
48,B4-e003Coalescence-Inoculumn-mGAM,D3-e003Coalescence-Inoculumn-mGAM,347,1448792,102057
49,B4-e003Coalescence-Inoculumn-mGAM,D5-e003Coalescence-Inoculumn-mGAM,25112,1365062,102057
50,B5-e003Coalescence-Inoculumn-mGAM,A3-e003Coalescence-Inoculumn-mGAM,446,868679,102057
51,B5-e003Coalescence-Inoculumn-mGAM,A5-e003Coalescence-Inoculumn-mGAM,686,1457170,102057
52,B5-e003Coalescence-Inoculumn-mGAM,B2-e003Coalescence-Inoculumn-mGAM,953,1349424,102057
53,B5-e003Coalescence-Inoculumn-mGAM,B3-e003Coalescence-Inoculumn-mGAM,1045,1427530,102057
54,B5-e003Coalescence-Inoculumn-mGAM,B4-e003Coalescence-Inoculumn-mGAM,1099,1433114,102057
55,B5-e003Coalescence-Inoculumn-mGAM,C3-e003Coalescence-Inoculumn-mGAM,1058,1372913,102057
56,B5-e003Coalescence-Inoculumn-mGAM,C5-e003Coalescence-Inoculumn-mGAM,715,1490392,102057
57,B5-e003Coalescence-Inoculumn-mGAM,D2-e003Coalescence-Inoculumn-mGAM,640,1428893,102057
58,B5-e003Coalescence-Inoculumn-mGAM,D3-e003Coalescence-Inoculumn-mGAM,31,1526567,102057
59,B5-e003Coalescence-Inoculumn-mGAM,D5-e003Coalescence-Inoculumn-mGAM,594,1475303,102057
60,C3-e003Coalescence-Inoculumn-mGAM,A3-e003Coalescence-Inoculumn-mGAM,5,834874,102057
61,C3-e003Coalescence-Inoculumn-mGAM,A5-e003Coalescence-Inoculumn-mGAM,23762,1290433,102057
62,C3-e003Coalescence-Inoculumn-mGAM,B2-e003Coalescence-Inoculumn-mGAM,6,1294670,102057
63,C3-e003Coalescence-Inoculumn-mGAM,B3-e003Coalescence-Inoculumn-mGAM,0,1369407,102057
64,C3-e003Coalescence-Inoculumn-mGAM,B4-e003Coalescence-Inoculumn-mGAM,0,1373246,102057
65,C3-e003Coalescence-Inoculumn-mGAM,B5-e003Coalescence-Inoculumn-mGAM,1016,1372913,102057
66,C3-e003Coalescence-Inoculumn-mGAM,C5-e003Coalescence-Inoculumn-mGAM,24340,1320020,102057
67,C3-e003Coalescence-Inoculumn-mGAM,D2-e003Coalescence-Inoculumn-mGAM,23265,1265816,102057
68,C3-e003Coalescence-Inoculumn-mGAM,D3-e003Coalescence-Inoculumn-mGAM,302,1388383,102057
69,C3-e003Coalescence-Inoculumn-mGAM,D5-e003Coalescence-Inoculumn-mGAM,24000,1305904,102057
70,C5-e003Coalescence-Inoculumn-mGAM,A3-e003Coalescence-Inoculumn-mGAM,14796,834110,102057
71,C5-e003Coalescence-Inoculumn-mGAM,A5-e003Coalescence-Inoculumn-mGAM,18,1467750,102057
72,C5-e003Coalescence-Inoculumn-mGAM,B2-e003Coalescence-Inoculumn-mGAM,23685,1296562,102057
73,C5-e003Coalescence-Inoculumn-mGAM,B3-e003Coalescence-Inoculumn-mGAM,25287,1370875,102057
74,C5-e003Coalescence-Inoculumn-mGAM,B4-e003Coalescence-Inoculumn-mGAM,25416,1378055,102057
75,C5-e003Coalescence-Inoculumn-mGAM,B5-e003Coalescence-Inoculumn-mGAM,673,1490392,102057
76,C5-e003Coalescence-Inoculumn-mGAM,C3-e003Coalescence-Inoculumn-mGAM,24333,1320020,102057
77,C5-e003Coalescence-Inoculumn-mGAM,D2-e003Coalescence-Inoculumn-mGAM,24,1437624,102057
78,C5-e003Coalescence-Inoculumn-mGAM,D3-e003Coalescence-Inoculumn-mGAM,1334,1492854,102057
79,C5-e003Coalescence-Inoculumn-mGAM,D5-e003Coalescence-Inoculumn-mGAM,0,1484459,102057
80,D2-e003Coalescence-Inoculumn-mGAM,A3-e003Coalescence-Inoculumn-mGAM,14211,805597,102057
81,D2-e003Coalescence-Inoculumn-mGAM,A5-e003Coalescence-Inoculumn-mGAM,0,1407449,102057
82,D2-e003Coalescence-Inoculumn-mGAM,B2-e003Coalescence-Inoculumn-mGAM,22644,1245869,102057
83,D2-e003Coalescence-Inoculumn-mGAM,B3-e003Coalescence-Inoculumn-mGAM,24204,1317739,102057
84,D2-e003Coalescence-Inoculumn-mGAM,B4-e003Coalescence-Inoculumn-mGAM,24328,1322849,102057
85,D2-e003Coalescence-Inoculumn-mGAM,B5-e003Coalescence-Inoculumn-mGAM,599,1428893,102057
86,D2-e003Coalescence-Inoculumn-mGAM,C3-e003Coalescence-Inoculumn-mGAM,23257,1265816,102057
87,D2-e003Coalescence-Inoculumn-mGAM,C5-e003Coalescence-Inoculumn-mGAM,24,1437624,102057
88,D2-e003Coalescence-Inoculumn-mGAM,D3-e003Coalescence-Inoculumn-mGAM,1188,1428912,102057
89,D2-e003Coalescence-Inoculumn-mGAM,D5-e003Coalescence-Inoculumn-mGAM,2,1429303,102057
90,D3-e003Coalescence-Inoculumn-mGAM,A3-e003Coalescence-Inoculumn-mGAM,127,874922,102057
91,D3-e003Coalescence-Inoculumn-mGAM,A5-e003Coalescence-Inoculumn-mGAM,1368,1459380,102057
92,D3-e003Coalescence-Inoculumn-mGAM,B2-e003Coalescence-Inoculumn-mGAM,335,1362489,102057
93,D3-e003Coalescence-Inoculumn-mGAM,B3-e003Coalescence-Inoculumn-mGAM,285,1442393,102057
94,D3-e003Coalescence-Inoculumn-mGAM,B4-e003Coalescence-Inoculumn-mGAM,355,1448792,102057
95,D3-e003Coalescence-Inoculumn-mGAM,B5-e003Coalescence-Inoculumn-mGAM,30,1526567,102057
96,D3-e003Coalescence-Inoculumn-mGAM,C3-e003Coalescence-Inoculumn-mGAM,310,1388383,102057
97,D3-e003Coalescence-Inoculumn-mGAM,C5-e003Coalescence-Inoculumn-mGAM,1393,1492854,102057
98,D3-e003Coalescence-Inoculumn-mGAM,D2-e003Coalescence-Inoculumn-mGAM,1243,1428912,102057
99,D3-e003Coalescence-Inoculumn-mGAM,D5-e003Coalescence-Inoculumn-mGAM,1272,1474725,102057
100,D5-e003Coalescence-Inoculumn-mGAM,A3-e003Coalescence-Inoculumn-mGAM,14623,827954,102057
101,D5-e003Coalescence-Inoculumn-mGAM,A5-e003Coalescence-Inoculumn-mGAM,0,1454312,102057
102,D5-e003Coalescence-Inoculumn-mGAM,B2-e003Coalescence-Inoculumn-mGAM,23320,1284190,102057
103,D5-e003Coalescence-Inoculumn-mGAM,B3-e003Coalescence-Inoculumn-mGAM,24995,1359739,102057
104,D5-e003Coalescence-Inoculumn-mGAM,B4-e003Coalescence-Inoculumn-mGAM,25099,1365062,102057
105,D5-e003Coalescence-Inoculumn-mGAM,B5-e003Coalescence-Inoculumn-mGAM,554,1475303,102057
106,D5-e003Coalescence-Inoculumn-mGAM,C3-e003Coalescence-Inoculumn-mGAM,23991,1305904,102057
107,D5-e003Coalescence-Inoculumn-mGAM,C5-e003Coalescence-Inoculumn-mGAM,0,1484459,102057
108,D5-e003Coalescence-Inoculumn-mGAM,D2-e003Coalescence-Inoculumn-mGAM,2,1429303,102057
109,D5-e003Coalescence-Inoculumn-mGAM,D3-e003Coalescence-Inoculumn-mGAM,1215,1474725,102057
