,trial_parts,abundance_file,test_genome,abundance_id,is_close_to_ref,initial_sample,mesocosm,trial
0,GUT_GENOME000472_A10-e003Coalescence-mBHI-p7_annotated_abundance_GUT_GENOME000472_9_abundances_trial_000,workflow/abundance_files/GUT_GENOME000472/A10-e003Coalescence-mBHI-p7_annotated_abundance_GUT_GENOME000472_9_abundances.txt,GUT_GENOME000472,9,False,A10-e003Coalescence-mBHI-p7,A10-e003Coalescence-mBHI-p7_GUT_GENOME000472,0
1,GUT_GENOME000472_A10-e003Coalescence-mBHI-p7_annotated_abundance_GUT_GENOME000472_9_abundances_trial_001,workflow/abundance_files/GUT_GENOME000472/A10-e003Coalescence-mBHI-p7_annotated_abundance_GUT_GENOME000472_9_abundances.txt,GUT_GENOME000472,9,False,A10-e003Coalescence-mBHI-p7,A10-e003Coalescence-mBHI-p7_GUT_GENOME000472,1
2,GUT_GENOME000472_G8-e003Coalescence-mBHI-p7_S125_annotated_abundance_GUT_GENOME000472_6_abundances_trial_000,workflow/abundance_files/GUT_GENOME000472/G8-e003Coalescence-mBHI-p7_S125_annotated_abundance_GUT_GENOME000472_6_abundances.txt,GUT_GENOME000472,6,False,G8-e003Coalescence-mBHI-p7,G8-e003Coalescence-mBHI-p7_GUT_GENOME000472,0
3,GUT_GENOME000472_G8-e003Coalescence-mBHI-p7_S125_annotated_abundance_GUT_GENOME000472_6_abundances_trial_001,workflow/abundance_files/GUT_GENOME000472/G8-e003Coalescence-mBHI-p7_S125_annotated_abundance_GUT_GENOME000472_6_abundances.txt,GUT_GENOME000472,6,False,G8-e003Coalescence-mBHI-p7,G8-e003Coalescence-mBHI-p7_GUT_GENOME000472,1
4,GUT_GENOME000472_G8-e003Coalescence-mBHI-p7_S125_annotated_abundance_GUT_GENOME000472_12_abundances_trial_000,workflow/abundance_files/GUT_GENOME000472/G8-e003Coalescence-mBHI-p7_S125_annotated_abundance_GUT_GENOME000472_12_abundances.txt,GUT_GENOME000472,12,True,G8-e003Coalescence-mBHI-p7,G8-e003Coalescence-mBHI-p7_GUT_GENOME000472,0
5,GUT_GENOME000472_G8-e003Coalescence-mBHI-p7_S125_annotated_abundance_GUT_GENOME000472_12_abundances_trial_001,workflow/abundance_files/GUT_GENOME000472/G8-e003Coalescence-mBHI-p7_S125_annotated_abundance_GUT_GENOME000472_12_abundances.txt,GUT_GENOME000472,12,True,G8-e003Coalescence-mBHI-p7,G8-e003Coalescence-mBHI-p7_GUT_GENOME000472,1
6,GUT_GENOME000472_A10-e003Coalescence-mBHI-p7_annotated_abundance_GUT_GENOME000472_7_abundances_trial_000,workflow/abundance_files/GUT_GENOME000472/A10-e003Coalescence-mBHI-p7_annotated_abundance_GUT_GENOME000472_7_abundances.txt,GUT_GENOME000472,7,False,A10-e003Coalescence-mBHI-p7,A10-e003Coalescence-mBHI-p7_GUT_GENOME000472,0
7,GUT_GENOME000472_A10-e003Coalescence-mBHI-p7_annotated_abundance_GUT_GENOME000472_7_abundances_trial_001,workflow/abundance_files/GUT_GENOME000472/A10-e003Coalescence-mBHI-p7_annotated_abundance_GUT_GENOME000472_7_abundances.txt,GUT_GENOME000472,7,False,A10-e003Coalescence-mBHI-p7,A10-e003Coalescence-mBHI-p7_GUT_GENOME000472,1
8,GUT_GENOME000472_G8-e003Coalescence-mBHI-p7_S125_annotated_abundance_GUT_GENOME000472_3_abundances_trial_000,workflow/abundance_files/GUT_GENOME000472/G8-e003Coalescence-mBHI-p7_S125_annotated_abundance_GUT_GENOME000472_3_abundances.txt,GUT_GENOME000472,3,False,G8-e003Coalescence-mBHI-p7,G8-e003Coalescence-mBHI-p7_GUT_GENOME000472,0
9,GUT_GENOME000472_G8-e003Coalescence-mBHI-p7_S125_annotated_abundance_GUT_GENOME000472_3_abundances_trial_001,workflow/abundance_files/GUT_GENOME000472/G8-e003Coalescence-mBHI-p7_S125_annotated_abundance_GUT_GENOME000472_3_abundances.txt,GUT_GENOME000472,3,False,G8-e003Coalescence-mBHI-p7,G8-e003Coalescence-mBHI-p7_GUT_GENOME000472,1
10,GUT_GENOME000472_G8-e003Coalescence-mBHI-p7_S125_annotated_abundance_GUT_GENOME000472_9_abundances_trial_000,workflow/abundance_files/GUT_GENOME000472/G8-e003Coalescence-mBHI-p7_S125_annotated_abundance_GUT_GENOME000472_9_abundances.txt,GUT_GENOME000472,9,False,G8-e003Coalescence-mBHI-p7,G8-e003Coalescence-mBHI-p7_GUT_GENOME000472,0
11,GUT_GENOME000472_G8-e003Coalescence-mBHI-p7_S125_annotated_abundance_GUT_GENOME000472_9_abundances_trial_001,workflow/abundance_files/GUT_GENOME000472/G8-e003Coalescence-mBHI-p7_S125_annotated_abundance_GUT_GENOME000472_9_abundances.txt,GUT_GENOME000472,9,False,G8-e003Coalescence-mBHI-p7,G8-e003Coalescence-mBHI-p7_GUT_GENOME000472,1
12,GUT_GENOME000472_G8-e003Coalescence-mBHI-p7_S125_annotated_abundance_GUT_GENOME000472_11_abundances_trial_000,workflow/abundance_files/GUT_GENOME000472/G8-e003Coalescence-mBHI-p7_S125_annotated_abundance_GUT_GENOME000472_11_abundances.txt,GUT_GENOME000472,11,False,G8-e003Coalescence-mBHI-p7,G8-e003Coalescence-mBHI-p7_GUT_GENOME000472,0
13,GUT_GENOME000472_G8-e003Coalescence-mBHI-p7_S125_annotated_abundance_GUT_GENOME000472_11_abundances_trial_001,workflow/abundance_files/GUT_GENOME000472/G8-e003Coalescence-mBHI-p7_S125_annotated_abundance_GUT_GENOME000472_11_abundances.txt,GUT_GENOME000472,11,False,G8-e003Coalescence-mBHI-p7,G8-e003Coalescence-mBHI-p7_GUT_GENOME000472,1
14,GUT_GENOME000472_G8-e003Coalescence-mBHI-p7_S125_annotated_abundance_GUT_GENOME000472_5_abundances_trial_000,workflow/abundance_files/GUT_GENOME000472/G8-e003Coalescence-mBHI-p7_S125_annotated_abundance_GUT_GENOME000472_5_abundances.txt,GUT_GENOME000472,5,False,G8-e003Coalescence-mBHI-p7,G8-e003Coalescence-mBHI-p7_GUT_GENOME000472,0
15,GUT_GENOME000472_G8-e003Coalescence-mBHI-p7_S125_annotated_abundance_GUT_GENOME000472_5_abundances_trial_001,workflow/abundance_files/GUT_GENOME000472/G8-e003Coalescence-mBHI-p7_S125_annotated_abundance_GUT_GENOME000472_5_abundances.txt,GUT_GENOME000472,5,False,G8-e003Coalescence-mBHI-p7,G8-e003Coalescence-mBHI-p7_GUT_GENOME000472,1
16,GUT_GENOME000472_A10-e003Coalescence-mBHI-p7_annotated_abundance_GUT_GENOME000472_2_abundances_trial_000,workflow/abundance_files/GUT_GENOME000472/A10-e003Coalescence-mBHI-p7_annotated_abundance_GUT_GENOME000472_2_abundances.txt,GUT_GENOME000472,2,False,A10-e003Coalescence-mBHI-p7,A10-e003Coalescence-mBHI-p7_GUT_GENOME000472,0
17,GUT_GENOME000472_A10-e003Coalescence-mBHI-p7_annotated_abundance_GUT_GENOME000472_2_abundances_trial_001,workflow/abundance_files/GUT_GENOME000472/A10-e003Coalescence-mBHI-p7_annotated_abundance_GUT_GENOME000472_2_abundances.txt,GUT_GENOME000472,2,False,A10-e003Coalescence-mBHI-p7,A10-e003Coalescence-mBHI-p7_GUT_GENOME000472,1
18,GUT_GENOME000472_G8-e003Coalescence-mBHI-p7_S125_annotated_abundance_GUT_GENOME000472_10_abundances_trial_000,workflow/abundance_files/GUT_GENOME000472/G8-e003Coalescence-mBHI-p7_S125_annotated_abundance_GUT_GENOME000472_10_abundances.txt,GUT_GENOME000472,10,False,G8-e003Coalescence-mBHI-p7,G8-e003Coalescence-mBHI-p7_GUT_GENOME000472,0
19,GUT_GENOME000472_G8-e003Coalescence-mBHI-p7_S125_annotated_abundance_GUT_GENOME000472_10_abundances_trial_001,workflow/abundance_files/GUT_GENOME000472/G8-e003Coalescence-mBHI-p7_S125_annotated_abundance_GUT_GENOME000472_10_abundances.txt,GUT_GENOME000472,10,False,G8-e003Coalescence-mBHI-p7,G8-e003Coalescence-mBHI-p7_GUT_GENOME000472,1
20,GUT_GENOME000472_A10-e003Coalescence-mBHI-p7_annotated_abundance_GUT_GENOME000472_12_abundances_trial_000,workflow/abundance_files/GUT_GENOME000472/A10-e003Coalescence-mBHI-p7_annotated_abundance_GUT_GENOME000472_12_abundances.txt,GUT_GENOME000472,12,True,A10-e003Coalescence-mBHI-p7,A10-e003Coalescence-mBHI-p7_GUT_GENOME000472,0
21,GUT_GENOME000472_A10-e003Coalescence-mBHI-p7_annotated_abundance_GUT_GENOME000472_12_abundances_trial_001,workflow/abundance_files/GUT_GENOME000472/A10-e003Coalescence-mBHI-p7_annotated_abundance_GUT_GENOME000472_12_abundances.txt,GUT_GENOME000472,12,True,A10-e003Coalescence-mBHI-p7,A10-e003Coalescence-mBHI-p7_GUT_GENOME000472,1
22,GUT_GENOME000472_G8-e003Coalescence-mBHI-p7_S125_annotated_abundance_GUT_GENOME000472_7_abundances_trial_000,workflow/abundance_files/GUT_GENOME000472/G8-e003Coalescence-mBHI-p7_S125_annotated_abundance_GUT_GENOME000472_7_abundances.txt,GUT_GENOME000472,7,False,G8-e003Coalescence-mBHI-p7,G8-e003Coalescence-mBHI-p7_GUT_GENOME000472,0
23,GUT_GENOME000472_G8-e003Coalescence-mBHI-p7_S125_annotated_abundance_GUT_GENOME000472_7_abundances_trial_001,workflow/abundance_files/GUT_GENOME000472/G8-e003Coalescence-mBHI-p7_S125_annotated_abundance_GUT_GENOME000472_7_abundances.txt,GUT_GENOME000472,7,False,G8-e003Coalescence-mBHI-p7,G8-e003Coalescence-mBHI-p7_GUT_GENOME000472,1
24,GUT_GENOME000472_G8-e003Coalescence-mBHI-p7_S125_annotated_abundance_GUT_GENOME000472_4_abundances_trial_000,workflow/abundance_files/GUT_GENOME000472/G8-e003Coalescence-mBHI-p7_S125_annotated_abundance_GUT_GENOME000472_4_abundances.txt,GUT_GENOME000472,4,False,G8-e003Coalescence-mBHI-p7,G8-e003Coalescence-mBHI-p7_GUT_GENOME000472,0
25,GUT_GENOME000472_G8-e003Coalescence-mBHI-p7_S125_annotated_abundance_GUT_GENOME000472_4_abundances_trial_001,workflow/abundance_files/GUT_GENOME000472/G8-e003Coalescence-mBHI-p7_S125_annotated_abundance_GUT_GENOME000472_4_abundances.txt,GUT_GENOME000472,4,False,G8-e003Coalescence-mBHI-p7,G8-e003Coalescence-mBHI-p7_GUT_GENOME000472,1
26,GUT_GENOME000472_A10-e003Coalescence-mBHI-p7_annotated_abundance_GUT_GENOME000472_1_abundances_trial_000,workflow/abundance_files/GUT_GENOME000472/A10-e003Coalescence-mBHI-p7_annotated_abundance_GUT_GENOME000472_1_abundances.txt,GUT_GENOME000472,1,False,A10-e003Coalescence-mBHI-p7,A10-e003Coalescence-mBHI-p7_GUT_GENOME000472,0
27,GUT_GENOME000472_A10-e003Coalescence-mBHI-p7_annotated_abundance_GUT_GENOME000472_1_abundances_trial_001,workflow/abundance_files/GUT_GENOME000472/A10-e003Coalescence-mBHI-p7_annotated_abundance_GUT_GENOME000472_1_abundances.txt,GUT_GENOME000472,1,False,A10-e003Coalescence-mBHI-p7,A10-e003Coalescence-mBHI-p7_GUT_GENOME000472,1
28,GUT_GENOME000472_A10-e003Coalescence-mBHI-p7_annotated_abundance_GUT_GENOME000472_3_abundances_trial_000,workflow/abundance_files/GUT_GENOME000472/A10-e003Coalescence-mBHI-p7_annotated_abundance_GUT_GENOME000472_3_abundances.txt,GUT_GENOME000472,3,False,A10-e003Coalescence-mBHI-p7,A10-e003Coalescence-mBHI-p7_GUT_GENOME000472,0
29,GUT_GENOME000472_A10-e003Coalescence-mBHI-p7_annotated_abundance_GUT_GENOME000472_3_abundances_trial_001,workflow/abundance_files/GUT_GENOME000472/A10-e003Coalescence-mBHI-p7_annotated_abundance_GUT_GENOME000472_3_abundances.txt,GUT_GENOME000472,3,False,A10-e003Coalescence-mBHI-p7,A10-e003Coalescence-mBHI-p7_GUT_GENOME000472,1
30,GUT_GENOME000472_A10-e003Coalescence-mBHI-p7_annotated_abundance_GUT_GENOME000472_6_abundances_trial_000,workflow/abundance_files/GUT_GENOME000472/A10-e003Coalescence-mBHI-p7_annotated_abundance_GUT_GENOME000472_6_abundances.txt,GUT_GENOME000472,6,False,A10-e003Coalescence-mBHI-p7,A10-e003Coalescence-mBHI-p7_GUT_GENOME000472,0
31,GUT_GENOME000472_A10-e003Coalescence-mBHI-p7_annotated_abundance_GUT_GENOME000472_6_abundances_trial_001,workflow/abundance_files/GUT_GENOME000472/A10-e003Coalescence-mBHI-p7_annotated_abundance_GUT_GENOME000472_6_abundances.txt,GUT_GENOME000472,6,False,A10-e003Coalescence-mBHI-p7,A10-e003Coalescence-mBHI-p7_GUT_GENOME000472,1
32,GUT_GENOME000472_G8-e003Coalescence-mBHI-p7_S125_annotated_abundance_GUT_GENOME000472_8_abundances_trial_000,workflow/abundance_files/GUT_GENOME000472/G8-e003Coalescence-mBHI-p7_S125_annotated_abundance_GUT_GENOME000472_8_abundances.txt,GUT_GENOME000472,8,False,G8-e003Coalescence-mBHI-p7,G8-e003Coalescence-mBHI-p7_GUT_GENOME000472,0
33,GUT_GENOME000472_G8-e003Coalescence-mBHI-p7_S125_annotated_abundance_GUT_GENOME000472_8_abundances_trial_001,workflow/abundance_files/GUT_GENOME000472/G8-e003Coalescence-mBHI-p7_S125_annotated_abundance_GUT_GENOME000472_8_abundances.txt,GUT_GENOME000472,8,False,G8-e003Coalescence-mBHI-p7,G8-e003Coalescence-mBHI-p7_GUT_GENOME000472,1
34,GUT_GENOME000472_A10-e003Coalescence-mBHI-p7_annotated_abundance_GUT_GENOME000472_0_abundances_trial_000,workflow/abundance_files/GUT_GENOME000472/A10-e003Coalescence-mBHI-p7_annotated_abundance_GUT_GENOME000472_0_abundances.txt,GUT_GENOME000472,0,False,A10-e003Coalescence-mBHI-p7,A10-e003Coalescence-mBHI-p7_GUT_GENOME000472,0
35,GUT_GENOME000472_A10-e003Coalescence-mBHI-p7_annotated_abundance_GUT_GENOME000472_0_abundances_trial_001,workflow/abundance_files/GUT_GENOME000472/A10-e003Coalescence-mBHI-p7_annotated_abundance_GUT_GENOME000472_0_abundances.txt,GUT_GENOME000472,0,False,A10-e003Coalescence-mBHI-p7,A10-e003Coalescence-mBHI-p7_GUT_GENOME000472,1
36,GUT_GENOME000472_G8-e003Coalescence-mBHI-p7_S125_annotated_abundance_GUT_GENOME000472_0_abundances_trial_000,workflow/abundance_files/GUT_GENOME000472/G8-e003Coalescence-mBHI-p7_S125_annotated_abundance_GUT_GENOME000472_0_abundances.txt,GUT_GENOME000472,0,False,G8-e003Coalescence-mBHI-p7,G8-e003Coalescence-mBHI-p7_GUT_GENOME000472,0
37,GUT_GENOME000472_G8-e003Coalescence-mBHI-p7_S125_annotated_abundance_GUT_GENOME000472_0_abundances_trial_001,workflow/abundance_files/GUT_GENOME000472/G8-e003Coalescence-mBHI-p7_S125_annotated_abundance_GUT_GENOME000472_0_abundances.txt,GUT_GENOME000472,0,False,G8-e003Coalescence-mBHI-p7,G8-e003Coalescence-mBHI-p7_GUT_GENOME000472,1
38,GUT_GENOME000472_A10-e003Coalescence-mBHI-p7_annotated_abundance_GUT_GENOME000472_5_abundances_trial_000,workflow/abundance_files/GUT_GENOME000472/A10-e003Coalescence-mBHI-p7_annotated_abundance_GUT_GENOME000472_5_abundances.txt,GUT_GENOME000472,5,False,A10-e003Coalescence-mBHI-p7,A10-e003Coalescence-mBHI-p7_GUT_GENOME000472,0
39,GUT_GENOME000472_A10-e003Coalescence-mBHI-p7_annotated_abundance_GUT_GENOME000472_5_abundances_trial_001,workflow/abundance_files/GUT_GENOME000472/A10-e003Coalescence-mBHI-p7_annotated_abundance_GUT_GENOME000472_5_abundances.txt,GUT_GENOME000472,5,False,A10-e003Coalescence-mBHI-p7,A10-e003Coalescence-mBHI-p7_GUT_GENOME000472,1
40,GUT_GENOME000472_A10-e003Coalescence-mBHI-p7_annotated_abundance_GUT_GENOME000472_10_abundances_trial_000,workflow/abundance_files/GUT_GENOME000472/A10-e003Coalescence-mBHI-p7_annotated_abundance_GUT_GENOME000472_10_abundances.txt,GUT_GENOME000472,10,False,A10-e003Coalescence-mBHI-p7,A10-e003Coalescence-mBHI-p7_GUT_GENOME000472,0
41,GUT_GENOME000472_A10-e003Coalescence-mBHI-p7_annotated_abundance_GUT_GENOME000472_10_abundances_trial_001,workflow/abundance_files/GUT_GENOME000472/A10-e003Coalescence-mBHI-p7_annotated_abundance_GUT_GENOME000472_10_abundances.txt,GUT_GENOME000472,10,False,A10-e003Coalescence-mBHI-p7,A10-e003Coalescence-mBHI-p7_GUT_GENOME000472,1
42,GUT_GENOME000472_G8-e003Coalescence-mBHI-p7_S125_annotated_abundance_GUT_GENOME000472_1_abundances_trial_000,workflow/abundance_files/GUT_GENOME000472/G8-e003Coalescence-mBHI-p7_S125_annotated_abundance_GUT_GENOME000472_1_abundances.txt,GUT_GENOME000472,1,False,G8-e003Coalescence-mBHI-p7,G8-e003Coalescence-mBHI-p7_GUT_GENOME000472,0
43,GUT_GENOME000472_G8-e003Coalescence-mBHI-p7_S125_annotated_abundance_GUT_GENOME000472_1_abundances_trial_001,workflow/abundance_files/GUT_GENOME000472/G8-e003Coalescence-mBHI-p7_S125_annotated_abundance_GUT_GENOME000472_1_abundances.txt,GUT_GENOME000472,1,False,G8-e003Coalescence-mBHI-p7,G8-e003Coalescence-mBHI-p7_GUT_GENOME000472,1
44,GUT_GENOME000472_A10-e003Coalescence-mBHI-p7_annotated_abundance_GUT_GENOME000472_4_abundances_trial_000,workflow/abundance_files/GUT_GENOME000472/A10-e003Coalescence-mBHI-p7_annotated_abundance_GUT_GENOME000472_4_abundances.txt,GUT_GENOME000472,4,False,A10-e003Coalescence-mBHI-p7,A10-e003Coalescence-mBHI-p7_GUT_GENOME000472,0
45,GUT_GENOME000472_A10-e003Coalescence-mBHI-p7_annotated_abundance_GUT_GENOME000472_4_abundances_trial_001,workflow/abundance_files/GUT_GENOME000472/A10-e003Coalescence-mBHI-p7_annotated_abundance_GUT_GENOME000472_4_abundances.txt,GUT_GENOME000472,4,False,A10-e003Coalescence-mBHI-p7,A10-e003Coalescence-mBHI-p7_GUT_GENOME000472,1
46,GUT_GENOME000472_A10-e003Coalescence-mBHI-p7_annotated_abundance_GUT_GENOME000472_11_abundances_trial_000,workflow/abundance_files/GUT_GENOME000472/A10-e003Coalescence-mBHI-p7_annotated_abundance_GUT_GENOME000472_11_abundances.txt,GUT_GENOME000472,11,False,A10-e003Coalescence-mBHI-p7,A10-e003Coalescence-mBHI-p7_GUT_GENOME000472,0
47,GUT_GENOME000472_A10-e003Coalescence-mBHI-p7_annotated_abundance_GUT_GENOME000472_11_abundances_trial_001,workflow/abundance_files/GUT_GENOME000472/A10-e003Coalescence-mBHI-p7_annotated_abundance_GUT_GENOME000472_11_abundances.txt,GUT_GENOME000472,11,False,A10-e003Coalescence-mBHI-p7,A10-e003Coalescence-mBHI-p7_GUT_GENOME000472,1
48,GUT_GENOME000472_A10-e003Coalescence-mBHI-p7_annotated_abundance_GUT_GENOME000472_8_abundances_trial_000,workflow/abundance_files/GUT_GENOME000472/A10-e003Coalescence-mBHI-p7_annotated_abundance_GUT_GENOME000472_8_abundances.txt,GUT_GENOME000472,8,False,A10-e003Coalescence-mBHI-p7,A10-e003Coalescence-mBHI-p7_GUT_GENOME000472,0
49,GUT_GENOME000472_A10-e003Coalescence-mBHI-p7_annotated_abundance_GUT_GENOME000472_8_abundances_trial_001,workflow/abundance_files/GUT_GENOME000472/A10-e003Coalescence-mBHI-p7_annotated_abundance_GUT_GENOME000472_8_abundances.txt,GUT_GENOME000472,8,False,A10-e003Coalescence-mBHI-p7,A10-e003Coalescence-mBHI-p7_GUT_GENOME000472,1
50,GUT_GENOME000472_G8-e003Coalescence-mBHI-p7_S125_annotated_abundance_GUT_GENOME000472_2_abundances_trial_000,workflow/abundance_files/GUT_GENOME000472/G8-e003Coalescence-mBHI-p7_S125_annotated_abundance_GUT_GENOME000472_2_abundances.txt,GUT_GENOME000472,2,False,G8-e003Coalescence-mBHI-p7,G8-e003Coalescence-mBHI-p7_GUT_GENOME000472,0
51,GUT_GENOME000472_G8-e003Coalescence-mBHI-p7_S125_annotated_abundance_GUT_GENOME000472_2_abundances_trial_001,workflow/abundance_files/GUT_GENOME000472/G8-e003Coalescence-mBHI-p7_S125_annotated_abundance_GUT_GENOME000472_2_abundances.txt,GUT_GENOME000472,2,False,G8-e003Coalescence-mBHI-p7,G8-e003Coalescence-mBHI-p7_GUT_GENOME000472,1
52,GUT_GENOME001329_A10-e003Coalescence-mBHI-p7_annotated_abundance_GUT_GENOME001329_6_abundances_trial_000,workflow/abundance_files/GUT_GENOME001329/A10-e003Coalescence-mBHI-p7_annotated_abundance_GUT_GENOME001329_6_abundances.txt,GUT_GENOME001329,6,False,A10-e003Coalescence-mBHI-p7,A10-e003Coalescence-mBHI-p7_GUT_GENOME001329,0
53,GUT_GENOME001329_A10-e003Coalescence-mBHI-p7_annotated_abundance_GUT_GENOME001329_6_abundances_trial_001,workflow/abundance_files/GUT_GENOME001329/A10-e003Coalescence-mBHI-p7_annotated_abundance_GUT_GENOME001329_6_abundances.txt,GUT_GENOME001329,6,False,A10-e003Coalescence-mBHI-p7,A10-e003Coalescence-mBHI-p7_GUT_GENOME001329,1
54,GUT_GENOME001329_A10-e003Coalescence-mBHI-p7_annotated_abundance_GUT_GENOME001329_3_abundances_trial_000,workflow/abundance_files/GUT_GENOME001329/A10-e003Coalescence-mBHI-p7_annotated_abundance_GUT_GENOME001329_3_abundances.txt,GUT_GENOME001329,3,False,A10-e003Coalescence-mBHI-p7,A10-e003Coalescence-mBHI-p7_GUT_GENOME001329,0
55,GUT_GENOME001329_A10-e003Coalescence-mBHI-p7_annotated_abundance_GUT_GENOME001329_3_abundances_trial_001,workflow/abundance_files/GUT_GENOME001329/A10-e003Coalescence-mBHI-p7_annotated_abundance_GUT_GENOME001329_3_abundances.txt,GUT_GENOME001329,3,False,A10-e003Coalescence-mBHI-p7,A10-e003Coalescence-mBHI-p7_GUT_GENOME001329,1
56,GUT_GENOME001329_A10-e003Coalescence-mBHI-p7_annotated_abundance_GUT_GENOME001329_2_abundances_trial_000,workflow/abundance_files/GUT_GENOME001329/A10-e003Coalescence-mBHI-p7_annotated_abundance_GUT_GENOME001329_2_abundances.txt,GUT_GENOME001329,2,False,A10-e003Coalescence-mBHI-p7,A10-e003Coalescence-mBHI-p7_GUT_GENOME001329,0
57,GUT_GENOME001329_A10-e003Coalescence-mBHI-p7_annotated_abundance_GUT_GENOME001329_2_abundances_trial_001,workflow/abundance_files/GUT_GENOME001329/A10-e003Coalescence-mBHI-p7_annotated_abundance_GUT_GENOME001329_2_abundances.txt,GUT_GENOME001329,2,False,A10-e003Coalescence-mBHI-p7,A10-e003Coalescence-mBHI-p7_GUT_GENOME001329,1
58,GUT_GENOME001329_A10-e003Coalescence-mBHI-p7_annotated_abundance_GUT_GENOME001329_12_abundances_trial_000,workflow/abundance_files/GUT_GENOME001329/A10-e003Coalescence-mBHI-p7_annotated_abundance_GUT_GENOME001329_12_abundances.txt,GUT_GENOME001329,12,True,A10-e003Coalescence-mBHI-p7,A10-e003Coalescence-mBHI-p7_GUT_GENOME001329,0
59,GUT_GENOME001329_A10-e003Coalescence-mBHI-p7_annotated_abundance_GUT_GENOME001329_12_abundances_trial_001,workflow/abundance_files/GUT_GENOME001329/A10-e003Coalescence-mBHI-p7_annotated_abundance_GUT_GENOME001329_12_abundances.txt,GUT_GENOME001329,12,True,A10-e003Coalescence-mBHI-p7,A10-e003Coalescence-mBHI-p7_GUT_GENOME001329,1
60,GUT_GENOME001329_A10-e003Coalescence-mBHI-p7_annotated_abundance_GUT_GENOME001329_9_abundances_trial_000,workflow/abundance_files/GUT_GENOME001329/A10-e003Coalescence-mBHI-p7_annotated_abundance_GUT_GENOME001329_9_abundances.txt,GUT_GENOME001329,9,False,A10-e003Coalescence-mBHI-p7,A10-e003Coalescence-mBHI-p7_GUT_GENOME001329,0
61,GUT_GENOME001329_A10-e003Coalescence-mBHI-p7_annotated_abundance_GUT_GENOME001329_9_abundances_trial_001,workflow/abundance_files/GUT_GENOME001329/A10-e003Coalescence-mBHI-p7_annotated_abundance_GUT_GENOME001329_9_abundances.txt,GUT_GENOME001329,9,False,A10-e003Coalescence-mBHI-p7,A10-e003Coalescence-mBHI-p7_GUT_GENOME001329,1
62,GUT_GENOME001329_A10-e003Coalescence-mBHI-p7_annotated_abundance_GUT_GENOME001329_0_abundances_trial_000,workflow/abundance_files/GUT_GENOME001329/A10-e003Coalescence-mBHI-p7_annotated_abundance_GUT_GENOME001329_0_abundances.txt,GUT_GENOME001329,0,False,A10-e003Coalescence-mBHI-p7,A10-e003Coalescence-mBHI-p7_GUT_GENOME001329,0
63,GUT_GENOME001329_A10-e003Coalescence-mBHI-p7_annotated_abundance_GUT_GENOME001329_0_abundances_trial_001,workflow/abundance_files/GUT_GENOME001329/A10-e003Coalescence-mBHI-p7_annotated_abundance_GUT_GENOME001329_0_abundances.txt,GUT_GENOME001329,0,False,A10-e003Coalescence-mBHI-p7,A10-e003Coalescence-mBHI-p7_GUT_GENOME001329,1
64,GUT_GENOME001329_A10-e003Coalescence-mBHI-p7_annotated_abundance_GUT_GENOME001329_11_abundances_trial_000,workflow/abundance_files/GUT_GENOME001329/A10-e003Coalescence-mBHI-p7_annotated_abundance_GUT_GENOME001329_11_abundances.txt,GUT_GENOME001329,11,False,A10-e003Coalescence-mBHI-p7,A10-e003Coalescence-mBHI-p7_GUT_GENOME001329,0
65,GUT_GENOME001329_A10-e003Coalescence-mBHI-p7_annotated_abundance_GUT_GENOME001329_11_abundances_trial_001,workflow/abundance_files/GUT_GENOME001329/A10-e003Coalescence-mBHI-p7_annotated_abundance_GUT_GENOME001329_11_abundances.txt,GUT_GENOME001329,11,False,A10-e003Coalescence-mBHI-p7,A10-e003Coalescence-mBHI-p7_GUT_GENOME001329,1
66,GUT_GENOME001329_A10-e003Coalescence-mBHI-p7_annotated_abundance_GUT_GENOME001329_7_abundances_trial_000,workflow/abundance_files/GUT_GENOME001329/A10-e003Coalescence-mBHI-p7_annotated_abundance_GUT_GENOME001329_7_abundances.txt,GUT_GENOME001329,7,False,A10-e003Coalescence-mBHI-p7,A10-e003Coalescence-mBHI-p7_GUT_GENOME001329,0
67,GUT_GENOME001329_A10-e003Coalescence-mBHI-p7_annotated_abundance_GUT_GENOME001329_7_abundances_trial_001,workflow/abundance_files/GUT_GENOME001329/A10-e003Coalescence-mBHI-p7_annotated_abundance_GUT_GENOME001329_7_abundances.txt,GUT_GENOME001329,7,False,A10-e003Coalescence-mBHI-p7,A10-e003Coalescence-mBHI-p7_GUT_GENOME001329,1
68,GUT_GENOME001329_A10-e003Coalescence-mBHI-p7_annotated_abundance_GUT_GENOME001329_10_abundances_trial_000,workflow/abundance_files/GUT_GENOME001329/A10-e003Coalescence-mBHI-p7_annotated_abundance_GUT_GENOME001329_10_abundances.txt,GUT_GENOME001329,10,False,A10-e003Coalescence-mBHI-p7,A10-e003Coalescence-mBHI-p7_GUT_GENOME001329,0
69,GUT_GENOME001329_A10-e003Coalescence-mBHI-p7_annotated_abundance_GUT_GENOME001329_10_abundances_trial_001,workflow/abundance_files/GUT_GENOME001329/A10-e003Coalescence-mBHI-p7_annotated_abundance_GUT_GENOME001329_10_abundances.txt,GUT_GENOME001329,10,False,A10-e003Coalescence-mBHI-p7,A10-e003Coalescence-mBHI-p7_GUT_GENOME001329,1
70,GUT_GENOME001329_A10-e003Coalescence-mBHI-p7_annotated_abundance_GUT_GENOME001329_5_abundances_trial_000,workflow/abundance_files/GUT_GENOME001329/A10-e003Coalescence-mBHI-p7_annotated_abundance_GUT_GENOME001329_5_abundances.txt,GUT_GENOME001329,5,False,A10-e003Coalescence-mBHI-p7,A10-e003Coalescence-mBHI-p7_GUT_GENOME001329,0
71,GUT_GENOME001329_A10-e003Coalescence-mBHI-p7_annotated_abundance_GUT_GENOME001329_5_abundances_trial_001,workflow/abundance_files/GUT_GENOME001329/A10-e003Coalescence-mBHI-p7_annotated_abundance_GUT_GENOME001329_5_abundances.txt,GUT_GENOME001329,5,False,A10-e003Coalescence-mBHI-p7,A10-e003Coalescence-mBHI-p7_GUT_GENOME001329,1
72,GUT_GENOME001329_A10-e003Coalescence-mBHI-p7_annotated_abundance_GUT_GENOME001329_1_abundances_trial_000,workflow/abundance_files/GUT_GENOME001329/A10-e003Coalescence-mBHI-p7_annotated_abundance_GUT_GENOME001329_1_abundances.txt,GUT_GENOME001329,1,False,A10-e003Coalescence-mBHI-p7,A10-e003Coalescence-mBHI-p7_GUT_GENOME001329,0
73,GUT_GENOME001329_A10-e003Coalescence-mBHI-p7_annotated_abundance_GUT_GENOME001329_1_abundances_trial_001,workflow/abundance_files/GUT_GENOME001329/A10-e003Coalescence-mBHI-p7_annotated_abundance_GUT_GENOME001329_1_abundances.txt,GUT_GENOME001329,1,False,A10-e003Coalescence-mBHI-p7,A10-e003Coalescence-mBHI-p7_GUT_GENOME001329,1
74,GUT_GENOME001329_A10-e003Coalescence-mBHI-p7_annotated_abundance_GUT_GENOME001329_4_abundances_trial_000,workflow/abundance_files/GUT_GENOME001329/A10-e003Coalescence-mBHI-p7_annotated_abundance_GUT_GENOME001329_4_abundances.txt,GUT_GENOME001329,4,False,A10-e003Coalescence-mBHI-p7,A10-e003Coalescence-mBHI-p7_GUT_GENOME001329,0
75,GUT_GENOME001329_A10-e003Coalescence-mBHI-p7_annotated_abundance_GUT_GENOME001329_4_abundances_trial_001,workflow/abundance_files/GUT_GENOME001329/A10-e003Coalescence-mBHI-p7_annotated_abundance_GUT_GENOME001329_4_abundances.txt,GUT_GENOME001329,4,False,A10-e003Coalescence-mBHI-p7,A10-e003Coalescence-mBHI-p7_GUT_GENOME001329,1
76,GUT_GENOME001329_A10-e003Coalescence-mBHI-p7_annotated_abundance_GUT_GENOME001329_8_abundances_trial_000,workflow/abundance_files/GUT_GENOME001329/A10-e003Coalescence-mBHI-p7_annotated_abundance_GUT_GENOME001329_8_abundances.txt,GUT_GENOME001329,8,False,A10-e003Coalescence-mBHI-p7,A10-e003Coalescence-mBHI-p7_GUT_GENOME001329,0
77,GUT_GENOME001329_A10-e003Coalescence-mBHI-p7_annotated_abundance_GUT_GENOME001329_8_abundances_trial_001,workflow/abundance_files/GUT_GENOME001329/A10-e003Coalescence-mBHI-p7_annotated_abundance_GUT_GENOME001329_8_abundances.txt,GUT_GENOME001329,8,False,A10-e003Coalescence-mBHI-p7,A10-e003Coalescence-mBHI-p7_GUT_GENOME001329,1
78,GUT_GENOME034180_A10-e003Coalescence-mBHI-p7_annotated_abundance_GUT_GENOME034180_11_abundances_trial_000,workflow/abundance_files/GUT_GENOME034180/A10-e003Coalescence-mBHI-p7_annotated_abundance_GUT_GENOME034180_11_abundances.txt,GUT_GENOME034180,11,False,A10-e003Coalescence-mBHI-p7,A10-e003Coalescence-mBHI-p7_GUT_GENOME034180,0
79,GUT_GENOME034180_A10-e003Coalescence-mBHI-p7_annotated_abundance_GUT_GENOME034180_11_abundances_trial_001,workflow/abundance_files/GUT_GENOME034180/A10-e003Coalescence-mBHI-p7_annotated_abundance_GUT_GENOME034180_11_abundances.txt,GUT_GENOME034180,11,False,A10-e003Coalescence-mBHI-p7,A10-e003Coalescence-mBHI-p7_GUT_GENOME034180,1
80,GUT_GENOME034180_G8-e003Coalescence-mBHI-p7_S125_annotated_abundance_GUT_GENOME034180_0_abundances_trial_000,workflow/abundance_files/GUT_GENOME034180/G8-e003Coalescence-mBHI-p7_S125_annotated_abundance_GUT_GENOME034180_0_abundances.txt,GUT_GENOME034180,0,False,G8-e003Coalescence-mBHI-p7,G8-e003Coalescence-mBHI-p7_GUT_GENOME034180,0
81,GUT_GENOME034180_G8-e003Coalescence-mBHI-p7_S125_annotated_abundance_GUT_GENOME034180_0_abundances_trial_001,workflow/abundance_files/GUT_GENOME034180/G8-e003Coalescence-mBHI-p7_S125_annotated_abundance_GUT_GENOME034180_0_abundances.txt,GUT_GENOME034180,0,False,G8-e003Coalescence-mBHI-p7,G8-e003Coalescence-mBHI-p7_GUT_GENOME034180,1
82,GUT_GENOME034180_A10-e003Coalescence-mBHI-p7_annotated_abundance_GUT_GENOME034180_4_abundances_trial_000,workflow/abundance_files/GUT_GENOME034180/A10-e003Coalescence-mBHI-p7_annotated_abundance_GUT_GENOME034180_4_abundances.txt,GUT_GENOME034180,4,False,A10-e003Coalescence-mBHI-p7,A10-e003Coalescence-mBHI-p7_GUT_GENOME034180,0
83,GUT_GENOME034180_A10-e003Coalescence-mBHI-p7_annotated_abundance_GUT_GENOME034180_4_abundances_trial_001,workflow/abundance_files/GUT_GENOME034180/A10-e003Coalescence-mBHI-p7_annotated_abundance_GUT_GENOME034180_4_abundances.txt,GUT_GENOME034180,4,False,A10-e003Coalescence-mBHI-p7,A10-e003Coalescence-mBHI-p7_GUT_GENOME034180,1
84,GUT_GENOME034180_G8-e003Coalescence-mBHI-p7_S125_annotated_abundance_GUT_GENOME034180_5_abundances_trial_000,workflow/abundance_files/GUT_GENOME034180/G8-e003Coalescence-mBHI-p7_S125_annotated_abundance_GUT_GENOME034180_5_abundances.txt,GUT_GENOME034180,5,False,G8-e003Coalescence-mBHI-p7,G8-e003Coalescence-mBHI-p7_GUT_GENOME034180,0
85,GUT_GENOME034180_G8-e003Coalescence-mBHI-p7_S125_annotated_abundance_GUT_GENOME034180_5_abundances_trial_001,workflow/abundance_files/GUT_GENOME034180/G8-e003Coalescence-mBHI-p7_S125_annotated_abundance_GUT_GENOME034180_5_abundances.txt,GUT_GENOME034180,5,False,G8-e003Coalescence-mBHI-p7,G8-e003Coalescence-mBHI-p7_GUT_GENOME034180,1
86,GUT_GENOME034180_G8-e003Coalescence-mBHI-p7_S125_annotated_abundance_GUT_GENOME034180_4_abundances_trial_000,workflow/abundance_files/GUT_GENOME034180/G8-e003Coalescence-mBHI-p7_S125_annotated_abundance_GUT_GENOME034180_4_abundances.txt,GUT_GENOME034180,4,False,G8-e003Coalescence-mBHI-p7,G8-e003Coalescence-mBHI-p7_GUT_GENOME034180,0
87,GUT_GENOME034180_G8-e003Coalescence-mBHI-p7_S125_annotated_abundance_GUT_GENOME034180_4_abundances_trial_001,workflow/abundance_files/GUT_GENOME034180/G8-e003Coalescence-mBHI-p7_S125_annotated_abundance_GUT_GENOME034180_4_abundances.txt,GUT_GENOME034180,4,False,G8-e003Coalescence-mBHI-p7,G8-e003Coalescence-mBHI-p7_GUT_GENOME034180,1
88,GUT_GENOME034180_A10-e003Coalescence-mBHI-p7_annotated_abundance_GUT_GENOME034180_2_abundances_trial_000,workflow/abundance_files/GUT_GENOME034180/A10-e003Coalescence-mBHI-p7_annotated_abundance_GUT_GENOME034180_2_abundances.txt,GUT_GENOME034180,2,False,A10-e003Coalescence-mBHI-p7,A10-e003Coalescence-mBHI-p7_GUT_GENOME034180,0
89,GUT_GENOME034180_A10-e003Coalescence-mBHI-p7_annotated_abundance_GUT_GENOME034180_2_abundances_trial_001,workflow/abundance_files/GUT_GENOME034180/A10-e003Coalescence-mBHI-p7_annotated_abundance_GUT_GENOME034180_2_abundances.txt,GUT_GENOME034180,2,False,A10-e003Coalescence-mBHI-p7,A10-e003Coalescence-mBHI-p7_GUT_GENOME034180,1
90,GUT_GENOME034180_A10-e003Coalescence-mBHI-p7_annotated_abundance_GUT_GENOME034180_12_abundances_trial_000,workflow/abundance_files/GUT_GENOME034180/A10-e003Coalescence-mBHI-p7_annotated_abundance_GUT_GENOME034180_12_abundances.txt,GUT_GENOME034180,12,True,A10-e003Coalescence-mBHI-p7,A10-e003Coalescence-mBHI-p7_GUT_GENOME034180,0
91,GUT_GENOME034180_A10-e003Coalescence-mBHI-p7_annotated_abundance_GUT_GENOME034180_12_abundances_trial_001,workflow/abundance_files/GUT_GENOME034180/A10-e003Coalescence-mBHI-p7_annotated_abundance_GUT_GENOME034180_12_abundances.txt,GUT_GENOME034180,12,True,A10-e003Coalescence-mBHI-p7,A10-e003Coalescence-mBHI-p7_GUT_GENOME034180,1
92,GUT_GENOME034180_A10-e003Coalescence-mBHI-p7_annotated_abundance_GUT_GENOME034180_1_abundances_trial_000,workflow/abundance_files/GUT_GENOME034180/A10-e003Coalescence-mBHI-p7_annotated_abundance_GUT_GENOME034180_1_abundances.txt,GUT_GENOME034180,1,False,A10-e003Coalescence-mBHI-p7,A10-e003Coalescence-mBHI-p7_GUT_GENOME034180,0
93,GUT_GENOME034180_A10-e003Coalescence-mBHI-p7_annotated_abundance_GUT_GENOME034180_1_abundances_trial_001,workflow/abundance_files/GUT_GENOME034180/A10-e003Coalescence-mBHI-p7_annotated_abundance_GUT_GENOME034180_1_abundances.txt,GUT_GENOME034180,1,False,A10-e003Coalescence-mBHI-p7,A10-e003Coalescence-mBHI-p7_GUT_GENOME034180,1
94,GUT_GENOME034180_A10-e003Coalescence-mBHI-p7_annotated_abundance_GUT_GENOME034180_0_abundances_trial_000,workflow/abundance_files/GUT_GENOME034180/A10-e003Coalescence-mBHI-p7_annotated_abundance_GUT_GENOME034180_0_abundances.txt,GUT_GENOME034180,0,False,A10-e003Coalescence-mBHI-p7,A10-e003Coalescence-mBHI-p7_GUT_GENOME034180,0
95,GUT_GENOME034180_A10-e003Coalescence-mBHI-p7_annotated_abundance_GUT_GENOME034180_0_abundances_trial_001,workflow/abundance_files/GUT_GENOME034180/A10-e003Coalescence-mBHI-p7_annotated_abundance_GUT_GENOME034180_0_abundances.txt,GUT_GENOME034180,0,False,A10-e003Coalescence-mBHI-p7,A10-e003Coalescence-mBHI-p7_GUT_GENOME034180,1
96,GUT_GENOME034180_A10-e003Coalescence-mBHI-p7_annotated_abundance_GUT_GENOME034180_10_abundances_trial_000,workflow/abundance_files/GUT_GENOME034180/A10-e003Coalescence-mBHI-p7_annotated_abundance_GUT_GENOME034180_10_abundances.txt,GUT_GENOME034180,10,False,A10-e003Coalescence-mBHI-p7,A10-e003Coalescence-mBHI-p7_GUT_GENOME034180,0
97,GUT_GENOME034180_A10-e003Coalescence-mBHI-p7_annotated_abundance_GUT_GENOME034180_10_abundances_trial_001,workflow/abundance_files/GUT_GENOME034180/A10-e003Coalescence-mBHI-p7_annotated_abundance_GUT_GENOME034180_10_abundances.txt,GUT_GENOME034180,10,False,A10-e003Coalescence-mBHI-p7,A10-e003Coalescence-mBHI-p7_GUT_GENOME034180,1
98,GUT_GENOME034180_A10-e003Coalescence-mBHI-p7_annotated_abundance_GUT_GENOME034180_9_abundances_trial_000,workflow/abundance_files/GUT_GENOME034180/A10-e003Coalescence-mBHI-p7_annotated_abundance_GUT_GENOME034180_9_abundances.txt,GUT_GENOME034180,9,False,A10-e003Coalescence-mBHI-p7,A10-e003Coalescence-mBHI-p7_GUT_GENOME034180,0
99,GUT_GENOME034180_A10-e003Coalescence-mBHI-p7_annotated_abundance_GUT_GENOME034180_9_abundances_trial_001,workflow/abundance_files/GUT_GENOME034180/A10-e003Coalescence-mBHI-p7_annotated_abundance_GUT_GENOME034180_9_abundances.txt,GUT_GENOME034180,9,False,A10-e003Coalescence-mBHI-p7,A10-e003Coalescence-mBHI-p7_GUT_GENOME034180,1
100,GUT_GENOME034180_A10-e003Coalescence-mBHI-p7_annotated_abundance_GUT_GENOME034180_3_abundances_trial_000,workflow/abundance_files/GUT_GENOME034180/A10-e003Coalescence-mBHI-p7_annotated_abundance_GUT_GENOME034180_3_abundances.txt,GUT_GENOME034180,3,False,A10-e003Coalescence-mBHI-p7,A10-e003Coalescence-mBHI-p7_GUT_GENOME034180,0
101,GUT_GENOME034180_A10-e003Coalescence-mBHI-p7_annotated_abundance_GUT_GENOME034180_3_abundances_trial_001,workflow/abundance_files/GUT_GENOME034180/A10-e003Coalescence-mBHI-p7_annotated_abundance_GUT_GENOME034180_3_abundances.txt,GUT_GENOME034180,3,False,A10-e003Coalescence-mBHI-p7,A10-e003Coalescence-mBHI-p7_GUT_GENOME034180,1
102,GUT_GENOME034180_G8-e003Coalescence-mBHI-p7_S125_annotated_abundance_GUT_GENOME034180_3_abundances_trial_000,workflow/abundance_files/GUT_GENOME034180/G8-e003Coalescence-mBHI-p7_S125_annotated_abundance_GUT_GENOME034180_3_abundances.txt,GUT_GENOME034180,3,False,G8-e003Coalescence-mBHI-p7,G8-e003Coalescence-mBHI-p7_GUT_GENOME034180,0
103,GUT_GENOME034180_G8-e003Coalescence-mBHI-p7_S125_annotated_abundance_GUT_GENOME034180_3_abundances_trial_001,workflow/abundance_files/GUT_GENOME034180/G8-e003Coalescence-mBHI-p7_S125_annotated_abundance_GUT_GENOME034180_3_abundances.txt,GUT_GENOME034180,3,False,G8-e003Coalescence-mBHI-p7,G8-e003Coalescence-mBHI-p7_GUT_GENOME034180,1
104,GUT_GENOME034180_A10-e003Coalescence-mBHI-p7_annotated_abundance_GUT_GENOME034180_5_abundances_trial_000,workflow/abundance_files/GUT_GENOME034180/A10-e003Coalescence-mBHI-p7_annotated_abundance_GUT_GENOME034180_5_abundances.txt,GUT_GENOME034180,5,False,A10-e003Coalescence-mBHI-p7,A10-e003Coalescence-mBHI-p7_GUT_GENOME034180,0
105,GUT_GENOME034180_A10-e003Coalescence-mBHI-p7_annotated_abundance_GUT_GENOME034180_5_abundances_trial_001,workflow/abundance_files/GUT_GENOME034180/A10-e003Coalescence-mBHI-p7_annotated_abundance_GUT_GENOME034180_5_abundances.txt,GUT_GENOME034180,5,False,A10-e003Coalescence-mBHI-p7,A10-e003Coalescence-mBHI-p7_GUT_GENOME034180,1
106,GUT_GENOME034180_A10-e003Coalescence-mBHI-p7_annotated_abundance_GUT_GENOME034180_8_abundances_trial_000,workflow/abundance_files/GUT_GENOME034180/A10-e003Coalescence-mBHI-p7_annotated_abundance_GUT_GENOME034180_8_abundances.txt,GUT_GENOME034180,8,False,A10-e003Coalescence-mBHI-p7,A10-e003Coalescence-mBHI-p7_GUT_GENOME034180,0
107,GUT_GENOME034180_A10-e003Coalescence-mBHI-p7_annotated_abundance_GUT_GENOME034180_8_abundances_trial_001,workflow/abundance_files/GUT_GENOME034180/A10-e003Coalescence-mBHI-p7_annotated_abundance_GUT_GENOME034180_8_abundances.txt,GUT_GENOME034180,8,False,A10-e003Coalescence-mBHI-p7,A10-e003Coalescence-mBHI-p7_GUT_GENOME034180,1
108,GUT_GENOME034180_G8-e003Coalescence-mBHI-p7_S125_annotated_abundance_GUT_GENOME034180_1_abundances_trial_000,workflow/abundance_files/GUT_GENOME034180/G8-e003Coalescence-mBHI-p7_S125_annotated_abundance_GUT_GENOME034180_1_abundances.txt,GUT_GENOME034180,1,False,G8-e003Coalescence-mBHI-p7,G8-e003Coalescence-mBHI-p7_GUT_GENOME034180,0
109,GUT_GENOME034180_G8-e003Coalescence-mBHI-p7_S125_annotated_abundance_GUT_GENOME034180_1_abundances_trial_001,workflow/abundance_files/GUT_GENOME034180/G8-e003Coalescence-mBHI-p7_S125_annotated_abundance_GUT_GENOME034180_1_abundances.txt,GUT_GENOME034180,1,False,G8-e003Coalescence-mBHI-p7,G8-e003Coalescence-mBHI-p7_GUT_GENOME034180,1
110,GUT_GENOME034180_G8-e003Coalescence-mBHI-p7_S125_annotated_abundance_GUT_GENOME034180_2_abundances_trial_000,workflow/abundance_files/GUT_GENOME034180/G8-e003Coalescence-mBHI-p7_S125_annotated_abundance_GUT_GENOME034180_2_abundances.txt,GUT_GENOME034180,2,False,G8-e003Coalescence-mBHI-p7,G8-e003Coalescence-mBHI-p7_GUT_GENOME034180,0
111,GUT_GENOME034180_G8-e003Coalescence-mBHI-p7_S125_annotated_abundance_GUT_GENOME034180_2_abundances_trial_001,workflow/abundance_files/GUT_GENOME034180/G8-e003Coalescence-mBHI-p7_S125_annotated_abundance_GUT_GENOME034180_2_abundances.txt,GUT_GENOME034180,2,False,G8-e003Coalescence-mBHI-p7,G8-e003Coalescence-mBHI-p7_GUT_GENOME034180,1
112,GUT_GENOME034180_A10-e003Coalescence-mBHI-p7_annotated_abundance_GUT_GENOME034180_6_abundances_trial_000,workflow/abundance_files/GUT_GENOME034180/A10-e003Coalescence-mBHI-p7_annotated_abundance_GUT_GENOME034180_6_abundances.txt,GUT_GENOME034180,6,False,A10-e003Coalescence-mBHI-p7,A10-e003Coalescence-mBHI-p7_GUT_GENOME034180,0
113,GUT_GENOME034180_A10-e003Coalescence-mBHI-p7_annotated_abundance_GUT_GENOME034180_6_abundances_trial_001,workflow/abundance_files/GUT_GENOME034180/A10-e003Coalescence-mBHI-p7_annotated_abundance_GUT_GENOME034180_6_abundances.txt,GUT_GENOME034180,6,False,A10-e003Coalescence-mBHI-p7,A10-e003Coalescence-mBHI-p7_GUT_GENOME034180,1
114,GUT_GENOME034180_A10-e003Coalescence-mBHI-p7_annotated_abundance_GUT_GENOME034180_7_abundances_trial_000,workflow/abundance_files/GUT_GENOME034180/A10-e003Coalescence-mBHI-p7_annotated_abundance_GUT_GENOME034180_7_abundances.txt,GUT_GENOME034180,7,False,A10-e003Coalescence-mBHI-p7,A10-e003Coalescence-mBHI-p7_GUT_GENOME034180,0
115,GUT_GENOME034180_A10-e003Coalescence-mBHI-p7_annotated_abundance_GUT_GENOME034180_7_abundances_trial_001,workflow/abundance_files/GUT_GENOME034180/A10-e003Coalescence-mBHI-p7_annotated_abundance_GUT_GENOME034180_7_abundances.txt,GUT_GENOME034180,7,False,A10-e003Coalescence-mBHI-p7,A10-e003Coalescence-mBHI-p7_GUT_GENOME034180,1
116,GUT_GENOME001553_G8-e003Coalescence-mBHI-p7_S125_annotated_abundance_GUT_GENOME001553_5_abundances_trial_000,workflow/abundance_files/GUT_GENOME001553/G8-e003Coalescence-mBHI-p7_S125_annotated_abundance_GUT_GENOME001553_5_abundances.txt,GUT_GENOME001553,5,False,G8-e003Coalescence-mBHI-p7,G8-e003Coalescence-mBHI-p7_GUT_GENOME001553,0
117,GUT_GENOME001553_G8-e003Coalescence-mBHI-p7_S125_annotated_abundance_GUT_GENOME001553_5_abundances_trial_001,workflow/abundance_files/GUT_GENOME001553/G8-e003Coalescence-mBHI-p7_S125_annotated_abundance_GUT_GENOME001553_5_abundances.txt,GUT_GENOME001553,5,False,G8-e003Coalescence-mBHI-p7,G8-e003Coalescence-mBHI-p7_GUT_GENOME001553,1
118,GUT_GENOME001553_A10-e003Coalescence-mBHI-p7_annotated_abundance_GUT_GENOME001553_10_abundances_trial_000,workflow/abundance_files/GUT_GENOME001553/A10-e003Coalescence-mBHI-p7_annotated_abundance_GUT_GENOME001553_10_abundances.txt,GUT_GENOME001553,10,False,A10-e003Coalescence-mBHI-p7,A10-e003Coalescence-mBHI-p7_GUT_GENOME001553,0
119,GUT_GENOME001553_A10-e003Coalescence-mBHI-p7_annotated_abundance_GUT_GENOME001553_10_abundances_trial_001,workflow/abundance_files/GUT_GENOME001553/A10-e003Coalescence-mBHI-p7_annotated_abundance_GUT_GENOME001553_10_abundances.txt,GUT_GENOME001553,10,False,A10-e003Coalescence-mBHI-p7,A10-e003Coalescence-mBHI-p7_GUT_GENOME001553,1
120,GUT_GENOME001553_G8-e003Coalescence-mBHI-p7_S125_annotated_abundance_GUT_GENOME001553_1_abundances_trial_000,workflow/abundance_files/GUT_GENOME001553/G8-e003Coalescence-mBHI-p7_S125_annotated_abundance_GUT_GENOME001553_1_abundances.txt,GUT_GENOME001553,1,False,G8-e003Coalescence-mBHI-p7,G8-e003Coalescence-mBHI-p7_GUT_GENOME001553,0
121,GUT_GENOME001553_G8-e003Coalescence-mBHI-p7_S125_annotated_abundance_GUT_GENOME001553_1_abundances_trial_001,workflow/abundance_files/GUT_GENOME001553/G8-e003Coalescence-mBHI-p7_S125_annotated_abundance_GUT_GENOME001553_1_abundances.txt,GUT_GENOME001553,1,False,G8-e003Coalescence-mBHI-p7,G8-e003Coalescence-mBHI-p7_GUT_GENOME001553,1
122,GUT_GENOME001553_G8-e003Coalescence-mBHI-p7_S125_annotated_abundance_GUT_GENOME001553_9_abundances_trial_000,workflow/abundance_files/GUT_GENOME001553/G8-e003Coalescence-mBHI-p7_S125_annotated_abundance_GUT_GENOME001553_9_abundances.txt,GUT_GENOME001553,9,False,G8-e003Coalescence-mBHI-p7,G8-e003Coalescence-mBHI-p7_GUT_GENOME001553,0
123,GUT_GENOME001553_G8-e003Coalescence-mBHI-p7_S125_annotated_abundance_GUT_GENOME001553_9_abundances_trial_001,workflow/abundance_files/GUT_GENOME001553/G8-e003Coalescence-mBHI-p7_S125_annotated_abundance_GUT_GENOME001553_9_abundances.txt,GUT_GENOME001553,9,False,G8-e003Coalescence-mBHI-p7,G8-e003Coalescence-mBHI-p7_GUT_GENOME001553,1
124,GUT_GENOME001553_A10-e003Coalescence-mBHI-p7_annotated_abundance_GUT_GENOME001553_12_abundances_trial_000,workflow/abundance_files/GUT_GENOME001553/A10-e003Coalescence-mBHI-p7_annotated_abundance_GUT_GENOME001553_12_abundances.txt,GUT_GENOME001553,12,True,A10-e003Coalescence-mBHI-p7,A10-e003Coalescence-mBHI-p7_GUT_GENOME001553,0
125,GUT_GENOME001553_A10-e003Coalescence-mBHI-p7_annotated_abundance_GUT_GENOME001553_12_abundances_trial_001,workflow/abundance_files/GUT_GENOME001553/A10-e003Coalescence-mBHI-p7_annotated_abundance_GUT_GENOME001553_12_abundances.txt,GUT_GENOME001553,12,True,A10-e003Coalescence-mBHI-p7,A10-e003Coalescence-mBHI-p7_GUT_GENOME001553,1
126,GUT_GENOME001553_G8-e003Coalescence-mBHI-p7_S125_annotated_abundance_GUT_GENOME001553_2_abundances_trial_000,workflow/abundance_files/GUT_GENOME001553/G8-e003Coalescence-mBHI-p7_S125_annotated_abundance_GUT_GENOME001553_2_abundances.txt,GUT_GENOME001553,2,False,G8-e003Coalescence-mBHI-p7,G8-e003Coalescence-mBHI-p7_GUT_GENOME001553,0
127,GUT_GENOME001553_G8-e003Coalescence-mBHI-p7_S125_annotated_abundance_GUT_GENOME001553_2_abundances_trial_001,workflow/abundance_files/GUT_GENOME001553/G8-e003Coalescence-mBHI-p7_S125_annotated_abundance_GUT_GENOME001553_2_abundances.txt,GUT_GENOME001553,2,False,G8-e003Coalescence-mBHI-p7,G8-e003Coalescence-mBHI-p7_GUT_GENOME001553,1
128,GUT_GENOME001553_A10-e003Coalescence-mBHI-p7_annotated_abundance_GUT_GENOME001553_5_abundances_trial_000,workflow/abundance_files/GUT_GENOME001553/A10-e003Coalescence-mBHI-p7_annotated_abundance_GUT_GENOME001553_5_abundances.txt,GUT_GENOME001553,5,False,A10-e003Coalescence-mBHI-p7,A10-e003Coalescence-mBHI-p7_GUT_GENOME001553,0
129,GUT_GENOME001553_A10-e003Coalescence-mBHI-p7_annotated_abundance_GUT_GENOME001553_5_abundances_trial_001,workflow/abundance_files/GUT_GENOME001553/A10-e003Coalescence-mBHI-p7_annotated_abundance_GUT_GENOME001553_5_abundances.txt,GUT_GENOME001553,5,False,A10-e003Coalescence-mBHI-p7,A10-e003Coalescence-mBHI-p7_GUT_GENOME001553,1
130,GUT_GENOME001553_A10-e003Coalescence-mBHI-p7_annotated_abundance_GUT_GENOME001553_0_abundances_trial_000,workflow/abundance_files/GUT_GENOME001553/A10-e003Coalescence-mBHI-p7_annotated_abundance_GUT_GENOME001553_0_abundances.txt,GUT_GENOME001553,0,False,A10-e003Coalescence-mBHI-p7,A10-e003Coalescence-mBHI-p7_GUT_GENOME001553,0
131,GUT_GENOME001553_A10-e003Coalescence-mBHI-p7_annotated_abundance_GUT_GENOME001553_0_abundances_trial_001,workflow/abundance_files/GUT_GENOME001553/A10-e003Coalescence-mBHI-p7_annotated_abundance_GUT_GENOME001553_0_abundances.txt,GUT_GENOME001553,0,False,A10-e003Coalescence-mBHI-p7,A10-e003Coalescence-mBHI-p7_GUT_GENOME001553,1
132,GUT_GENOME001553_G8-e003Coalescence-mBHI-p7_S125_annotated_abundance_GUT_GENOME001553_8_abundances_trial_000,workflow/abundance_files/GUT_GENOME001553/G8-e003Coalescence-mBHI-p7_S125_annotated_abundance_GUT_GENOME001553_8_abundances.txt,GUT_GENOME001553,8,False,G8-e003Coalescence-mBHI-p7,G8-e003Coalescence-mBHI-p7_GUT_GENOME001553,0
133,GUT_GENOME001553_G8-e003Coalescence-mBHI-p7_S125_annotated_abundance_GUT_GENOME001553_8_abundances_trial_001,workflow/abundance_files/GUT_GENOME001553/G8-e003Coalescence-mBHI-p7_S125_annotated_abundance_GUT_GENOME001553_8_abundances.txt,GUT_GENOME001553,8,False,G8-e003Coalescence-mBHI-p7,G8-e003Coalescence-mBHI-p7_GUT_GENOME001553,1
134,GUT_GENOME001553_G8-e003Coalescence-mBHI-p7_S125_annotated_abundance_GUT_GENOME001553_6_abundances_trial_000,workflow/abundance_files/GUT_GENOME001553/G8-e003Coalescence-mBHI-p7_S125_annotated_abundance_GUT_GENOME001553_6_abundances.txt,GUT_GENOME001553,6,False,G8-e003Coalescence-mBHI-p7,G8-e003Coalescence-mBHI-p7_GUT_GENOME001553,0
135,GUT_GENOME001553_G8-e003Coalescence-mBHI-p7_S125_annotated_abundance_GUT_GENOME001553_6_abundances_trial_001,workflow/abundance_files/GUT_GENOME001553/G8-e003Coalescence-mBHI-p7_S125_annotated_abundance_GUT_GENOME001553_6_abundances.txt,GUT_GENOME001553,6,False,G8-e003Coalescence-mBHI-p7,G8-e003Coalescence-mBHI-p7_GUT_GENOME001553,1
136,GUT_GENOME001553_A10-e003Coalescence-mBHI-p7_annotated_abundance_GUT_GENOME001553_2_abundances_trial_000,workflow/abundance_files/GUT_GENOME001553/A10-e003Coalescence-mBHI-p7_annotated_abundance_GUT_GENOME001553_2_abundances.txt,GUT_GENOME001553,2,False,A10-e003Coalescence-mBHI-p7,A10-e003Coalescence-mBHI-p7_GUT_GENOME001553,0
137,GUT_GENOME001553_A10-e003Coalescence-mBHI-p7_annotated_abundance_GUT_GENOME001553_2_abundances_trial_001,workflow/abundance_files/GUT_GENOME001553/A10-e003Coalescence-mBHI-p7_annotated_abundance_GUT_GENOME001553_2_abundances.txt,GUT_GENOME001553,2,False,A10-e003Coalescence-mBHI-p7,A10-e003Coalescence-mBHI-p7_GUT_GENOME001553,1
138,GUT_GENOME001553_A10-e003Coalescence-mBHI-p7_annotated_abundance_GUT_GENOME001553_11_abundances_trial_000,workflow/abundance_files/GUT_GENOME001553/A10-e003Coalescence-mBHI-p7_annotated_abundance_GUT_GENOME001553_11_abundances.txt,GUT_GENOME001553,11,False,A10-e003Coalescence-mBHI-p7,A10-e003Coalescence-mBHI-p7_GUT_GENOME001553,0
139,GUT_GENOME001553_A10-e003Coalescence-mBHI-p7_annotated_abundance_GUT_GENOME001553_11_abundances_trial_001,workflow/abundance_files/GUT_GENOME001553/A10-e003Coalescence-mBHI-p7_annotated_abundance_GUT_GENOME001553_11_abundances.txt,GUT_GENOME001553,11,False,A10-e003Coalescence-mBHI-p7,A10-e003Coalescence-mBHI-p7_GUT_GENOME001553,1
140,GUT_GENOME001553_A10-e003Coalescence-mBHI-p7_annotated_abundance_GUT_GENOME001553_8_abundances_trial_000,workflow/abundance_files/GUT_GENOME001553/A10-e003Coalescence-mBHI-p7_annotated_abundance_GUT_GENOME001553_8_abundances.txt,GUT_GENOME001553,8,False,A10-e003Coalescence-mBHI-p7,A10-e003Coalescence-mBHI-p7_GUT_GENOME001553,0
141,GUT_GENOME001553_A10-e003Coalescence-mBHI-p7_annotated_abundance_GUT_GENOME001553_8_abundances_trial_001,workflow/abundance_files/GUT_GENOME001553/A10-e003Coalescence-mBHI-p7_annotated_abundance_GUT_GENOME001553_8_abundances.txt,GUT_GENOME001553,8,False,A10-e003Coalescence-mBHI-p7,A10-e003Coalescence-mBHI-p7_GUT_GENOME001553,1
142,GUT_GENOME001553_G8-e003Coalescence-mBHI-p7_S125_annotated_abundance_GUT_GENOME001553_12_abundances_trial_000,workflow/abundance_files/GUT_GENOME001553/G8-e003Coalescence-mBHI-p7_S125_annotated_abundance_GUT_GENOME001553_12_abundances.txt,GUT_GENOME001553,12,True,G8-e003Coalescence-mBHI-p7,G8-e003Coalescence-mBHI-p7_GUT_GENOME001553,0
143,GUT_GENOME001553_G8-e003Coalescence-mBHI-p7_S125_annotated_abundance_GUT_GENOME001553_12_abundances_trial_001,workflow/abundance_files/GUT_GENOME001553/G8-e003Coalescence-mBHI-p7_S125_annotated_abundance_GUT_GENOME001553_12_abundances.txt,GUT_GENOME001553,12,True,G8-e003Coalescence-mBHI-p7,G8-e003Coalescence-mBHI-p7_GUT_GENOME001553,1
144,GUT_GENOME001553_G8-e003Coalescence-mBHI-p7_S125_annotated_abundance_GUT_GENOME001553_7_abundances_trial_000,workflow/abundance_files/GUT_GENOME001553/G8-e003Coalescence-mBHI-p7_S125_annotated_abundance_GUT_GENOME001553_7_abundances.txt,GUT_GENOME001553,7,False,G8-e003Coalescence-mBHI-p7,G8-e003Coalescence-mBHI-p7_GUT_GENOME001553,0
145,GUT_GENOME001553_G8-e003Coalescence-mBHI-p7_S125_annotated_abundance_GUT_GENOME001553_7_abundances_trial_001,workflow/abundance_files/GUT_GENOME001553/G8-e003Coalescence-mBHI-p7_S125_annotated_abundance_GUT_GENOME001553_7_abundances.txt,GUT_GENOME001553,7,False,G8-e003Coalescence-mBHI-p7,G8-e003Coalescence-mBHI-p7_GUT_GENOME001553,1
146,GUT_GENOME001553_A10-e003Coalescence-mBHI-p7_annotated_abundance_GUT_GENOME001553_7_abundances_trial_000,workflow/abundance_files/GUT_GENOME001553/A10-e003Coalescence-mBHI-p7_annotated_abundance_GUT_GENOME001553_7_abundances.txt,GUT_GENOME001553,7,False,A10-e003Coalescence-mBHI-p7,A10-e003Coalescence-mBHI-p7_GUT_GENOME001553,0
147,GUT_GENOME001553_A10-e003Coalescence-mBHI-p7_annotated_abundance_GUT_GENOME001553_7_abundances_trial_001,workflow/abundance_files/GUT_GENOME001553/A10-e003Coalescence-mBHI-p7_annotated_abundance_GUT_GENOME001553_7_abundances.txt,GUT_GENOME001553,7,False,A10-e003Coalescence-mBHI-p7,A10-e003Coalescence-mBHI-p7_GUT_GENOME001553,1
148,GUT_GENOME001553_A10-e003Coalescence-mBHI-p7_annotated_abundance_GUT_GENOME001553_4_abundances_trial_000,workflow/abundance_files/GUT_GENOME001553/A10-e003Coalescence-mBHI-p7_annotated_abundance_GUT_GENOME001553_4_abundances.txt,GUT_GENOME001553,4,False,A10-e003Coalescence-mBHI-p7,A10-e003Coalescence-mBHI-p7_GUT_GENOME001553,0
149,GUT_GENOME001553_A10-e003Coalescence-mBHI-p7_annotated_abundance_GUT_GENOME001553_4_abundances_trial_001,workflow/abundance_files/GUT_GENOME001553/A10-e003Coalescence-mBHI-p7_annotated_abundance_GUT_GENOME001553_4_abundances.txt,GUT_GENOME001553,4,False,A10-e003Coalescence-mBHI-p7,A10-e003Coalescence-mBHI-p7_GUT_GENOME001553,1
150,GUT_GENOME001553_A10-e003Coalescence-mBHI-p7_annotated_abundance_GUT_GENOME001553_1_abundances_trial_000,workflow/abundance_files/GUT_GENOME001553/A10-e003Coalescence-mBHI-p7_annotated_abundance_GUT_GENOME001553_1_abundances.txt,GUT_GENOME001553,1,False,A10-e003Coalescence-mBHI-p7,A10-e003Coalescence-mBHI-p7_GUT_GENOME001553,0
151,GUT_GENOME001553_A10-e003Coalescence-mBHI-p7_annotated_abundance_GUT_GENOME001553_1_abundances_trial_001,workflow/abundance_files/GUT_GENOME001553/A10-e003Coalescence-mBHI-p7_annotated_abundance_GUT_GENOME001553_1_abundances.txt,GUT_GENOME001553,1,False,A10-e003Coalescence-mBHI-p7,A10-e003Coalescence-mBHI-p7_GUT_GENOME001553,1
152,GUT_GENOME001553_A10-e003Coalescence-mBHI-p7_annotated_abundance_GUT_GENOME001553_6_abundances_trial_000,workflow/abundance_files/GUT_GENOME001553/A10-e003Coalescence-mBHI-p7_annotated_abundance_GUT_GENOME001553_6_abundances.txt,GUT_GENOME001553,6,False,A10-e003Coalescence-mBHI-p7,A10-e003Coalescence-mBHI-p7_GUT_GENOME001553,0
153,GUT_GENOME001553_A10-e003Coalescence-mBHI-p7_annotated_abundance_GUT_GENOME001553_6_abundances_trial_001,workflow/abundance_files/GUT_GENOME001553/A10-e003Coalescence-mBHI-p7_annotated_abundance_GUT_GENOME001553_6_abundances.txt,GUT_GENOME001553,6,False,A10-e003Coalescence-mBHI-p7,A10-e003Coalescence-mBHI-p7_GUT_GENOME001553,1
154,GUT_GENOME001553_G8-e003Coalescence-mBHI-p7_S125_annotated_abundance_GUT_GENOME001553_10_abundances_trial_000,workflow/abundance_files/GUT_GENOME001553/G8-e003Coalescence-mBHI-p7_S125_annotated_abundance_GUT_GENOME001553_10_abundances.txt,GUT_GENOME001553,10,False,G8-e003Coalescence-mBHI-p7,G8-e003Coalescence-mBHI-p7_GUT_GENOME001553,0
155,GUT_GENOME001553_G8-e003Coalescence-mBHI-p7_S125_annotated_abundance_GUT_GENOME001553_10_abundances_trial_001,workflow/abundance_files/GUT_GENOME001553/G8-e003Coalescence-mBHI-p7_S125_annotated_abundance_GUT_GENOME001553_10_abundances.txt,GUT_GENOME001553,10,False,G8-e003Coalescence-mBHI-p7,G8-e003Coalescence-mBHI-p7_GUT_GENOME001553,1
156,GUT_GENOME001553_G8-e003Coalescence-mBHI-p7_S125_annotated_abundance_GUT_GENOME001553_4_abundances_trial_000,workflow/abundance_files/GUT_GENOME001553/G8-e003Coalescence-mBHI-p7_S125_annotated_abundance_GUT_GENOME001553_4_abundances.txt,GUT_GENOME001553,4,False,G8-e003Coalescence-mBHI-p7,G8-e003Coalescence-mBHI-p7_GUT_GENOME001553,0
157,GUT_GENOME001553_G8-e003Coalescence-mBHI-p7_S125_annotated_abundance_GUT_GENOME001553_4_abundances_trial_001,workflow/abundance_files/GUT_GENOME001553/G8-e003Coalescence-mBHI-p7_S125_annotated_abundance_GUT_GENOME001553_4_abundances.txt,GUT_GENOME001553,4,False,G8-e003Coalescence-mBHI-p7,G8-e003Coalescence-mBHI-p7_GUT_GENOME001553,1
158,GUT_GENOME001553_G8-e003Coalescence-mBHI-p7_S125_annotated_abundance_GUT_GENOME001553_0_abundances_trial_000,workflow/abundance_files/GUT_GENOME001553/G8-e003Coalescence-mBHI-p7_S125_annotated_abundance_GUT_GENOME001553_0_abundances.txt,GUT_GENOME001553,0,False,G8-e003Coalescence-mBHI-p7,G8-e003Coalescence-mBHI-p7_GUT_GENOME001553,0
159,GUT_GENOME001553_G8-e003Coalescence-mBHI-p7_S125_annotated_abundance_GUT_GENOME001553_0_abundances_trial_001,workflow/abundance_files/GUT_GENOME001553/G8-e003Coalescence-mBHI-p7_S125_annotated_abundance_GUT_GENOME001553_0_abundances.txt,GUT_GENOME001553,0,False,G8-e003Coalescence-mBHI-p7,G8-e003Coalescence-mBHI-p7_GUT_GENOME001553,1
160,GUT_GENOME001553_A10-e003Coalescence-mBHI-p7_annotated_abundance_GUT_GENOME001553_9_abundances_trial_000,workflow/abundance_files/GUT_GENOME001553/A10-e003Coalescence-mBHI-p7_annotated_abundance_GUT_GENOME001553_9_abundances.txt,GUT_GENOME001553,9,False,A10-e003Coalescence-mBHI-p7,A10-e003Coalescence-mBHI-p7_GUT_GENOME001553,0
161,GUT_GENOME001553_A10-e003Coalescence-mBHI-p7_annotated_abundance_GUT_GENOME001553_9_abundances_trial_001,workflow/abundance_files/GUT_GENOME001553/A10-e003Coalescence-mBHI-p7_annotated_abundance_GUT_GENOME001553_9_abundances.txt,GUT_GENOME001553,9,False,A10-e003Coalescence-mBHI-p7,A10-e003Coalescence-mBHI-p7_GUT_GENOME001553,1
162,GUT_GENOME001553_G8-e003Coalescence-mBHI-p7_S125_annotated_abundance_GUT_GENOME001553_3_abundances_trial_000,workflow/abundance_files/GUT_GENOME001553/G8-e003Coalescence-mBHI-p7_S125_annotated_abundance_GUT_GENOME001553_3_abundances.txt,GUT_GENOME001553,3,False,G8-e003Coalescence-mBHI-p7,G8-e003Coalescence-mBHI-p7_GUT_GENOME001553,0
163,GUT_GENOME001553_G8-e003Coalescence-mBHI-p7_S125_annotated_abundance_GUT_GENOME001553_3_abundances_trial_001,workflow/abundance_files/GUT_GENOME001553/G8-e003Coalescence-mBHI-p7_S125_annotated_abundance_GUT_GENOME001553_3_abundances.txt,GUT_GENOME001553,3,False,G8-e003Coalescence-mBHI-p7,G8-e003Coalescence-mBHI-p7_GUT_GENOME001553,1
164,GUT_GENOME001553_G8-e003Coalescence-mBHI-p7_S125_annotated_abundance_GUT_GENOME001553_11_abundances_trial_000,workflow/abundance_files/GUT_GENOME001553/G8-e003Coalescence-mBHI-p7_S125_annotated_abundance_GUT_GENOME001553_11_abundances.txt,GUT_GENOME001553,11,False,G8-e003Coalescence-mBHI-p7,G8-e003Coalescence-mBHI-p7_GUT_GENOME001553,0
165,GUT_GENOME001553_G8-e003Coalescence-mBHI-p7_S125_annotated_abundance_GUT_GENOME001553_11_abundances_trial_001,workflow/abundance_files/GUT_GENOME001553/G8-e003Coalescence-mBHI-p7_S125_annotated_abundance_GUT_GENOME001553_11_abundances.txt,GUT_GENOME001553,11,False,G8-e003Coalescence-mBHI-p7,G8-e003Coalescence-mBHI-p7_GUT_GENOME001553,1
166,GUT_GENOME001553_A10-e003Coalescence-mBHI-p7_annotated_abundance_GUT_GENOME001553_3_abundances_trial_000,workflow/abundance_files/GUT_GENOME001553/A10-e003Coalescence-mBHI-p7_annotated_abundance_GUT_GENOME001553_3_abundances.txt,GUT_GENOME001553,3,False,A10-e003Coalescence-mBHI-p7,A10-e003Coalescence-mBHI-p7_GUT_GENOME001553,0
167,GUT_GENOME001553_A10-e003Coalescence-mBHI-p7_annotated_abundance_GUT_GENOME001553_3_abundances_trial_001,workflow/abundance_files/GUT_GENOME001553/A10-e003Coalescence-mBHI-p7_annotated_abundance_GUT_GENOME001553_3_abundances.txt,GUT_GENOME001553,3,False,A10-e003Coalescence-mBHI-p7,A10-e003Coalescence-mBHI-p7_GUT_GENOME001553,1
